product_id,total_reviews,avg_star_rating,avg_sentiment
0006641040,7,4.2857,0.6974
2734888454,1,2.0,0.6369
7310172001,34,4.7647,0.8575
7310172101,28,4.8214,0.9013
B00002N8SM,8,1.125,-0.1486
B00002Z754,2,5.0,0.8746
B00004CI84,29,4.2414,0.6055
B00004CXX9,29,4.5862,0.5956
B00004RAMS,5,2.6,-0.039
B00004RAMX,2,2.5,-0.504
B00004RAMY,31,3.871,-0.2249
B00004RBDU,18,4.2222,0.4302
B00004RBDW,10,4.0,0.139
B00004RBDZ,10,3.5,0.399
B00004RYGX,45,4.4889,0.7765
B00004S1C5,4,4.5,0.5485
B00004S1C6,11,4.3636,0.6175
B000052Y74,1,5.0,0.9402
B00005344V,3,5.0,0.4423
B0000537KC,2,4.0,0.3939
B00005C2M2,6,5.0,0.9191
B00005C2M3,1,5.0,0.5574
B00005IX96,2,5.0,0.977
B00005IX97,3,4.6667,0.8133
B00005IX98,2,5.0,0.9204
B00005OMWO,1,4.0,0.8658
B00005OMWQ,1,4.0,0.9666
B00005U2FA,10,4.8,0.7163
B000069KQW,1,5.0,0.9698
B00006FMLY,1,5.0,0.5267
B00006G930,2,3.5,0.782
B00006IDJO,1,1.0,0.9118
B00006IDK9,1,5.0,0.9468
B00006L2ZT,3,5.0,0.9777
B00006LL38,3,3.6667,0.3846
B00008433V,2,2.5,0.5004
B000084346,1,5.0,0.1868
B000084388,1,5.0,0.7845
B000084DVR,1,5.0,0.9763
B000084DWM,15,3.7333,0.6659
B000084DXS,1,5.0,0.9337
B000084DYL,1,3.0,0.0
B000084E66,2,4.5,0.344
B000084E6V,30,4.2667,0.7328
B000084E76,3,3.3333,0.8406
B000084E9M,1,5.0,0.9534
B000084EBL,1,5.0,0.3724
B000084EBO,1,5.0,0.9794
B000084EHL,1,5.0,0.8126
B000084EHT,2,5.0,0.2572
B000084EHV,1,5.0,-0.8996
B000084EIQ,1,1.0,0.6808
B000084EJO,1,4.0,-0.2023
B000084EJT,1,4.0,0.91
B000084EK4,1,3.0,0.9558
B000084EK7,1,4.0,0.939
B000084EK8,1,3.0,0.9665
B000084EK9,2,3.0,0.699
B000084EKG,1,5.0,0.9701
B000084EKW,1,5.0,0.9829
B000084EKY,1,5.0,0.9871
B000084ELB,1,5.0,0.6249
B000084EOH,1,5.0,0.9192
B000084ETV,32,3.875,0.6041
B000084EVG,1,5.0,0.6369
B000084EVH,1,5.0,0.8555
B000084EZ4,25,4.4,0.8102
B000084F04,9,3.8889,0.8412
B000084F1I,11,4.3636,0.7451
B000084F1O,1,5.0,0.9062
B000084F1Z,1,5.0,0.6369
B000084F3O,2,5.0,0.9463
B000084F3X,1,5.0,0.9628
B000084F5E,2,5.0,0.5849
B000084F5K,1,5.0,0.9486
B000084F62,1,5.0,0.7579
B000084F6F,5,4.8,0.9596
B000087BJ3,1,5.0,0.9836
B00008CQVA,21,4.4762,0.7839
B00008DFAM,1,5.0,0.1531
B00008DFK5,6,4.8333,0.7764
B00008DFOG,1,5.0,0.9756
B00008DFTP,1,5.0,0.8977
B00008GQ4F,4,3.0,0.447
B00008GQ50,1,5.0,0.9678
B00008JOL0,11,4.9091,0.7254
B00008MOI8,1,5.0,0.9844
B00008MOIF,2,1.0,-0.2724
B00008MOIK,1,3.0,0.9231
B00008MOJ2,2,4.5,0.4602
B00008O35V,1,5.0,0.8923
B00008Q37R,2,5.0,0.8172
B00008WUA9,2,4.0,0.3526
B000093HOV,1,4.0,0.9246
B000096OIV,1,5.0,0.6369
B00009KF1J,2,3.5,0.9176
B00009ND7A,1,5.0,0.9837
B0000A0BS8,1,5.0,0.9818
B0000A1ODP,1,5.0,0.4927
B0000A1OEF,1,2.0,0.6249
B0000AE5ZD,1,3.0,0.8651
B0000AE5ZE,2,4.0,0.7931
B0000AE623,1,3.0,0.7906
B0000AH3RM,2,5.0,0.8175
B0000AH3UK,1,4.0,0.8097
B0000AH9XL,1,5.0,-0.842
B0000AHA22,1,5.0,-0.25
B0000BXJIS,3,5.0,0.9411
B0000BXJIU,1,5.0,0.9887
B0000BYDG9,1,1.0,-0.8923
B0000C69FB,5,4.2,0.8201
B0000CA4TK,1,5.0,0.8593
B0000CAV3C,1,5.0,0.5423
B0000CCZYY,1,5.0,0.9778
B0000CD019,1,4.0,0.8519
B0000CD06J,5,4.0,0.671
B0000CD9V4,1,5.0,0.9313
B0000CDAY2,2,5.0,0.4814
B0000CDBPV,1,5.0,0.9062
B0000CDBPW,1,5.0,0.8176
B0000CDBPX,3,5.0,0.6908
B0000CDBQB,1,5.0,0.7351
B0000CDBQD,2,5.0,0.8963
B0000CDBQF,2,3.0,0.739
B0000CDBQL,2,5.0,0.9686
B0000CDBQN,1,5.0,0.883
B0000CDBQP,1,5.0,0.9544
B0000CDBQT,1,5.0,0.5267
B0000CDBQZ,1,2.0,0.7579
B0000CDBRA,3,4.6667,0.6607
B0000CDBRH,1,5.0,0.9349
B0000CDBRJ,2,5.0,0.8784
B0000CDBRK,1,5.0,0.5994
B0000CDBRM,6,4.3333,0.7265
B0000CDBRN,3,5.0,0.6424
B0000CDBRQ,1,5.0,0.9022
B0000CDBRV,1,5.0,0.8862
B0000CDEPD,1,5.0,0.7783
B0000CEPDP,6,4.3333,0.6019
B0000CEPED,4,3.75,0.7267
B0000CEQ6I,1,5.0,0.4404
B0000CEQAA,1,5.0,0.9118
B0000CER0J,1,5.0,0.829
B0000CER6Z,1,5.0,0.93
B0000CER9K,2,5.0,0.8668
B0000CERTG,1,5.0,0.9893
B0000CERXU,3,4.6667,0.8281
B0000CERYI,2,4.5,0.8767
B0000CERZK,1,1.0,0.0
B0000CERZN,2,3.5,0.2248
B0000CES0O,5,4.0,0.4563
B0000CEU6P,4,3.75,0.5566
B0000CEU6T,4,4.0,0.752
B0000CEU7D,4,2.75,0.3333
B0000CEU7J,1,1.0,-0.7717
B0000CEUAL,1,5.0,0.8316
B0000CF8T1,8,4.625,0.615
B0000CF90P,1,2.0,-0.7003
B0000CFH6P,1,3.0,0.5256
B0000CFH7B,1,1.0,-0.7351
B0000CFMU3,1,5.0,0.8016
B0000CFN0Y,9,4.8889,0.7476
B0000CFNGU,1,5.0,0.8074
B0000CFP3T,1,5.0,0.8658
B0000CFPI2,7,5.0,0.888
B0000CFXYA,3,3.6667,0.3899
B0000CG4I0,1,5.0,0.9709
B0000CGDUK,1,5.0,0.9711
B0000CGE1S,1,5.0,0.9524
B0000CGE3G,1,4.0,0.9231
B0000CGFG1,1,5.0,0.9042
B0000CGFGS,1,5.0,0.8126
B0000CGFH6,1,5.0,0.9832
B0000CH39R,3,3.6667,0.4933
B0000CH39S,1,4.0,0.5423
B0000CH3AU,1,3.0,0.886
B0000CH4F7,1,5.0,0.9882
B0000CH4FA,1,1.0,0.9061
B0000CH4GF,1,5.0,0.765
B0000CNTZL,1,5.0,0.9352
B0000CNU0N,1,1.0,0.9129
B0000CNU0R,1,4.0,0.5859
B0000CNU18,1,5.0,0.93
B0000CNU1J,1,5.0,0.7964
B0000CNU1S,1,4.0,0.7727
B0000CNU1X,2,5.0,0.307
B0000CNU2B,2,3.0,0.5714
B0000CNU2J,1,4.0,0.9661
B0000CNU2K,1,5.0,0.9274
B0000CNU3M,2,2.5,0.8084
B0000CNU59,1,5.0,0.863
B0000CNU5N,1,1.0,0.9538
B0000CNU5T,1,5.0,0.8126
B0000CNU6Q,1,5.0,0.875
B0000CNU78,1,3.0,0.9578
B0000D15YQ,4,3.25,0.6533
B0000D1675,1,5.0,0.0
B0000D16V0,1,1.0,-0.5267
B0000D17FW,1,5.0,0.8155
B0000D17HA,3,5.0,0.7804
B0000D17HK,1,4.0,0.8126
B0000D17NR,1,5.0,0.6908
B0000D17W5,1,4.0,0.8658
B0000D17XD,1,2.0,-0.5267
B0000D88B6,1,2.0,0.9382
B0000D89R5,1,5.0,0.9524
B0000D8DI0,3,2.3333,0.7861
B0000D9169,1,5.0,0.886
B0000D94OR,2,1.0,0.6234
B0000D94P1,1,3.0,0.7184
B0000D94PA,1,5.0,0.7839
B0000D94PG,1,3.0,0.9001
B0000D94RZ,1,3.0,0.9865
B0000D953W,1,5.0,0.9246
B0000D9541,1,5.0,0.8883
B0000D954D,1,4.0,0.9091
B0000D9589,2,4.0,0.427
B0000D958H,1,4.0,0.743
B0000D958O,1,1.0,0.8319
B0000D9MR9,1,3.0,0.9618
B0000D9MSD,1,5.0,0.9771
B0000D9MT1,1,5.0,0.9186
B0000D9MTS,1,5.0,0.7964
B0000D9MVT,1,5.0,0.7351
B0000D9MWT,1,5.0,0.9207
B0000D9MXL,1,5.0,0.765
B0000D9MXU,1,5.0,0.886
B0000D9MY3,1,1.0,0.2263
B0000D9MYM,1,5.0,0.9796
B0000D9MYO,1,4.0,0.979
B0000D9MZZ,1,5.0,0.936
B0000D9N0I,1,5.0,0.9413
B0000D9N17,1,4.0,0.9715
B0000D9N1H,3,5.0,0.859
B0000D9N38,1,5.0,0.983
B0000D9N4M,1,4.0,0.6597
B0000D9N50,1,5.0,0.9783
B0000D9N59,3,4.6667,0.8246
B0000D9N5P,1,1.0,-0.0516
B0000D9N63,2,4.5,0.7445
B0000D9N68,1,5.0,0.0
B0000D9N74,1,2.0,0.6915
B0000D9N7H,1,5.0,-0.2732
B0000D9N8O,2,4.5,0.775
B0000D9N9A,1,2.0,-0.1779
B0000D9N9S,2,5.0,0.7742
B0000D9N9X,1,3.0,0.4588
B0000D9NBV,1,1.0,0.4019
B0000D9NDG,1,5.0,0.8123
B0000DBN1F,1,5.0,0.9805
B0000DBN1H,1,5.0,0.9886
B0000DBN1I,3,5.0,0.8841
B0000DBN1L,3,4.0,0.2691
B0000DBN1M,1,5.0,0.93
B0000DBN1Q,2,4.5,0.7207
B0000DBN2F,3,5.0,0.8763
B0000DBN2G,2,4.0,-0.1844
B0000DBN2I,2,4.0,0.9131
B0000DCKCN,1,5.0,0.7287
B0000DCWWB,1,3.0,0.3612
B0000DCWWI,1,5.0,0.9445
B0000DCWX3,1,5.0,-0.1027
B0000DCWZA,1,5.0,0.4754
B0000DCX9P,1,5.0,0.7096
B0000DCXCM,1,5.0,0.7968
B0000DCXG0,2,5.0,0.6686
B0000DCYMM,1,5.0,0.9521
B0000DD8O9,1,1.0,-0.4019
B0000DF3FA,1,5.0,0.4588
B0000DF3M8,1,5.0,0.8658
B0000DF3Z7,1,4.0,0.9382
B0000DG4M5,1,5.0,0.9442
B0000DG4N9,2,5.0,-0.0917
B0000DG4NJ,4,3.75,0.065
B0000DG4NK,2,4.5,0.8028
B0000DG55M,2,5.0,-0.0015
B0000DG55P,1,5.0,0.7964
B0000DG566,1,5.0,0.7902
B0000DG56C,1,5.0,0.6913
B0000DG56P,2,3.0,0.2948
B0000DG57P,1,5.0,0.975
B0000DG57Y,1,5.0,-0.6249
B0000DG57Z,1,5.0,-0.6249
B0000DG586,2,2.0,0.6011
B0000DG58S,1,5.0,0.9895
B0000DG58T,1,5.0,0.9757
B0000DG596,1,4.0,-0.0701
B0000DG59Q,1,5.0,0.9312
B0000DG5A8,3,2.6667,0.293
B0000DG5AE,2,5.0,0.616
B0000DG5AO,1,5.0,0.9747
B0000DG5AP,1,5.0,0.7964
B0000DG5B2,1,5.0,0.9008
B0000DG5B6,1,5.0,0.9485
B0000DG5BN,1,2.0,0.7184
B0000DG5EE,1,5.0,0.9761
B0000DG71N,1,4.0,-0.0258
B0000DG71O,1,4.0,-0.0258
B0000DG71V,2,5.0,0.5144
B0000DG72J,1,5.0,0.7964
B0000DG72M,1,5.0,0.7964
B0000DG72N,1,5.0,0.7964
B0000DG72T,1,1.0,0.9451
B0000DG72U,1,5.0,0.8711
B0000DG733,1,5.0,0.875
B0000DG734,1,5.0,0.875
B0000DG86W,4,4.75,0.6676
B0000DG87B,1,5.0,0.5719
B0000DG8AR,2,2.5,0.2473
B0000DGD48,1,1.0,-0.7966
B0000DGD4G,1,1.0,-0.1027
B0000DGDLI,1,5.0,-0.7845
B0000DGDMO,2,3.0,0.3368
B0000DGDPF,1,5.0,0.7783
B0000DGF5S,7,4.2857,0.596
B0000DGF9V,15,4.0,0.6816
B0000DGFA9,8,4.0,0.534
B0000DGFAB,1,1.0,0.2263
B0000DGFAC,2,3.0,0.1484
B0000DGFCL,3,3.6667,0.9194
B0000DGFCO,7,3.5714,0.7463
B0000DGFCP,4,3.25,0.5737
B0000DGG1U,18,4.2778,0.7739
B0000DGG1V,1,5.0,-0.6976
B0000DGG22,3,2.6667,-0.1782
B0000DGG8B,3,3.3333,0.4856
B0000DGGMQ,1,1.0,0.8625
B0000DHZ3W,1,5.0,0.7003
B0000DHZ82,1,5.0,-0.5096
B0000DI06P,1,5.0,0.7506
B0000DI0KA,1,1.0,0.6705
B0000DID48,1,5.0,0.5563
B0000DID5Q,2,4.0,-0.0685
B0000DID5R,12,4.25,0.2319
B0000DID63,1,5.0,0.6597
B0000DID6J,1,5.0,-0.5106
B0000DID77,1,1.0,0.765
B0000DID78,1,5.0,0.9131
B0000DIEJ1,1,5.0,0.5719
B0000DISV2,1,5.0,0.0516
B0000DISV5,1,4.0,0.7717
B0000DIVUR,1,5.0,0.7003
B0000DIWR3,1,5.0,0.7906
B0000DIWWD,2,4.5,0.0389
B0000DIWWE,1,5.0,0.9773
B0000DIX2M,3,5.0,0.9044
B0000DIX2R,3,4.0,0.224
B0000DIXKS,1,3.0,0.7906
B0000DIXKU,3,2.6667,0.1997
B0000DIYIC,1,5.0,0.9584
B0000DIYIJ,1,5.0,0.9217
B0000DIYIN,1,5.0,0.3182
B0000DIYK0,1,5.0,0.9803
B0000DIYKD,1,3.0,0.7351
B0000DIYKE,3,4.6667,0.8456
B0000DIYKF,1,1.0,-0.1531
B0000DIYUZ,1,5.0,0.9217
B0000DIYX3,1,1.0,0.0772
B0000DJ6NG,2,3.0,-0.0066
B0000DJ7RX,5,4.6,0.8093
B0000DJ7SD,1,5.0,0.9246
B0000DJ7SJ,1,2.0,0.7184
B0000DJ7SR,5,3.6,0.9244
B0000DJ7SW,2,5.0,0.8609
B0000DJ7TL,7,3.7143,0.7943
B0000DJ7UH,1,1.0,0.5859
B0000DJ7Y8,1,4.0,0.8023
B0000DJ7Z6,3,5.0,0.907
B0000DJ89V,2,3.5,0.3734
B0000DJ8BW,1,3.0,-0.4767
B0000DJ9LW,2,5.0,0.9009
B0000DJDHN,2,2.5,0.5278
B0000DJDJR,1,5.0,0.9432
B0000DJDJZ,9,4.3333,0.7409
B0000DJDL4,2,5.0,0.9007
B0000DJT38,1,5.0,0.9451
B0000DJT3C,5,4.2,0.4844
B0000DJYWR,1,5.0,0.8911
B0000DK4ZR,2,5.0,0.2514
B0000DK5EO,1,5.0,0.9393
B0000DKQ59,4,3.25,0.3103
B0000DYD91,1,5.0,0.9153
B0000DZEV2,1,5.0,0.9656
B0000E1VNV,2,5.0,0.9086
B0000E1VUG,1,5.0,0.6249
B0000E223C,1,5.0,0.9432
B0000E224H,1,4.0,-0.34
B0000E227M,1,5.0,0.8555
B0000E2EP4,1,1.0,0.0
B0000E2PX6,2,5.0,0.9565
B0000E2RIA,3,5.0,0.9428
B0000E2RIC,1,4.0,0.9081
B0000E2Y9F,1,5.0,0.9446
B0000E2Y9J,1,5.0,0.9592
B0000E2Y9V,1,3.0,0.8363
B0000E2YA0,1,3.0,-0.3818
B0000E2YA1,3,3.6667,0.7087
B0000E2YFN,1,5.0,0.9428
B0000E2YFV,1,5.0,0.9753
B0000E3QKU,1,5.0,0.9812
B0000E5IHG,1,4.0,0.8658
B0000E5IN5,2,5.0,0.9444
B0000E5JMX,1,2.0,0.4779
B0000E5JQ1,1,5.0,0.9062
B0000E5JQK,1,5.0,0.8341
B0000E5L20,1,4.0,0.4215
B0000E65WB,1,5.0,0.8271
B0000E65WE,1,5.0,0.4577
B0000E65WG,1,5.0,0.8779
B0000E65WO,1,5.0,0.9745
B0000E6GZR,1,4.0,0.8519
B0000E6I02,3,4.0,0.8811
B0000E6NMV,1,4.0,0.802
B0000E6NMW,1,5.0,0.8934
B0000EIE2Z,1,5.0,0.875
B0000EIEQU,1,5.0,0.93
B0000EIEWO,1,1.0,0.1027
B0000EIEXJ,1,5.0,0.9321
B0000EJXL2,2,4.0,0.8262
B0000ESTGX,1,5.0,0.4019
B0000ESTGY,1,4.0,0.7501
B0000EWBAI,1,5.0,0.8271
B0000EWQIA,1,5.0,0.3678
B0000EYB2Y,1,5.0,0.9201
B0000EYK3E,1,5.0,0.539
B0000GG22E,1,4.0,0.9578
B0000GG256,2,3.5,0.5044
B0000GGHMY,1,5.0,0.9134
B0000GGHOW,1,5.0,0.8834
B0000GGHP6,1,5.0,0.7717
B0000GGHQK,1,2.0,-0.6808
B0000GGHVA,1,5.0,0.7003
B0000GGHVU,2,4.5,0.9446
B0000GGHX8,1,5.0,0.9081
B0000GGHZQ,5,4.6,0.666
B0000GGI00,1,5.0,0.9259
B0000GGI28,1,5.0,0.9166
B0000GGI2I,1,5.0,0.8731
B0000GGIFK,1,5.0,0.0005
B0000GGQA2,1,4.0,0.9325
B0000GGYZY,2,5.0,0.937
B0000GGZ12,1,3.0,0.5859
B0000GH6UG,2,5.0,0.9818
B0000GH6UQ,2,3.0,0.856
B0000GHEEY,1,5.0,0.9052
B0000GHEGC,1,5.0,0.7717
B0000GHNSG,1,5.0,0.3976
B0000GHNSQ,7,4.7143,0.6351
B0000GHNT0,1,5.0,0.8074
B0000GHNTK,8,4.625,0.6725
B0000GHNTU,6,4.8333,0.8657
B0000GHNU4,1,3.0,0.5141
B0000GHNUE,1,5.0,0.9118
B0000GHNUY,3,5.0,0.4616
B0000GHNV8,3,4.6667,0.8355
B0000GHNVI,2,5.0,0.7712
B0000GHNVS,2,5.0,0.9244
B0000GHNW2,2,4.0,0.7432
B0000GHNWC,4,4.75,0.862
B0000GHNWM,6,4.8333,0.7439
B0000GHXSG,2,5.0,0.7939
B0000GHXSQ,3,4.6667,0.888
B0000GIOPW,2,4.5,0.8672
B0000GIORA,1,5.0,0.8658
B0000GIOS4,2,5.0,0.7384
B0000GIOU2,1,5.0,0.9186
B0000GIOXO,1,5.0,0.9169
B0000GIVA0,4,4.25,0.6654
B0000GIVAU,3,5.0,0.7248
B0000GIVBE,1,5.0,0.9076
B0000GIVDM,1,5.0,0.5106
B0000GIVFA,3,4.6667,0.7892
B0000GIZR4,1,5.0,0.8779
B0000GIZRY,1,4.0,0.3041
B0000GIZTC,1,5.0,0.5423
B0000GJ7EE,1,1.0,-0.4966
B0000GJNYI,1,4.0,0.1779
B0000GJNZ2,1,4.0,0.9169
B0000GK068,1,1.0,0.7351
B0000GK086,1,5.0,0.6369
B0000GK0A4,2,4.0,0.807
B0000GK0AE,1,5.0,0.8122
B0000GKVU8,2,5.0,0.8675
B0000GKVXK,1,5.0,0.8905
B0000GL6RU,1,1.0,0.2732
B0000ICLK4,1,5.0,0.9042
B0000ICLKY,5,4.6,0.7254
B0000ICLLS,6,2.8333,0.7058
B0000IEAHQ,5,3.8,0.6616
B0000IJYK4,1,4.0,0.9612
B0000IJYKE,1,5.0,0.9659
B0000KC2BK,1,5.0,0.9552
B0000KC2D8,1,4.0,0.9156
B0000KCKV2,2,5.0,0.7406
B0000SWIVG,1,1.0,-0.352
B0000SWLFO,1,4.0,0.9152
B0000SWYS8,2,1.5,0.6515
B0000SWZX2,2,5.0,0.7712
B0000SX2TS,1,5.0,0.8935
B0000SX9VY,1,1.0,0.4404
B0000SXEKA,2,3.0,0.9273
B0000SXEL4,1,3.0,0.886
B0000SXEMI,1,3.0,0.8591
B0000SXEN2,2,5.0,0.8552
B0000SXENM,1,5.0,0.8807
B0000SXEOQ,5,4.8,0.8844
B0000SXEPA,1,4.0,0.6705
B0000SXEPU,2,4.0,0.7669
B0000SXFW2,2,5.0,0.8556
B0000SY9U4,2,3.0,0.6786
B0000SY9UE,5,4.8,0.926
B0000T15L4,1,5.0,0.8225
B0000T15LE,1,4.0,0.9826
B0000T15LY,1,5.0,-0.9393
B0000T4LYC,4,5.0,0.8978
B0000T4Q60,1,4.0,0.6361
B0000T6VOU,2,3.5,0.2293
B0000T6Z9G,1,3.0,0.8689
B0000T6ZY6,1,5.0,0.8908
B0000TA2TK,1,5.0,0.0516
B0000TA3BW,2,5.0,0.8573
B0000TA3QM,3,5.0,0.8138
B0000TA3QW,1,5.0,0.989
B0000TBK64,2,5.0,-0.035
B0000TBK6O,2,5.0,0.8997
B0000TL5HI,1,4.0,0.9638
B0000TL5VO,1,4.0,0.9231
B0000TL5WS,2,4.0,0.8768
B0000TLEEW,2,3.0,0.7854
B0000TLEQK,1,5.0,0.8658
B0000TLES8,1,5.0,0.9477
B0000TLEUQ,1,5.0,0.8934
B0000TLEWO,1,4.0,0.802
B0000TLF14,1,5.0,0.76
B0000TLF3W,2,3.0,0.7362
B0000TLFD2,1,4.0,0.875
B0000TLFEQ,2,5.0,0.9544
B0000TLFFK,1,5.0,0.9587
B0000TLFIC,1,5.0,0.8481
B0000TLFJG,1,5.0,0.5994
B0000TLFLO,1,5.0,0.9477
B0000TLK9Q,1,3.0,-0.7906
B0000TLRIA,2,3.5,0.6936
B0000TM9FU,1,5.0,0.9832
B0000TM9G4,2,4.5,0.8238
B0000TM9GO,2,4.5,0.1315
B0000TSQ6G,5,4.2,0.852
B0000TSQ6Q,12,4.3333,0.8626
B0000TU6P0,2,3.0,0.8535
B0000TU8D0,1,1.0,0.4019
B0000TU8VM,1,5.0,0.8779
B0000TU98E,1,5.0,0.8658
B0000TVU8W,1,4.0,0.9169
B0000TVUQE,2,5.0,0.5749
B0000TWIOW,1,5.0,0.9638
B0000TWLJE,1,5.0,0.982
B0000TWLJO,4,4.75,0.9046
B0000TYYFI,1,5.0,0.9698
B0000TZ1G4,1,5.0,0.8221
B0000TZ204,2,5.0,0.9849
B0000U10VI,1,4.0,0.7574
B0000U10X6,1,5.0,0.9606
B0000U10XG,1,5.0,0.9924
B0000U11DA,1,5.0,0.8848
B0000U1OGE,1,5.0,0.6597
B0000U3AQ6,3,5.0,0.9444
B0000U3AYI,1,5.0,0.8934
B0000U7MKG,1,3.0,0.8225
B0000U7OZE,1,5.0,0.8412
B0000UBTY6,3,5.0,0.9197
B0000UBTYG,1,5.0,0.8225
B0000UBTZA,1,5.0,0.8122
B0000UC7RE,1,4.0,0.9337
B0000UJAVA,1,5.0,0.9846
B0000UVR70,3,2.3333,-0.0174
B0000UVRD4,1,4.0,0.988
B0000UVRDY,1,5.0,0.9621
B0000UVRP2,2,5.0,0.449
B0000V09L4,3,3.6667,0.6513
B0000V1AZ8,1,5.0,0.8442
B0000V1B0C,1,5.0,0.8689
B0000V1B0W,2,5.0,0.9378
B0000V1B2U,1,5.0,0.7351
B0000V1B3E,2,5.0,0.8496
B0000V1B3O,1,1.0,-0.8079
B0000V1B3Y,3,5.0,0.8521
B0000V1B4I,6,4.5,0.6409
B0000V1BCA,1,4.0,0.4284
B0000V1BCK,1,4.0,0.9336
B0000V1BF2,2,3.5,0.7412
B0000V1BK2,1,2.0,0.8221
B0000V7732,1,5.0,0.9479
B0000V828G,3,5.0,0.9326
B0000V829K,2,5.0,0.9496
B0000V8HTU,8,5.0,0.8778
B0000V8IOE,25,3.72,0.5935
B0000VJ55U,6,4.6667,0.6861
B0000VJA5K,1,1.0,-0.7506
B0000VLETA,4,3.5,0.7031
B0000VLHKQ,1,2.0,0.101
B0000VLR2E,1,4.0,0.9658
B0000VLR9M,1,2.0,0.8554
B0000VLTZY,4,3.0,0.5703
B0000VLU0I,3,3.6667,0.5187
B0000VM8TK,2,1.0,-0.4481
B0000VM8VS,1,5.0,0.8779
B0000VMA0C,1,2.0,-0.664
B0000VMAS4,1,5.0,0.9831
B0000VMASE,1,5.0,0.946
B0000VMBDI,1,5.0,0.6249
B0000VOQNG,1,5.0,0.7269
B0000VYKXC,1,5.0,0.51
B0000VYKZA,1,5.0,0.8883
B0000VZ6HG,1,4.0,0.8225
B0000VZPIQ,1,1.0,-0.0772
B0000W0GQQ,4,4.5,0.6913
B0000W4PDQ,4,3.25,0.8689
B0000WATW2,1,5.0,0.7346
B0000WEVG2,1,5.0,0.9892
B0000WEVH6,2,5.0,0.8999
B0000WKTLS,1,4.0,0.7003
B0000WKTYA,1,2.0,-0.1779
B0000WKU8K,6,3.8333,0.6295
B0000WKXEQ,2,3.0,0.7342
B0000X0W28,1,5.0,0.9846
B0000X0W7S,1,5.0,0.911
B0000X0W8C,1,5.0,0.7003
B0000XQQNW,1,5.0,0.6597
B0000XQQQO,1,5.0,0.8316
B0000XQQS2,1,5.0,0.9535
B0000Y3PH6,1,5.0,0.9287
B0000Y3PQC,1,5.0,0.9423
B0000Y3PUS,1,4.0,0.4404
B0000YDS8C,2,2.5,0.5656
B0000YQRB2,1,5.0,0.6124
B0000YQRIA,1,5.0,0.8934
B0000YUTOS,1,5.0,0.9186
B0000YVCIA,1,5.0,0.9897
B0000ZHYXQ,1,5.0,0.8836
B0000ZHZ1M,1,5.0,0.34
B0000ZHZA8,1,5.0,0.8834
B0000ZKG1I,1,5.0,0.6597
B0000ZRGPC,1,5.0,0.765
B0000ZRGV6,1,5.0,0.8779
B0000ZSH8M,1,5.0,0.9274
B0000ZSH8W,1,2.0,0.9349
B0000ZSH9Q,1,5.0,0.8481
B0000ZSHAA,1,3.0,-0.3116
B0000ZSHAK,1,1.0,-0.1779
B0000ZSHBO,4,2.0,0.637
B000100IEC,1,5.0,0.7351
B000100IFG,1,2.0,-0.0772
B000100IG0,2,5.0,0.3583
B00011EXO2,1,5.0,-0.3612
B00011RJU2,3,4.6667,0.8946
B00012170Y,1,5.0,0.7294
B000121718,1,1.0,0.0
B00012171I,1,5.0,0.9611
B000121768,1,5.0,0.9459
B0001217BS,3,2.3333,0.5636
B00012182G,24,3.4583,0.4001
B000121A7O,1,5.0,0.9631
B000121ACE,1,4.0,0.9393
B000121AEC,1,5.0,0.224
B000121AQ0,1,4.0,0.9868
B000121AZQ,1,5.0,0.8622
B000121BY6,5,4.4,0.903
B000121C0E,1,5.0,0.95
B000122NLQ,1,5.0,0.872
B000126ZU6,1,1.0,-0.9797
B00012OHY2,1,5.0,0.7096
B00012OHZ6,1,5.0,0.926
B00012OI00,1,5.0,0.9837
B00012OI28,1,5.0,0.7269
B00012OI7I,1,5.0,0.0258
B00012PPOI,1,5.0,0.9371
B00012WE10,1,5.0,0.9862
B0001392LO,1,1.0,0.8934
B00013C2L6,1,1.0,-0.5423
B00013C2MA,1,5.0,0.7579
B00013C2TS,3,4.0,0.9076
B00013EWLY,1,4.0,0.4404
B00013MY78,2,4.5,0.8613
B00013UQKU,1,4.0,0.4939
B00013UQOG,1,5.0,0.8957
B00013VAVE,2,3.0,0.823
B00013VHFS,1,4.0,0.7506
B00013VNO8,1,2.0,0.3818
B000143ZK2,3,5.0,0.867
B000143ZKM,1,5.0,0.8908
B000144GWS,6,5.0,0.6232
B000144GX2,1,5.0,0.9022
B00014CDQO,1,5.0,0.9022
B00014CZP8,1,5.0,0.4404
B00014CZQC,1,4.0,-0.6705
B00014D37W,10,3.7,0.826
B00014D7D2,2,4.5,0.4984
B00014DAHU,1,3.0,0.0395
B00014DXCC,39,4.2051,0.6013
B00014EAVK,1,5.0,0.9781
B00014ECZ4,1,5.0,0.9846
B00014EGUU,1,5.0,-0.1531
B00014EO2A,1,3.0,0.8566
B00014F83Y,1,5.0,0.8402
B00014FAWS,1,5.0,0.8555
B00014FKPA,5,4.0,0.9484
B00014FT06,2,4.0,0.2392
B00014G43W,8,5.0,0.9026
B00014H710,1,5.0,0.9506
B00014HI50,1,5.0,0.9897
B00014HN0A,1,4.0,0.2732
B00014HQCK,1,5.0,-0.128
B00014HS2S,1,5.0,0.6369
B00014IVPQ,15,4.9333,0.8487
B00014JNI0,12,5.0,0.8972
B00014JYNO,18,4.5556,0.8545
B00014K17C,3,3.6667,0.34
B00014VTNW,4,4.5,0.7995
B000154AAA,1,5.0,0.9468
B000155KT0,1,5.0,0.8625
B000158YDY,1,3.0,0.7579
B0001590IC,3,4.0,0.7098
B0001590JQ,1,4.0,0.8934
B0001590KU,1,5.0,0.9617
B0001590LO,1,5.0,0.9648
B0001590NW,1,2.0,0.2732
B0001590P0,2,5.0,0.6186
B0001590QE,2,5.0,0.8
B00015ECGC,2,5.0,0.7919
B00015EERY,1,1.0,0.9534
B00015HNMM,4,4.5,0.6893
B00015HOTE,1,4.0,0.296
B00015HOUI,1,4.0,-0.204
B00015HOUS,1,5.0,0.7351
B00015HOW6,2,5.0,0.8367
B00015HOWQ,2,4.5,0.692
B00015NIFI,2,5.0,0.9372
B00015UC48,1,1.0,-0.4019
B00015UC4I,3,5.0,0.6937
B00015UC4S,7,5.0,0.6153
B00015UC52,3,4.3333,0.538
B00015UC5M,3,5.0,0.8149
B00015UC6G,1,5.0,0.9337
B00015UC6Q,5,4.4,0.6746
B00015UC70,1,5.0,0.9616
B00015UC7K,1,5.0,0.9062
B00015UC9I,1,3.0,0.7783
B00015UELE,1,3.0,-0.1027
B00015UELY,1,1.0,0.5859
B00015UEM8,1,5.0,0.0
B00015UEMI,1,5.0,0.765
B00015UEMS,1,5.0,0.4215
B00015YTRY,1,5.0,0.9274
B00015YTSI,1,3.0,0.5106
B00015YTT2,1,5.0,0.4404
B00015YTU6,1,5.0,0.7269
B00015YTUQ,2,3.0,0.0811
B00015YU50,1,5.0,0.7579
B00016268M,1,3.0,0.7184
B00016268W,1,5.0,0.9468
B000162696,2,4.5,0.9108
B00016269Q,1,4.0,0.8658
B000162MSQ,5,4.6,0.9578
B000165LO8,1,5.0,0.7506
B0001689UG,2,4.5,0.6692
B0001689VU,1,2.0,0.8234
B000168QRM,2,4.0,0.9146
B000168QTU,1,5.0,0.996
B00016AQJ8,1,5.0,0.9702
B00016ATBS,2,5.0,0.9422
B00016ATJ0,1,5.0,0.9595
B00016AU3K,3,2.0,0.4931
B00016AU58,1,5.0,0.7506
B00016BS7W,1,3.0,-0.6369
B00016JGY4,1,2.0,0.1779
B00016JGYY,1,5.0,0.8173
B00016JGZI,2,4.5,0.8885
B00016JH16,1,3.0,0.7463
B00016JH2A,1,1.0,0.5574
B00016JH2U,1,3.0,0.8016
B00016JH3O,2,2.0,-0.0646
B00016JH5M,1,1.0,-0.1531
B00016LA7K,7,4.1429,0.45
B00016LA7U,5,3.6,0.6624
B00016LA8E,6,4.8333,0.8072
B00016LA8O,1,4.0,0.2732
B00016LA8Y,6,4.0,0.7115
B00016LA98,1,5.0,0.992
B00016LA9I,1,5.0,0.9747
B00016LA9S,2,3.0,0.4924
B00016LAFM,2,3.0,-0.0246
B00016LYZS,1,5.0,0.8591
B00016LZR0,1,5.0,0.6369
B00016LZRK,3,1.0,-0.3618
B00016LZT8,10,3.0,0.2484
B00016Q6BK,2,5.0,0.8821
B00016Q6DS,3,3.6667,0.2891
B00016Q6F6,4,5.0,0.8291
B00016R1MI,5,4.2,0.7778
B00016R3DK,1,5.0,0.8619
B00016R3DU,1,5.0,0.7906
B00016UT6I,1,4.0,0.9312
B00016UX0K,9,5.0,0.8641
B00016UX14,1,5.0,0.8834
B00016UX1E,2,5.0,0.4511
B00016V26O,2,5.0,0.9095
B00016W53I,1,2.0,0.4588
B00016W542,1,5.0,0.936
B00016XKQY,1,5.0,0.7717
B00016XLLS,2,5.0,0.7674
B00016XLMC,1,5.0,0.8779
B00016XLMW,1,3.0,-0.6597
B00016XLWC,2,3.0,0.9388
B000173IHE,1,5.0,0.9169
B00017L1TG,7,4.2857,0.8324
B00017LEX4,3,4.6667,0.8933
B00017LEXE,16,3.8125,0.5659
B00017LEXO,8,3.625,0.5182
B00017LEXY,2,4.5,0.833
B00017LEY8,3,2.3333,0.7418
B00017LEZC,1,1.0,0.0
B00017LEZM,2,3.0,0.3369
B00017LF06,1,5.0,0.6249
B00017LF0G,2,4.5,0.7808
B00017LF0Q,1,4.0,0.6808
B00017LF24,7,4.8571,0.6943
B00017P2GO,2,3.5,-0.114
B00017P2H8,2,3.0,0.5924
B00017P2IM,1,5.0,0.9854
B00017WSFC,1,5.0,0.8591
B00017WSHU,1,5.0,0.5719
B00017WSIE,1,2.0,-0.2023
B00017WSNE,1,5.0,0.9022
B00017WSO8,1,5.0,0.7003
B00017XCI4,1,5.0,0.9349
B00018CWLQ,1,5.0,0.872
B00018CWN4,2,3.5,0.5412
B00018CWZ2,1,5.0,0.8555
B00018CWZC,1,2.0,0.4939
B00018CWZM,1,5.0,0.7964
B00018CWZW,1,5.0,0.8402
B00018CX60,3,4.6667,0.9018
B00018CX6A,1,4.0,0.4588
B00018RC2U,2,5.0,0.0578
B00018U7RW,2,5.0,0.8863
B00018ZVSC,1,5.0,0.9001
B000197GMA,1,2.0,-0.5106
B000197ZQM,2,1.5,0.3514
B00019DOPI,1,1.0,-0.1576
B00019FVUE,1,5.0,0.9186
B00019T0ME,1,3.0,0.0516
B00019TMK4,2,5.0,0.9286
B00019ZCYY,1,5.0,0.7964
B0001A0ZHM,1,1.0,0.0
B0001AO8DY,3,5.0,0.9682
B0001AO9LA,6,3.5,0.3608
B0001AV4QS,2,3.5,0.7728
B0001AVRQK,2,3.0,0.6119
B0001AVSFK,1,4.0,0.9779
B0001AVSNM,1,5.0,0.9879
B0001AVSO6,1,5.0,0.6369
B0001AVTCW,2,3.5,-0.32
B0001AVTD6,2,5.0,0.9344
B0001AVTDQ,3,2.0,0.2586
B0001AVTE0,1,5.0,0.853
B0001B508A,1,5.0,0.9571
B0001B8VW2,1,5.0,0.5859
B0001B8W94,1,1.0,-0.91
B0001B8WBW,1,2.0,0.4019
B0001BFHCE,1,5.0,0.8225
B0001BGTSA,1,5.0,0.5719
B0001BGTV2,2,5.0,0.7766
B0001BGTW6,1,3.0,0.8479
B0001BGU0C,1,5.0,0.7003
B0001BGU1G,1,5.0,0.886
B0001BH5YM,2,5.0,0.9104
B0001BULDY,1,5.0,0.8908
B0001BUMN8,1,5.0,0.743
B0001BV0LG,3,5.0,0.8977
B0001BV4X0,1,5.0,0.8442
B0001BVD04,1,4.0,0.8836
B0001BVD8G,2,5.0,0.9168
B0001BVF7U,2,4.0,0.2528
B0001BVH9G,1,5.0,0.5106
B0001BVJIA,1,5.0,0.575
B0001BVO9Y,4,5.0,0.8808
B0001CVDYO,5,5.0,0.8498
B0001CVDZI,7,5.0,0.5711
B0001CVIE4,2,5.0,0.8676
B0001CWG9A,1,4.0,0.7184
B0001CXRKM,1,4.0,0.6597
B0001CXRL6,3,5.0,0.9591
B0001CXRLQ,1,5.0,0.8883
B0001CXRMK,2,5.0,0.9173
B0001CXU4K,1,5.0,0.9403
B0001CXUDQ,2,5.0,0.9013
B0001CXUEA,1,3.0,0.5106
B0001CXUEK,1,5.0,0.7964
B0001CXUH2,1,5.0,0.836
B0001CXUHC,1,1.0,-0.3182
B0001CXUHW,3,4.6667,0.6704
B0001DMTFU,2,4.5,0.8464
B0001DMTQO,1,4.0,0.5267
B0001DQHFI,1,5.0,0.9686
B0001DQHFS,1,5.0,0.926
B0001DR2BG,1,4.0,0.9337
B0001DR2CK,1,5.0,0.8271
B0001E1HZ2,1,5.0,0.9153
B0001E1INI,1,5.0,-0.4404
B0001E3LAQ,1,4.0,0.9899
B0001E3LCO,1,5.0,0.7363
B0001E5CJO,6,4.5,-0.098
B0001E6D7Y,1,5.0,0.6249
B0001E6D9M,1,5.0,0.1027
B0001E6DCE,1,5.0,0.0
B0001E6DCY,1,5.0,0.9928
B0001E6DEC,1,4.0,0.4767
B0001E8P0W,1,5.0,0.9403
B0001ENXJK,1,5.0,0.7906
B0001ENXOU,1,5.0,0.7645
B0001EQN88,13,4.1538,0.7165
B0001ES9F8,49,4.4082,0.7737
B0001ES9FI,32,4.4375,0.77
B0001FFHCK,3,4.0,0.9679
B0001FFK40,12,4.5,0.871
B0001FQUC6,1,5.0,0.8576
B0001FQUJY,1,5.0,0.9022
B0001FQUK8,2,5.0,0.957
B0001FQUL2,2,5.0,0.4983
B0001FQUYO,1,5.0,0.817
B0001FQV9S,2,3.5,0.5344
B0001FQVCA,2,3.5,0.6223
B0001FQVGG,1,2.0,0.3832
B0001FQVJ8,2,4.5,0.8908
B0001FQVJI,1,5.0,0.7783
B0001FQVKM,1,5.0,0.2263
B0001FQVMK,5,4.4,0.9099
B0001FR0B6,5,4.6,0.5028
B0001FR0BG,1,5.0,0.4284
B0001FR0BQ,3,4.6667,0.453
B0001FR0NE,1,4.0,0.5325
B0001FUFK4,1,3.0,0.7845
B0001FUGTE,3,2.3333,0.41
B0001FUJPA,1,1.0,0.8661
B0001FUJVO,2,3.0,0.5356
B0001FZG5S,1,3.0,0.1779
B0001G6V6K,1,5.0,0.4767
B0001G6V8I,1,5.0,0.8268
B0001G6VJW,1,5.0,0.5574
B0001G6VL0,1,3.0,0.7722
B0001G6VNS,2,5.0,0.7528
B0001G6VOC,1,5.0,0.8625
B0001GCAR4,3,4.0,0.8332
B0001GDC4O,5,4.8,0.8398
B0001GDE10,1,5.0,0.8646
B0001GDE1K,1,3.0,0.9432
B0001GDEO2,1,5.0,0.9081
B0001GLG9C,1,5.0,0.9686
B0001GQDZE,1,2.0,0.5559
B0001GSP9G,2,4.5,0.9861
B0001GSPC8,1,5.0,0.7841
B0001GSPCI,1,4.0,0.7423
B0001GUQ20,3,5.0,0.531
B0001GUQ34,3,3.6667,0.3427
B0001GV246,2,1.5,0.5172
B0001GV4NU,1,5.0,0.8834
B0001GV4OE,1,5.0,0.8834
B0001GV4OY,1,5.0,0.8834
B0001GV4QM,1,3.0,0.3892
B0001GV73W,1,5.0,0.939
B0001GZ6C0,3,4.3333,0.7474
B0001GZ6D4,1,5.0,0.2964
B0001GZ6F2,1,5.0,0.9661
B0001GZ6GG,3,4.6667,0.0783
B0001GZ6H0,1,5.0,0.8271
B0001H21YU,2,4.5,0.9322
B0001H2244,1,5.0,0.5859
B0001H22B2,1,5.0,0.6597
B0001HAF3Y,2,5.0,0.468
B0001I1HFS,9,3.5556,0.5981
B0001I9XO0,2,5.0,0.563
B0001I9XWW,1,5.0,0.7906
B0001IG49W,1,5.0,0.9136
B0001IOSCM,5,4.4,0.8872
B0001IOSDQ,2,5.0,0.2256
B0001IOSE0,1,5.0,0.8979
B0001IOSEU,1,5.0,0.9565
B0001IOSFY,1,5.0,0.8779
B0001IOSGI,1,5.0,0.4404
B0001IPLE6,1,5.0,0.9613
B0001IVR8A,4,3.5,0.8356
B0001J2NDW,1,5.0,0.8126
B0001J2NEG,1,5.0,0.9678
B0001J2NF0,1,5.0,0.9657
B0001JXBDI,1,4.0,0.7184
B0001JXBE2,1,5.0,0.9738
B0001JXDO0,1,5.0,0.891
B0001JXDOA,1,5.0,0.7351
B0001JXDOU,1,5.0,0.9042
B0001JXDSQ,1,5.0,0.9216
B0001JXDTA,1,2.0,0.7269
B0001JXDU4,1,4.0,-0.0258
B0001JXDUY,2,3.0,0.2489
B0001JXDXG,1,5.0,0.836
B0001JXE3U,1,5.0,0.7845
B0001JXE7Q,1,2.0,0.6682
B0001K5KKO,1,5.0,0.5984
B0001K5KMW,1,5.0,0.8591
B0001K5KXG,5,5.0,0.5866
B0001K5L1C,1,5.0,0.936
B0001K5LTY,3,5.0,0.5065
B0001K5MD4,1,3.0,0.0
B0001K5MGG,2,4.5,0.5342
B0001K5MGQ,1,4.0,0.92
B0001KBT9K,2,3.5,0.1696
B0001KH4AI,1,5.0,0.9881
B0001KH5NO,1,3.0,0.7595
B0001KH5P2,1,5.0,0.8779
B0001KH5RK,1,5.0,0.9337
B0001KH5YI,1,5.0,0.936
B0001KH60Q,1,1.0,-0.2755
B0001KH642,1,5.0,0.7717
B0001KL1XO,1,1.0,0.8885
B0001KL70Q,3,5.0,0.8877
B0001L3HLM,1,5.0,0.9379
B0001LJAW2,1,5.0,0.659
B0001LO32E,1,5.0,0.9153
B0001LO37O,2,5.0,0.833
B0001LQJZI,2,4.0,0.8587
B0001LQKBQ,7,4.7143,0.523
B0001LQZOI,1,5.0,0.8024
B0001LUGMK,1,5.0,0.9941
B0001LVX4K,2,4.5,0.7766
B0001M0YI0,1,5.0,0.9599
B0001M0YK8,1,5.0,0.4404
B0001M0YKI,1,5.0,0.3711
B0001M0YLM,1,5.0,0.2023
B0001M0YNU,1,5.0,0.986
B0001M0YU8,1,5.0,-0.1275
B0001M0YWQ,2,4.5,0.2124
B0001M0Z3O,3,5.0,0.659
B0001M0Z6Q,9,5.0,0.6593
B0001M0Z7K,1,3.0,0.9493
B0001M0ZL6,2,4.5,0.9093
B0001M0ZQ6,1,5.0,0.7351
B0001M0ZQG,1,5.0,0.9169
B0001M0ZQQ,1,5.0,0.6124
B0001M0ZRA,1,5.0,0.8658
B0001M0ZSY,1,3.0,0.9854
B0001M0ZUM,1,4.0,0.9101
B0001M0ZUW,1,4.0,0.9785
B0001M0ZX4,1,4.0,0.948
B0001M0ZZW,1,5.0,0.9648
B0001M10OW,1,5.0,0.355
B0001M10PQ,1,5.0,0.6511
B0001M10WE,1,5.0,0.8689
B0001M11D2,1,5.0,0.872
B0001M11HI,4,5.0,0.9341
B0001M1240,1,1.0,-0.5574
B0001M12LS,2,3.0,0.6489
B0001M12TA,1,1.0,0.8074
B0001M9WCY,1,5.0,0.9312
B0001MII5G,1,3.0,0.9364
B0001N44XA,1,3.0,0.8625
B0001N44XK,1,5.0,0.8225
B0001N47XM,1,5.0,-0.0516
B0001N485Y,1,5.0,0.9939
B0001N4886,1,5.0,0.6983
B0001N48S6,2,5.0,0.9204
B0001N48SG,3,4.6667,0.8614
B0001N7RLQ,2,3.0,0.2908
B0001N7RM0,1,5.0,0.9236
B0001P1JRC,1,3.0,0.9531
B0001P1JRW,1,1.0,0.7506
B0001P29QW,1,5.0,0.7964
B0001PB0LC,2,3.0,0.2359
B0001PB98Q,1,5.0,0.9442
B0001PB99A,3,2.6667,0.4666
B0001PB99K,4,3.25,0.6284
B0001POGRC,1,5.0,0.9808
B0001Q3FLO,3,4.3333,0.2697
B0001Q3GUY,1,5.0,0.936
B0001QNI8Y,1,2.0,0.9062
B0001QNMW6,2,2.5,0.5416
B0001QNMYE,1,4.0,0.8555
B0001QNMZ8,1,4.0,0.8399
B0001QYYVO,4,3.75,0.6322
B0001R04LM,2,3.0,0.5225
B0001R05J8,1,5.0,0.9371
B0001R05KC,3,3.6667,0.7334
B0001RIU3G,1,5.0,0.7003
B0001RT5OY,1,2.0,-0.1027
B0001RVNJY,1,5.0,0.8809
B0001SVZGE,6,5.0,0.8856
B0001T2K7Q,1,5.0,0.9769
B0001T2L5M,1,5.0,0.9534
B0001T3WCS,1,4.0,0.765
B0001TNCK0,1,5.0,0.9442
B0001TO8FI,4,4.5,0.4439
B0001TO8NU,2,5.0,-0.0569
B0001TPOY2,2,5.0,0.9182
B0001U4VK4,1,4.0,0.2006
B0001U92XU,1,5.0,0.9136
B0001UJPIW,1,5.0,0.4019
B0001UK0C2,3,3.6667,0.2018
B0001UK9CS,1,5.0,0.9169
B0001UQVUC,1,5.0,0.2023
B0001UQW7O,1,5.0,0.9042
B0001UQWDS,1,5.0,0.8316
B0001UQWE2,2,5.0,0.9088
B0001UQWEC,2,5.0,0.9088
B0001UQWEM,1,1.0,0.4019
B0001UXQ9Q,3,4.0,0.7501
B0001UZLE4,1,1.0,0.8047
B0001UZTJG,1,4.0,0.6369
B0001V48BA,1,1.0,-0.1779
B0001VAFGW,3,4.3333,0.8559
B0001VDXG6,3,2.3333,0.7087
B0001VE1A8,2,4.5,0.8648
B0001VKKOO,1,5.0,0.4404
B0001VNZC8,1,3.0,0.5423
B0001VS9QK,1,1.0,0.2732
B0001VULMA,1,5.0,0.8271
B0001VVCVO,1,5.0,0.9035
B0001VWBIW,1,5.0,0.9854
B0001VWCV8,1,5.0,0.6249
B0001VWDYE,1,4.0,0.7261
B0001VWDZ8,1,4.0,0.7261
B0001VWE02,1,2.0,0.0258
B0001VWEKM,1,2.0,-0.4215
B0001VWEKW,1,2.0,-0.4215
B0001VWERU,1,5.0,0.8934
B0001VWF4C,1,4.0,0.0516
B0001VWFBA,1,5.0,0.6249
B0001VWFBK,1,5.0,0.6249
B0001VWGJQ,1,4.0,0.7003
B0001VWGK0,1,5.0,0.5719
B0001VWGKK,1,5.0,0.7003
B0001VWGMI,1,5.0,0.9738
B0001VWGWI,1,5.0,0.7964
B0001VWNLM,1,5.0,-0.0516
B0001VWSEE,1,5.0,0.7506
B0001W2VYU,1,3.0,0.1602
B0001W2VZO,1,3.0,0.8834
B0001W2W1M,1,5.0,0.7506
B0001W2W5S,2,5.0,0.8814
B0001W2W62,10,3.7,0.4903
B0001W2XSO,1,5.0,0.946
B0001W6NTO,1,2.0,-0.4588
B0001W7M1W,3,4.6667,0.3865
B0001W7M26,1,5.0,0.6597
B0001W9QIY,1,5.0,0.9843
B0001WA6D8,4,5.0,0.7421
B0001WAMA0,3,3.6667,0.3673
B0001WAMN2,1,5.0,0.9907
B0001WAMNC,2,3.5,0.8678
B0001WKFYS,1,5.0,0.8876
B0001WKFZ2,1,2.0,0.0
B0001WOLMU,1,5.0,0.9657
B0001WOSQY,1,5.0,0.8957
B0001WV0TW,2,4.5,0.9093
B0001WV7VS,5,5.0,0.8564
B0001WYNDM,1,5.0,0.8658
B0001X0QIM,1,5.0,0.9274
B0001X344U,1,5.0,0.9665
B0001X74JG,1,5.0,-0.8479
B0001X74LE,1,5.0,0.4939
B0001XIZKI,1,5.0,0.6486
B0001XIZL2,1,5.0,0.9153
B0001XIZMG,2,5.0,0.7818
B0001XIZN0,3,3.6667,0.6219
B0001XXARQ,1,5.0,0.9847
B0001XXB3E,1,5.0,0.2732
B0001YNHSC,1,5.0,0.9153
B0001YYONO,1,5.0,-0.4019
B0001YYP10,1,1.0,-0.25
B0001ZMUW0,1,2.0,0.975
B0001ZMXRM,1,3.0,0.8155
B0001ZRHDM,1,1.0,0.2263
B0001ZTCVC,1,5.0,0.7964
B0001ZZ4PK,1,2.0,0.9118
B0001ZZGDU,1,5.0,0.5267
B0001ZZIEC,7,5.0,0.849
B000200E18,1,5.0,0.8834
B000209K0E,1,4.0,0.9592
B00020HHAO,29,4.4828,0.5775
B00020HHE0,33,4.1212,0.5503
B00020HHGS,21,4.0,0.4716
B00020HHHC,40,4.05,0.5832
B00020HHHW,1,5.0,0.9021
B00020HHK4,38,4.0263,0.5438
B00020HHM2,31,4.7097,0.7363
B00020HHRW,38,4.0789,0.5895
B00020QRM8,1,1.0,0.8481
B00020UGMU,7,4.4286,0.695
B00020UGN4,6,4.6667,0.7158
B00020UGNE,2,5.0,0.8932
B00020V5N4,3,4.6667,0.4861
B00020V5NE,4,5.0,0.7056
B00020V5NO,3,5.0,0.8858
B00020V8HC,1,5.0,0.9582
B00020XNTS,9,4.6667,0.9143
B00020XNU2,10,4.8,0.8232
B00020XNUC,5,4.6,0.9423
B00020XNUW,3,3.6667,0.4349
B00020XNV6,3,4.3333,0.9224
B000212VOK,2,5.0,0.725
B000213VIK,1,5.0,0.8957
B000214300,1,2.0,0.9485
B00021639Y,2,5.0,0.8962
B000216O16,1,5.0,0.7906
B00021OPO4,1,5.0,0.9866
B00021RG0E,2,2.5,0.3566
B00021VGPK,1,5.0,0.9937
B00021VGPU,1,5.0,0.6597
B00021YHT2,2,4.5,0.647
B0002268MA,3,1.3333,0.1029
B0002268R0,1,5.0,0.6705
B00022AM86,1,5.0,0.7964
B00022F2A4,1,5.0,0.9682
B00022VUAK,1,5.0,0.9186
B00023323W,1,5.0,0.9371
B0002337N2,1,5.0,0.872
B00023AZPK,1,5.0,0.9501
B00023E6NM,1,4.0,0.8176
B00023G7JI,1,5.0,0.5719
B00023NFNY,1,4.0,0.3612
B00023T3C6,2,5.0,0.8812
B00023T3GW,2,5.0,0.9002
B00023T3IA,4,4.5,0.8525
B00023T3J4,2,3.0,0.3246
B000246RSI,2,5.0,0.8621
B000246WIS,1,5.0,0.5574
B00024896G,4,5.0,0.7337
B000249E4W,1,2.0,0.5719
B000249E6A,1,5.0,0.8271
B00024CW1O,6,3.1667,0.6042
B00024D628,4,3.75,0.7423
B00024D9X4,4,2.0,0.5657
B00024DB5K,6,3.8333,0.756
B00024DB6Y,6,4.0,0.776
B00024G8WI,2,5.0,0.6816
B00024H3JK,2,4.0,0.6639
B00024YBX6,1,5.0,0.9186
B000255NUK,1,5.0,0.9628
B000255OIG,35,4.6857,0.7844
B00025644O,4,4.25,0.5826
B00025664W,1,4.0,0.9643
B00025691C,1,4.0,0.9812
B000256DPE,3,5.0,0.6903
B00025DKYG,2,5.0,0.8621
B00025DMXK,1,5.0,0.2732
B00025H3ZS,2,3.0,0.7627
B00025YVH6,6,5.0,0.9269
B00025YVPI,7,4.2857,0.7397
B00025YW9S,3,5.0,0.8993
B000260M96,6,3.6667,0.6692
B000261MX6,1,5.0,0.8591
B000261NR6,1,5.0,0.9201
B000261O02,2,5.0,0.9427
B000265D86,1,5.0,0.9493
B00026DE82,1,3.0,0.6117
B00026KG74,1,5.0,0.9571
B00026O5E4,1,5.0,0.7717
B00026S63A,1,4.0,0.7717
B00026SA8G,2,4.5,0.8149
B000271L90,2,4.0,0.8822
B00027CE28,4,4.0,0.5429
B00027CL5S,16,3.8125,0.7974
B00027CL76,1,5.0,0.6369
B00027DSUA,1,5.0,0.6232
B00027OCVY,1,5.0,0.9025
B00027UVL4,6,3.5,0.6925
B00027VBBS,1,5.0,0.8689
B000280UPK,2,5.0,0.985
B000285MC6,1,5.0,0.1621
B00028HN3M,1,4.0,-0.2023
B00028HN46,1,5.0,0.7689
B00028HN4G,2,3.0,0.4716
B00028HN5A,22,4.1364,0.5694
B00028HN64,4,5.0,0.6052
B00028LDJ2,1,1.0,0.8271
B00028LDJC,4,3.75,0.5764
B00028LFUY,1,5.0,0.6597
B00028LG9O,1,4.0,0.9735
B00028LGBM,1,2.0,0.9022
B00028LGDK,1,5.0,0.796
B00028LJ4Q,1,5.0,0.9819
B00028LRES,1,5.0,0.807
B00028LTJG,1,5.0,0.875
B00028LU3Q,1,5.0,0.5719
B00028LU40,4,3.5,0.5042
B00028LVKS,1,5.0,0.6384
B00028LVWG,1,3.0,0.8176
B00028M72E,2,5.0,0.9784
B00028MI1O,1,5.0,0.8934
B00028MJ2M,2,4.5,0.5623
B00028MLN4,1,5.0,0.945
B00028MUBM,1,5.0,0.9853
B00028MUDA,6,3.6667,0.6395
B00028N5Q6,2,4.5,0.8312
B00028P3CK,11,4.1818,0.6498
B00028PD7A,3,3.3333,0.8652
B00028PKA0,1,5.0,0.5839
B00028PPPU,1,5.0,0.9873
B00028PVAO,1,5.0,0.8748
B00028Q450,2,5.0,0.8608
B00028Q9NC,1,5.0,0.9831
B00028QD24,1,5.0,0.6486
B00028QDMY,8,4.125,0.6521
B000294DE8,2,3.0,-0.7303
B0002994Q0,3,4.6667,0.8403
B00029F5E0,9,4.1111,0.646
B00029KG4O,1,4.0,0.4404
B00029KOVO,3,4.6667,0.8924
B00029LEEK,1,5.0,0.7506
B00029XN7G,1,4.0,0.8271
B0002AHT84,2,5.0,0.645
B0002APNCS,1,2.0,-0.7184
B0002APS0A,1,3.0,0.8747
B0002AQ1JW,1,3.0,0.0762
B0002AQ1LU,1,5.0,0.9296
B0002AQ1MO,1,5.0,0.5994
B0002AQ23W,1,5.0,0.5994
B0002AQ2VY,3,4.6667,0.4685
B0002AQ2WI,3,4.3333,0.4894
B0002AQ56Q,1,5.0,0.91
B0002AQ5Q6,1,5.0,0.91
B0002AQ7QO,1,1.0,0.5423
B0002AQRMI,2,3.5,0.7002
B0002AQZDE,1,3.0,0.6908
B0002ARQYQ,30,3.7333,0.7113
B0002ARRCC,3,4.0,0.8381
B0002ARSR6,3,3.0,0.817
B0002AS5FA,2,3.0,0.222
B0002AS5FK,1,4.0,0.8271
B0002ASB04,4,3.5,0.1742
B0002ASBZY,1,5.0,0.696
B0002ASC0S,1,5.0,0.765
B0002ASCO4,8,3.75,0.3333
B0002ASCR6,1,4.0,0.9493
B0002ASCRG,1,1.0,-0.1962
B0002ASCRQ,2,5.0,0.8894
B0002ASM94,10,4.3,0.7411
B0002ASMT4,8,4.125,0.8695
B0002ASNAW,1,2.0,0.9439
B0002ATXP6,1,5.0,0.953
B0002AUTY0,2,5.0,0.7238
B0002AWQ0A,2,5.0,0.8183
B0002AX2Z8,1,5.0,-0.0516
B0002AZWX8,1,3.0,-0.0772
B0002AZWYC,5,5.0,0.6295
B0002B034K,1,5.0,0.6379
B0002BFZ48,1,5.0,0.7003
B0002BKAZW,1,5.0,0.8979
B0002BKIRW,4,5.0,0.9774
B0002BL3PI,1,5.0,0.9117
B0002BQLSM,2,5.0,0.956
B0002CA3XK,3,3.6667,0.106
B0002CDZD0,2,5.0,0.6373
B0002CPC0O,1,1.0,0.1779
B0002CRZRC,1,5.0,0.93
B0002CRZRW,2,3.0,0.7008
B0002CTP4S,1,5.0,0.9908
B0002D1590,2,4.5,0.8218
B0002D8MBY,3,3.6667,0.8778
B0002D9YIY,1,1.0,0.5267
B0002DD8S6,5,5.0,0.5314
B0002DGJS2,10,3.7,0.7397
B0002DGL26,4,3.75,0.4338
B0002DGM5M,2,3.0,0.6412
B0002DGM6Q,2,5.0,0.8326
B0002DGRPC,32,4.75,0.8331
B0002DGRQ6,25,4.8,0.8218
B0002DGRRA,34,4.8529,0.7818
B0002DGRSY,27,4.9259,0.8598
B0002DGRZC,40,4.725,0.8055
B0002DGSRO,6,3.3333,0.4597
B0002DGT1Y,1,1.0,-0.2732
B0002DH22O,3,3.6667,0.8263
B0002DH5MG,5,1.8,0.0184
B0002DHNLE,6,3.8333,0.7144
B0002DHNXC,6,4.0,0.5971
B0002DHNY6,2,4.0,0.8298
B0002DHQ7A,2,4.0,0.8058
B0002DIBI8,1,5.0,0.9601
B0002DIO2G,1,4.0,0.5574
B0002DJ34Y,3,3.3333,0.1154
B0002DJFTW,2,5.0,0.6911
B0002DJFUQ,6,3.6667,0.6696
B0002DJNJE,1,4.0,0.9812
B0002DJZX8,6,1.8333,0.6741
B0002DK2X0,1,5.0,0.959
B0002DK4WO,1,3.0,0.6808
B0002DK60E,6,3.5,0.2934
B0002DOEW0,1,3.0,0.7964
B0002DQYGE,4,4.75,0.6851
B0002DSXVS,3,4.0,0.4076
B0002DU87K,4,5.0,0.6152
B0002E2FH0,4,5.0,0.6762
B0002E2G1U,2,2.5,0.8547
B0002E2GQU,25,3.92,0.6716
B0002E2GT2,2,3.0,0.6242
B0002E3KDI,2,3.0,0.7291
B0002E4EQ0,1,5.0,0.4019
B0002EOVQI,4,4.0,0.1892
B0002EOVVI,1,2.0,0.8074
B0002EOVW2,2,3.0,0.8778
B0002EOW4E,3,3.6667,0.4863
B0002EQTH2,1,5.0,0.7506
B0002EQTI6,1,5.0,0.9335
B0002EQTIG,2,4.0,0.6979
B0002EQTJA,1,5.0,0.9847
B0002EVTEK,1,5.0,0.9576
B0002EW9AI,2,3.0,0.6259
B0002EW9AS,2,5.0,0.4917
B0002EXXD0,1,5.0,0.9674
B0002F5CBA,3,5.0,0.9007
B0002F7MW2,1,1.0,0.7096
B0002F7MX6,2,5.0,0.8048
B0002F9LU8,1,5.0,0.3891
B0002FZC8I,1,4.0,0.9501
B0002G3UWM,2,3.5,0.6934
B0002G3UY0,4,4.25,0.5009
B0002G3UYU,2,5.0,0.897
B0002G3UZE,2,2.5,0.8678
B0002GUJIK,1,5.0,0.8261
B0002GUJJ4,1,5.0,0.7947
B0002H3R2E,5,3.8,0.7949
B0002H3RFG,2,3.5,0.9647
B0002H3SDM,1,5.0,0.985
B0002H3TAO,1,5.0,0.9186
B0002H3TB8,1,1.0,0.6597
B0002H3TBI,3,3.6667,0.8107
B0002H3UGM,1,3.0,0.9595
B0002H3UGW,1,5.0,0.9118
B0002HAAOM,1,5.0,0.9186
B0002HAAXI,1,5.0,0.9382
B0002HAB32,1,5.0,0.9287
B0002HAB64,1,5.0,0.9313
B0002HBOKQ,2,3.0,0.0447
B0002HDLXY,1,3.0,0.8402
B0002HDLZM,1,5.0,0.9877
B0002HDLZW,2,5.0,0.3829
B0002HDM06,5,4.4,0.8047
B0002HDM0G,1,5.0,0.9136
B0002HDM0Q,3,3.6667,0.6425
B0002HDMCE,4,5.0,0.8733
B0002HDMCY,2,5.0,0.6132
B0002HDUTY,1,4.0,0.9682
B0002HLGGI,1,5.0,0.9517
B0002HV63Q,2,5.0,0.9441
B0002HV730,2,5.0,0.8968
B0002HVDNY,1,5.0,0.9152
B0002I0GUY,21,3.8571,0.8373
B0002I0GVI,2,4.0,0.9717
B0002I0GVS,12,4.0833,0.8545
B0002I0GXG,9,3.3333,0.5952
B0002I0LKY,4,3.5,0.8972
B0002IF5C8,1,5.0,0.9287
B0002IF5CI,4,4.75,0.9175
B0002IJXDK,1,4.0,0.7003
B0002IMRNS,2,5.0,0.7443
B0002IMRQA,1,5.0,0.7845
B0002IMRQU,1,5.0,0.9335
B0002IMRTC,2,4.5,0.7249
B0002IMRVU,2,5.0,0.6009
B0002IMS0A,2,5.0,0.9045
B0002IMS5K,2,5.0,0.9052
B0002IMTAY,1,5.0,0.9538
B0002IMTB8,4,3.0,0.8251
B0002IMTDG,1,5.0,0.8176
B0002IOYWA,1,5.0,0.891
B0002IX5XO,4,4.5,0.8982
B0002IZCYY,1,5.0,0.8625
B0002IZD02,2,4.0,0.9708
B0002IZD0M,2,4.5,0.6833
B0002IZD1G,2,5.0,0.8624
B0002J5FMC,3,5.0,0.3762
B0002JA57M,3,5.0,0.8899
B0002JFTNM,3,4.0,0.6284
B0002JFVJE,7,4.0,0.4016
B0002JG0HG,10,3.8,0.5846
B0002JGW7E,1,5.0,0.7998
B0002JTGFE,3,2.3333,0.3951
B0002K6ESK,2,4.0,0.6649
B0002KZYMC,2,5.0,0.739
B0002L2HYY,1,4.0,0.9501
B0002L2IKW,1,5.0,-0.5423
B0002L2ZTG,1,5.0,0.6705
B0002L3BYE,4,2.75,0.1907
B0002L3BYO,7,3.0,0.5204
B0002LD9IW,5,5.0,0.4661
B0002LDAHC,4,5.0,0.9155
B0002LDBVM,1,4.0,0.8979
B0002LEMII,1,5.0,0.0
B0002LEO40,1,3.0,-0.6249
B0002LIU0O,2,4.5,0.3936
B0002M7WG6,1,5.0,0.6705
B0002MBG22,1,5.0,0.8882
B0002MKBWI,1,5.0,0.8748
B0002MKC5O,1,5.0,0.9118
B0002ML18G,2,5.0,0.8481
B0002ML19A,3,4.3333,0.4858
B0002ML1A4,1,5.0,0.9468
B0002ML1IG,1,5.0,0.4404
B0002ML7QW,1,5.0,0.9041
B0002ML7S0,7,3.8571,0.719
B0002ML8D4,2,3.5,0.9064
B0002ML8H0,1,5.0,0.9633
B0002ML9U6,3,5.0,0.9414
B0002MLA5K,12,4.0,0.3685
B0002MLAE6,1,5.0,0.4215
B0002MLAEQ,1,5.0,0.4404
B0002MLAFK,1,5.0,0.9217
B0002MLAG4,1,4.0,0.8176
B0002MRUVI,2,5.0,0.7452
B0002MRUZY,1,5.0,0.7964
B0002MS8GY,1,5.0,0.9341
B0002NNVUG,1,1.0,0.25
B0002NV04K,2,2.5,0.7274
B0002NVKVI,1,4.0,0.8074
B0002NVKWC,2,3.0,0.903
B0002NVKXG,2,4.0,0.7758
B0002NVKY0,1,2.0,0.8126
B0002NVKZ4,6,4.5,0.8127
B0002NVKZO,2,5.0,0.9006
B0002NVL0I,1,5.0,0.9153
B0002NVL12,1,1.0,0.9081
B0002NVL1M,1,2.0,0.8126
B0002NVLJO,3,3.3333,0.3944
B0002NVLK8,3,2.6667,0.4663
B0002NVLLC,1,5.0,0.9824
B0002NVLLW,1,3.0,0.6936
B0002NYMJU,3,5.0,0.7573
B0002NYMK4,2,3.5,0.8081
B0002NYNYO,1,5.0,0.926
B0002NYNYY,4,4.75,0.7941
B0002NYNZS,1,5.0,0.8521
B0002NYO1G,7,4.1429,0.7382
B0002NYO1Q,7,4.1429,0.879
B0002NYO20,3,4.3333,0.5877
B0002NYO2K,3,5.0,0.8666
B0002NYO5W,1,5.0,0.1779
B0002NYO6Q,1,5.0,0.4391
B0002NYO70,6,4.0,0.5218
B0002NYO7U,1,5.0,0.9337
B0002NYO8Y,1,3.0,-0.2732
B0002NYO98,1,5.0,0.5574
B0002NYOIY,1,3.0,0.4215
B0002O0126,2,5.0,0.1848
B0002PCESY,1,5.0,0.8779
B0002PCET8,2,4.5,0.9572
B0002PHD30,1,1.0,-0.4215
B0002PHDAS,1,4.0,0.9747
B0002PHDYO,2,5.0,0.7819
B0002PHEDO,2,3.5,0.4211
B0002PHEFW,2,5.0,0.5695
B0002PHEU2,6,3.8333,0.4654
B0002PHEW0,9,4.4444,0.6492
B0002PHEXE,2,5.0,0.8931
B0002PHEZC,10,4.6,0.7588
B0002PHFBK,1,5.0,0.9117
B0002PHFKQ,1,5.0,0.9349
B0002PPW56,1,3.0,0.7759
B0002PSOJW,14,4.9286,0.8377
B0002PSOLA,2,5.0,0.8131
B0002PUB9S,1,5.0,0.8301
B0002Q1X6C,4,4.0,0.622
B0002Q1XVC,1,5.0,0.765
B0002Q1XVM,1,5.0,0.765
B0002Q1XWG,1,5.0,0.9169
B0002Q1XWQ,1,5.0,0.9169
B0002QEEQI,1,5.0,0.743
B0002QEFEE,1,1.0,0.2263
B0002QEFIK,1,4.0,0.7717
B0002QEHOM,1,5.0,0.4215
B0002QEHTM,1,5.0,0.128
B0002QEIBE,1,2.0,0.9049
B0002QEICI,2,3.5,0.8728
B0002QEIE6,1,5.0,0.9792
B0002QEIF0,1,5.0,0.9432
B0002QEIX2,4,4.75,0.867
B0002QEJM2,1,5.0,0.9186
B0002QEL98,3,3.3333,0.8955
B0002QEYWW,1,1.0,0.3182
B0002QEZAI,1,5.0,0.8126
B0002QF0MA,1,5.0,0.7943
B0002QF0UW,3,3.6667,0.5884
B0002QF1CO,1,5.0,0.8745
B0002QF1LK,2,5.0,0.8709
B0002QF27I,6,4.1667,0.5225
B0002QF42Q,2,5.0,0.6572
B0002QX3Q0,10,4.7,0.7885
B0002R1HVC,7,3.4286,0.7518
B0002R38XC,7,3.8571,0.8098
B0002R5Q1Y,4,3.75,0.7037
B0002RE0K2,3,5.0,0.5602
B0002RE0L6,3,5.0,0.7998
B0002RE17O,1,5.0,0.9963
B0002REY7Q,1,5.0,0.9509
B0002RF86W,1,5.0,0.7964
B0002RJFCK,2,5.0,0.8255
B0002RTYGM,1,5.0,0.985
B0002RWBZS,2,5.0,0.5848
B0002SA9AQ,1,5.0,0.9716
B0002SPRN0,3,3.6667,0.4909
B0002SQ1MG,1,5.0,-0.4197
B0002SQ4HS,1,5.0,0.9833
B0002SQ6SA,1,5.0,0.2677
B0002SW0EY,1,4.0,0.7506
B0002TA77A,4,3.75,0.7921
B0002TIZLA,1,4.0,-0.5221
B0002TJAWS,1,5.0,0.8481
B0002TJAX2,1,5.0,0.8481
B0002TJAXC,1,4.0,0.8442
B0002TJAZK,4,3.5,0.7008
B0002TJB04,2,3.0,0.8552
B0002TJC6M,1,5.0,0.0
B0002TJC7G,1,5.0,0.8271
B0002TJDRA,1,1.0,0.5106
B0002TVW24,3,3.0,0.6496
B0002TVYWW,2,4.5,0.8289
B0002UEEAA,2,5.0,0.9246
B0002UIKSM,1,5.0,0.985
B0002UN690,2,3.0,0.8426
B0002UW3JO,3,5.0,0.8089
B0002VKQ7O,1,5.0,0.8979
B0002VLEUM,1,2.0,0.0
B0002VLEUW,1,5.0,0.9545
B0002VQ4OI,1,5.0,-0.1027
B0002VS31U,1,5.0,0.9335
B0002VUFJS,1,5.0,0.9274
B0002VXYL4,1,5.0,0.7506
B0002VXYQE,1,5.0,0.8779
B0002VXYQY,2,5.0,0.9304
B0002VXZ3Q,1,5.0,0.5267
B0002VXZ40,8,4.75,0.8279
B0002VXZ4A,1,2.0,0.7845
B0002W2F9K,1,5.0,0.7906
B0002WSOEK,4,4.0,0.4414
B0002WT4N0,2,5.0,0.6709
B0002WT552,1,5.0,0.91
B0002X8HB4,15,3.9333,0.7411
B0002X8HOG,1,5.0,0.9601
B0002X8HOQ,1,5.0,0.9652
B0002X9K9M,1,5.0,0.6801
B0002XAFTG,7,4.8571,0.9131
B0002XAG36,2,3.0,0.8998
B0002XAG40,1,4.0,0.4184
B0002XAGN6,2,5.0,0.9482
B0002XAGNQ,1,5.0,0.9657
B0002XEI9O,2,3.5,0.5768
B0002XIB2Y,1,5.0,0.765
B0002XIBHY,1,1.0,0.0276
B0002XIBJ2,3,3.3333,0.254
B0002XIBLA,2,4.0,0.8858
B0002XIBO2,5,5.0,0.8335
B0002XIC0U,1,5.0,0.3612
B0002XIC1O,2,5.0,0.7788
B0002XICLO,1,5.0,0.9393
B0002XICM8,1,5.0,0.6486
B0002XVF4A,1,5.0,0.9413
B0002Y121K,2,5.0,0.8611
B0002Y2TSK,2,2.5,0.5631
B0002Y2TSU,2,5.0,0.8969
B0002Y2TTO,1,5.0,0.8555
B0002Y2TVW,3,2.0,0.2568
B0002Y2TWQ,3,3.6667,0.2741
B0002YB21A,3,5.0,0.593
B0002YB3W8,1,5.0,0.5719
B0002YB3XC,1,5.0,0.8701
B0002YB3ZK,1,5.0,0.9643
B0002YB40O,3,3.6667,0.5549
B0002YBYCW,1,5.0,0.4404
B0002YGSA0,3,5.0,0.7869
B0002YGSBO,1,5.0,0.9779
B0002YGSCI,6,5.0,0.4772
B0002YGSJQ,3,5.0,0.521
B0002YHZH0,1,5.0,0.9762
B0002YW26E,14,3.8571,-0.1921
B0002YX8QC,3,4.0,-0.0566
B0002YX8RQ,2,5.0,0.8602
B0002Z18QI,1,5.0,0.8225
B0002Z18RW,2,5.0,0.8894
B0002Z18SQ,1,5.0,0.4767
B0002Z22GS,1,4.0,0.7958
B0002Z3I9S,1,5.0,0.6597
B0002Z9BF8,2,5.0,0.8982
B0002ZAEEU,1,4.0,0.6908
B0002ZBIYU,1,1.0,0.8378
B0002ZFNI2,1,5.0,0.6369
B0002ZWHKE,1,5.0,0.7096
B000306AUG,2,3.5,0.9294
B00030M38E,1,5.0,0.9612
B000328VL0,2,3.0,0.259
B000328YSA,1,5.0,0.7506
B0003290ME,1,5.0,0.9318
B000329588,1,4.0,0.8126
B000329OOI,3,2.0,0.4088
B000329Z92,1,5.0,0.5719
B00032AIWU,1,5.0,0.6369
B00032ANFC,2,3.0,0.7505
B00032B8O2,1,5.0,0.891
B00032B982,5,3.2,0.3824
B00032BG3K,1,5.0,0.9837
B00032C8T6,4,3.75,-0.0151
B00032CH6A,3,2.6667,0.5978
B00032CNP0,1,5.0,0.9022
B00032COEA,1,5.0,0.9531
B00032CT4A,1,1.0,0.5705
B00032CV0M,1,1.0,0.8074
B00032CV8O,2,5.0,0.8467
B00032CW9W,2,4.0,0.8648
B00032E1J6,1,5.0,0.7965
B00032EGE6,2,5.0,0.3885
B00032EGHI,1,5.0,0.8555
B00032EIAI,2,4.0,0.9644
B00032FS02,5,5.0,0.4837
B00032G1S0,2,4.0,0.4994
B00032GNEW,1,4.0,0.9923
B00032GP1S,2,5.0,0.9544
B00032GS92,2,5.0,-0.2652
B00032H2V0,1,5.0,0.9042
B00032HBAC,1,5.0,0.802
B00032HPBW,1,5.0,-0.6711
B00032IFCU,1,5.0,0.9341
B00032IMHS,1,5.0,0.8402
B00032JI26,1,5.0,0.8457
B00032K7Y4,1,5.0,0.7717
B00032KHL2,2,5.0,0.948
B00032KJSS,1,5.0,0.8036
B00032KL1I,3,3.6667,0.4587
B00032KON8,2,5.0,0.8694
B00032KP28,1,1.0,0.0516
B000371CDO,1,5.0,0.9477
B0003QY3AY,2,3.0,0.5522
B0003QY3KY,2,4.5,0.6626
B0004E7U8M,2,5.0,0.8712
B0004JR8SE,2,5.0,0.9185
B0004LW990,1,5.0,0.3612
B0004LWU26,1,5.0,0.4404
B0004LWU5I,3,3.0,0.6558
B0004LWYOA,1,1.0,-0.1027
B0004LX9ZS,2,5.0,0.4542
B0004LXCZ0,1,5.0,0.8935
B0004LYJ84,1,3.0,0.9848
B0004LYVF0,1,5.0,0.6258
B0004LYXTY,1,5.0,0.9774
B0004LZGJK,1,5.0,0.6369
B0004LZSYS,1,5.0,0.9768
B0004LZYAG,2,4.5,0.8858
B0004M0GZS,1,5.0,0.7003
B0004M1972,1,5.0,0.8251
B0004M1AB2,1,5.0,0.8519
B0004M1J54,1,5.0,0.7003
B0004M1WYM,2,3.0,0.7133
B0004MTM9Y,1,5.0,0.8225
B0004MTZQE,3,5.0,0.7223
B0004MUW84,1,1.0,0.3182
B0004MXOG6,1,5.0,0.902
B0004MZ0O0,1,5.0,0.9682
B0004MZI56,2,3.0,0.868
B0004MZQT4,1,1.0,0.872
B0004MZVIA,1,5.0,0.9808
B0004N08VE,1,5.0,0.8934
B0004N0IBO,1,5.0,0.8176
B0004N1K48,3,3.6667,0.8431
B0005XMC94,1,5.0,0.9451
B0005XMKBO,1,5.0,0.9324
B0005XMKD2,1,5.0,0.4767
B0005XMOI8,1,5.0,0.8313
B0005XMSSO,3,3.6667,-0.0525
B0005XMXQG,2,2.0,0.1195
B0005XN9HI,3,5.0,0.7957
B0005XNHOI,1,3.0,0.0772
B0005XNQQ2,1,5.0,0.7579
B0005XO2ME,3,2.3333,0.8695
B0005XO2O2,1,1.0,-0.5563
B0005XO2OM,1,5.0,0.0516
B0005XO85A,2,5.0,0.8914
B0005XO88C,1,5.0,0.5584
B0005XODQY,2,5.0,0.7808
B0005XOT8Q,1,4.0,0.7096
B0005XP1E2,1,5.0,0.9717
B0005XP6HO,1,5.0,0.8271
B0005XP6J2,1,5.0,0.8015
B0005XP6JW,1,5.0,0.8225
B0005YKSGM,1,5.0,0.7506
B0005YKSI0,1,4.0,0.6124
B0005YKX1M,1,5.0,0.6552
B0005YL6QI,2,3.0,-0.0005
B0005YLBQ8,1,5.0,0.0
B0005YLL9K,2,5.0,0.9527
B0005YLTQA,1,5.0,0.9153
B0005YM306,1,5.0,0.3987
B0005YM60I,1,5.0,0.7964
B0005YMACM,4,4.75,0.9314
B0005YMK68,1,5.0,0.9716
B0005YMLQW,1,4.0,0.7184
B0005YMPX6,3,5.0,0.5249
B0005YN0I0,1,1.0,0.8591
B0005YN4N6,1,5.0,0.836
B0005YN61Q,1,5.0,0.9531
B0005YN6VG,8,5.0,0.7984
B0005YVCX0,1,5.0,0.9561
B0005YVIK2,1,5.0,0.9434
B0005YVQGI,1,5.0,0.7269
B0005YVT0Q,1,5.0,0.8591
B0005YVY8S,2,1.5,0.3689
B0005YW0TU,4,2.75,0.4448
B0005YW8C4,1,1.0,-0.6705
B0005YWH2U,1,5.0,0.9796
B0005YWN88,2,5.0,0.4404
B0005YX1BG,3,3.3333,0.7798
B0005YX1NE,3,5.0,0.8306
B0005YX2QA,1,5.0,0.9893
B0005YX4B8,1,2.0,0.0
B0005YX9HM,1,1.0,-0.1027
B0005YXF8A,3,5.0,0.7196
B0005YXLCU,1,5.0,0.802
B0005YXLES,1,5.0,0.6691
B0005YXP9Y,2,4.5,0.929
B0005YXXFU,1,5.0,-0.1729
B0005YXXTG,1,1.0,-0.0258
B0005YYESK,1,5.0,0.9042
B0005Z6F5O,1,1.0,-0.2023
B0005Z6FIQ,1,5.0,0.946
B0005Z6LLW,1,5.0,0.9872
B0005Z6ZK4,3,4.6667,0.648
B0005Z779C,1,5.0,0.9657
B0005Z7NSM,1,5.0,0.8658
B0005Z7PI0,7,4.5714,0.8894
B0005Z7ROW,1,5.0,0.8849
B0005Z7U9O,1,5.0,0.5859
B0005Z7YKO,1,5.0,0.9382
B0005Z83E0,1,5.0,0.9601
B0005Z849O,1,4.0,-0.0516
B0005Z8NCM,4,4.5,0.483
B0005ZGPFE,1,5.0,0.7964
B0005ZH22O,1,5.0,0.8934
B0005ZH4QI,1,4.0,0.6597
B0005ZHEYK,1,3.0,0.9509
B0005ZHOUO,1,5.0,0.891
B0005ZHPFI,4,4.0,0.614
B0005ZI174,1,5.0,0.9506
B0005ZIAF2,2,2.5,0.4754
B0005ZIC1O,3,3.6667,0.7173
B0005ZJ4RU,1,5.0,0.7906
B0005ZJ8JY,1,1.0,0.25
B0005ZU8XO,1,4.0,0.7845
B0005ZUAVE,1,5.0,0.7707
B0005ZUG86,2,5.0,0.9359
B0005ZUV4A,1,4.0,0.2732
B0005ZVGLW,1,5.0,0.3818
B0005ZVON2,2,5.0,0.9543
B0005ZVOPA,2,5.0,0.8841
B0005ZVX1U,1,5.0,0.8834
B0005ZW3VY,2,2.0,0.6846
B0005ZWBPC,1,5.0,0.9531
B0005ZWBRK,1,5.0,0.9756
B0005ZX38Q,1,5.0,-0.5233
B0005ZXPPW,2,5.0,0.1292
B0005ZXPY8,3,5.0,0.7481
B0005ZXX1S,1,5.0,0.9545
B0005ZYFKQ,1,5.0,0.2732
B0005ZYKCE,1,5.0,0.4404
B0005ZYSHQ,4,4.75,0.8066
B0005ZYSI0,4,4.5,0.8121
B0005ZYSIA,2,5.0,0.9888
B0005ZZ4B0,1,5.0,0.9595
B0005ZZADW,1,5.0,-0.4019
B0005ZZE6A,1,1.0,0.4019
B0005ZZI8E,1,5.0,0.8176
B0005ZZVJK,1,5.0,0.8689
B00060047I,1,5.0,0.8979
B0006004C8,4,4.75,0.8228
B00060055O,2,4.5,0.7355
B00060MP8O,2,3.5,0.7007
B00060MRJQ,1,5.0,0.9243
B00060MYVW,1,5.0,0.9565
B00060NPCE,1,5.0,0.9517
B00060NVW8,1,5.0,0.7506
B00060O4DS,1,5.0,0.9774
B00060OG8Q,1,5.0,0.8176
B00060OHZS,1,4.0,0.6486
B00060ONFW,1,2.0,0.8366
B00060PCJI,1,5.0,0.6249
B00060PDHE,1,4.0,0.7717
B00060PII8,1,5.0,0.6908
B00060PJK0,1,1.0,-0.25
B00060PTLO,8,4.875,0.8674
B00060QK4E,1,5.0,0.8286
B00060QOQI,1,4.0,0.9623
B00060QWOC,1,5.0,0.9371
B000612VL4,1,5.0,0.7564
B000612XM6,1,5.0,0.8807
B0006136E0,1,5.0,0.2023
B00061C2P4,2,5.0,0.7982
B00061DBE0,1,5.0,0.7184
B00061DNHA,1,5.0,0.9913
B00061E7UC,1,4.0,0.9623
B00061EMX4,1,5.0,0.9442
B00061ENEC,2,5.0,0.8996
B00061ENJW,1,4.0,0.4215
B00061EOSW,1,1.0,0.7003
B00061EPKE,2,5.0,0.6379
B00061EPZO,1,5.0,0.9651
B00061ER5C,1,5.0,0.9001
B00061EU1I,1,5.0,0.9623
B00061EU6S,1,4.0,0.9349
B00061EUN6,4,4.0,0.8124
B00061EVPS,1,4.0,0.9873
B00061EXBU,2,3.0,0.8634
B00061EYVO,1,5.0,0.9473
B00061EZ72,1,5.0,0.5423
B00061EZBS,3,5.0,0.2001
B00061EZRC,1,5.0,0.9493
B00061IS2A,1,5.0,0.9726
B00061KXUA,5,4.2,0.3692
B00061KXV4,2,4.5,0.9724
B00061KYHW,2,5.0,0.7585
B00061KYLS,1,5.0,0.831
B00061KYTU,3,3.6667,0.8243
B00061KYVI,1,5.0,0.6705
B00061KYYK,1,5.0,0.9808
B00061KZ1M,1,5.0,0.9565
B00061KZ2G,1,5.0,-0.8807
B00061KZ44,2,5.0,0.6457
B00061KZJE,1,5.0,0.4767
B00061KZLC,1,5.0,0.9839
B00061KZOE,1,5.0,0.7096
B00061MIZ8,1,2.0,0.9722
B00061MRB8,5,4.0,0.7798
B00061MRU4,2,2.0,0.738
B00061MUJ2,1,2.0,-0.6124
B00061MUNS,3,4.6667,0.6876
B00061MUR4,1,1.0,0.8075
B00061MV14,1,5.0,0.9347
B00061MVTG,6,4.3333,0.7451
B00061MW36,1,5.0,0.836
B00061NF3W,1,4.0,0.8834
B00061NJ06,5,4.6,0.8848
B00061R4AW,4,4.25,0.9231
B00061U6AW,2,2.5,0.3088
B00061UKKS,2,3.5,0.7476
B00061URQA,2,5.0,0.8192
B00061V138,3,2.6667,0.8143
B00061V3H2,2,3.0,0.8454
B00062MSWK,2,3.0,0.8064
B00062XZEU,3,5.0,0.4728
B000633JMC,2,5.0,0.5296
B000633KRG,1,5.0,0.9023
B000633NXM,12,4.0833,0.5709
B000633ONG,1,5.0,0.9666
B000633ONQ,1,4.0,0.9538
B000633OUE,1,5.0,0.9819
B000633PLC,1,2.0,0.6808
B000633PQ2,1,5.0,0.8834
B000633PQM,1,4.0,0.9468
B000633PTY,1,5.0,0.9184
B000633QVG,3,1.6667,0.447
B000633RB0,1,5.0,0.6249
B000633T6I,1,1.0,0.0
B000633T6S,1,1.0,-0.128
B000633UNA,1,5.0,0.9717
B000633UPS,1,5.0,0.765
B000633V3E,4,3.75,0.7314
B000633V3O,6,5.0,0.7913
B000633V48,1,5.0,0.6597
B000633WEW,1,1.0,0.2263
B000633X4Q,2,3.0,0.905
B000633XH8,1,2.0,0.9975
B000633Y40,6,4.5,0.6745
B000633Y4A,9,4.3333,0.5739
B000633YIQ,2,5.0,0.9826
B000633Z5I,1,4.0,0.765
B000633Z8A,6,4.8333,0.8821
B000633ZA8,2,4.5,0.8052
B000633ZAI,2,4.5,0.8985
B000633ZI0,1,5.0,0.9783
B00063402K,1,5.0,0.92
B000634174,2,2.0,-0.2705
B0006341OC,4,4.25,0.6001
B0006341Z6,1,5.0,0.7351
B00063425K,1,5.0,0.8779
B0006342AU,3,4.6667,0.9196
B00063431I,1,5.0,0.9001
B00063431S,2,3.0,0.006
B00063434K,3,4.3333,0.8048
B0006344DK,7,4.4286,0.7116
B0006345MK,2,5.0,0.9565
B0006345PW,11,3.5455,0.6402
B0006345XY,2,4.5,0.4903
B0006345Z2,1,5.0,0.9584
B000634642,1,5.0,0.9945
B00063464C,1,5.0,0.8271
B00063464M,1,3.0,0.9245
B00063465Q,1,5.0,0.9902
B0006346M4,1,5.0,0.6597
B0006346RY,1,5.0,0.802
B0006346S8,4,3.25,0.1253
B00063480E,1,5.0,0.9628
B00063480O,2,5.0,0.803
B0006348H2,6,4.6667,0.8476
B0006348I6,1,5.0,0.9906
B0006348IG,1,5.0,0.936
B00063490S,2,5.0,0.8482
B000634962,1,5.0,0.4939
B0006349W6,1,5.0,0.9313
B0006349WG,3,3.6667,0.7181
B0006349WQ,1,5.0,0.4588
B0006349ZS,2,5.0,0.9424
B000634A1G,3,3.6667,0.939
B000634A6Q,1,5.0,0.9041
B000634CK0,2,5.0,0.7135
B000634CO6,1,5.0,-0.383
B000634D68,1,5.0,0.7574
B000634EZS,2,4.5,0.972
B000634FVG,1,5.0,0.9658
B000634HD2,2,5.0,0.9087
B000637TNW,1,5.0,0.9168
B00063DZA8,1,4.0,0.4404
B00063DZT4,1,5.0,0.6115
B00063E07A,1,1.0,-0.631
B00063KGEG,4,4.0,0.8358
B00063KHCC,3,4.0,0.7364
B00063KNX0,5,4.6,0.7803
B00063KO34,1,5.0,0.9042
B000643E1C,1,5.0,0.9926
B00064KAAA,1,5.0,0.8999
B00064OHZ4,3,4.0,0.8216
B00064OHZE,1,2.0,0.7506
B00064VQNU,11,4.8182,0.6747
B00064VQO4,15,4.5333,0.6991
B00064YZBK,1,4.0,0.6361
B00065APY0,1,5.0,0.7778
B00065AQ3K,1,5.0,0.886
B00065AQ4O,1,4.0,0.9753
B00065ELCM,2,5.0,0.158
B00065ELCW,1,5.0,0.9757
B00065KAY0,1,5.0,0.5267
B00065KBSK,3,4.6667,0.5828
B00065LI0A,4,3.0,0.914
B00065PENM,1,1.0,0.4939
B00065XVVY,1,5.0,0.7096
B0006606V6,1,2.0,0.9244
B000660LZC,1,5.0,0.9816
B000660MPQ,1,4.0,0.9509
B000660MQA,1,1.0,0.91
B00066CRRM,1,5.0,0.4201
B00066CRXG,1,1.0,-0.3415
B00066CX94,2,5.0,-0.1058
B00066DEV0,1,4.0,0.1027
B00066N8RA,3,2.3333,0.9213
B00066N9EM,1,5.0,0.9843
B00066N9OC,2,4.5,0.9817
B00066N9P6,1,5.0,0.6573
B000673RAC,1,5.0,0.979
B00067632Q,2,4.5,0.9696
B0006766C8,3,3.6667,0.4273
B00067C0GY,1,1.0,0.4767
B00067ED4Q,1,5.0,0.9764
B00067ITNW,2,5.0,0.9426
B00067LYEI,1,5.0,0.9686
B000687N5G,1,4.0,0.2732
B00068DSHS,3,4.6667,0.4745
B00068DSIC,1,5.0,0.4215
B00068J9VW,1,5.0,0.2911
B00068K5UQ,2,3.0,0.4796
B00068K63C,3,3.6667,0.6725
B00068K7UE,3,3.6667,-0.1133
B00068PCTU,6,4.3333,0.7647
B00068PCU4,1,5.0,0.9928
B00068R7W0,3,2.3333,0.5858
B00068U4PW,1,4.0,0.5106
B00068VAK0,1,2.0,0.9854
B00069C36Y,1,5.0,0.9538
B00069IHO6,1,5.0,0.9026
B00069ZJRE,1,5.0,0.7003
B0006A7HIC,1,3.0,0.872
B0006B03GE,1,1.0,0.0
B0006B3LQI,2,3.5,0.0147
B0006B4IH4,1,5.0,0.743
B0006B4IHE,1,5.0,0.6124
B0006B4IHO,5,4.8,0.763
B0006B4IHY,1,5.0,-0.296
B0006B4IIS,1,5.0,0.9781
B0006B6U3O,1,5.0,0.9816
B0006BC3EY,1,5.0,0.6872
B0006BCAJM,1,5.0,0.9134
B0006BDCPI,1,5.0,0.836
B0006BHIO4,2,5.0,0.7745
B0006BHPE2,1,3.0,-0.3523
B0006DONTA,1,5.0,0.7964
B0006DOO1M,1,1.0,0.3612
B0006DQDPW,1,1.0,0.4588
B0006FJLAY,3,4.3333,0.819
B0006FLWY2,1,5.0,0.8655
B0006FS4TI,2,5.0,0.8308
B0006G1K9I,4,4.0,0.877
B0006G1KAM,2,5.0,0.8827
B0006G54KY,1,4.0,0.5719
B0006G54LS,1,2.0,0.836
B0006G54OA,1,5.0,0.6369
B0006G5KE4,2,3.0,0.1676
B0006G5KEE,1,5.0,0.9698
B0006G5KEY,4,3.25,0.5756
B0006G5KF8,1,5.0,0.8805
B0006G5N0K,2,4.0,0.7628
B0006G5N1Y,2,3.0,-0.2582
B0006G5PHQ,1,5.0,0.967
B0006G5QC0,2,5.0,0.8984
B0006G86BS,2,5.0,0.9404
B0006G86CM,4,4.25,0.5767
B0006G86D6,1,5.0,0.902
B0006G9BIA,1,2.0,0.984
B0006GK8H8,1,5.0,0.2023
B0006GRBNC,2,4.0,0.8164
B0006GRBQE,1,4.0,0.6124
B0006GRBUA,2,4.0,0.7326
B0006GRC0Y,1,1.0,-0.7717
B0006GRC2C,1,5.0,0.6369
B0006GSQNG,1,2.0,0.4588
B0006GSXRK,1,4.0,0.9136
B0006GWXQM,1,3.0,0.9246
B0006GWXZS,1,5.0,0.9493
B0006GWY0W,1,5.0,0.7351
B0006GXAK0,1,5.0,0.9686
B0006GXG7M,2,5.0,0.8566
B0006GXLEK,1,5.0,0.7976
B0006GZA6C,6,4.1667,0.9298
B0006H4KR6,1,5.0,0.9556
B0006H6FME,1,5.0,-0.0772
B0006H94QI,2,5.0,0.9514
B0006HCFPA,1,5.0,0.9472
B0006HHT4M,1,5.0,0.8883
B0006HVB96,1,1.0,0.5719
B0006I5M2M,23,4.1304,0.5914
B0006IYHU0,1,3.0,0.9062
B0006J32A0,18,4.5,0.6485
B0006J6GWG,2,5.0,0.877
B0006J6IVA,1,3.0,0.2263
B0006JKWJE,1,5.0,0.4728
B0006JKXH0,1,5.0,0.91
B0006JNQRE,1,1.0,-0.2732
B0006L0TC2,1,2.0,0.8442
B0006L0UBC,1,5.0,0.9118
B0006L0UCG,1,3.0,0.9595
B0006L0UVM,1,5.0,0.9313
B0006L2N1M,1,5.0,0.9575
B0006L50X0,1,4.0,0.7351
B0006L7Y3O,1,4.0,0.7964
B0006LKDS2,6,3.0,0.2973
B0006LXY38,3,3.6667,0.393
B0006LZ2QU,1,3.0,-0.6369
B0006M13WG,7,5.0,0.871
B0006M13X0,2,4.0,0.8606
B0006M13XK,6,4.6667,0.8609
B0006M4ZNK,1,5.0,0.9442
B0006M5YSU,1,5.0,0.7003
B0006M6V8M,2,5.0,0.8951
B0006MU872,1,5.0,0.7783
B0006MU87W,3,4.6667,0.9841
B0006MU8QS,1,2.0,0.4215
B0006MU8R2,1,5.0,0.9442
B0006MU8RC,1,5.0,0.9411
B0006MU8RM,1,3.0,0.8591
B0006MU976,1,5.0,0.9756
B0006MU99O,1,5.0,0.9682
B0006MUF6G,3,4.6667,0.8954
B0006MUK6Q,1,1.0,0.4404
B0006MVRPE,6,4.3333,0.5956
B0006MWN6G,1,3.0,0.7269
B0006MWNP2,17,4.4706,0.8773
B0006MWNPW,4,4.5,0.8786
B0006MWNQ6,3,5.0,0.9829
B0006N5DG2,1,5.0,0.1531
B0006N5DGW,3,4.6667,0.8524
B0006N9CZK,1,1.0,0.4019
B0006N9D0E,1,5.0,0.9812
B0006N9K9I,4,5.0,0.8526
B0006NEA0W,1,4.0,-0.1027
B0006NEDWW,1,5.0,0.9623
B0006NEHLY,3,4.3333,0.9276
B0006NI1OS,1,5.0,0.9368
B0006NI24C,1,1.0,0.4404
B0006NL1D6,1,4.0,0.9524
B0006NL1EU,1,4.0,0.9416
B0006NL1GI,1,5.0,0.6705
B0006NLXKC,3,5.0,0.5434
B0006NLXKM,1,1.0,0.0
B0006NMMN4,1,5.0,0.9324
B0006NNJPY,1,5.0,0.9739
B0006NXOOU,1,5.0,0.9153
B0006NZG28,1,5.0,0.9233
B0006PKB9Y,1,5.0,-0.25
B0006PS1T6,1,1.0,0.2482
B0006PXTI4,1,5.0,0.9716
B0006Q5OAY,2,5.0,0.9109
B0006Q9568,2,3.5,0.7886
B0006Q98PG,1,5.0,0.9761
B0006Q98QK,1,5.0,0.9761
B0006SDRRE,8,5.0,0.8026
B0006SGPIW,1,1.0,0.4215
B0006SJLNS,3,5.0,0.8688
B0006SKCVI,5,4.8,0.5077
B0006SKG3M,1,5.0,0.8558
B0006STN0E,1,5.0,0.8225
B0006TLIG0,1,4.0,0.9187
B0006TLJFA,1,5.0,0.6249
B0006TN016,1,4.0,0.6124
B0006TN01G,1,4.0,0.4215
B0006TQ2TS,1,4.0,0.9594
B0006TV6OE,4,2.25,0.3577
B0006TVYWS,1,5.0,0.7845
B0006U3NIU,10,3.7,0.7162
B0006U3NJ4,2,4.0,0.7214
B0006U7SEA,4,4.5,0.1628
B0006U7SUO,2,5.0,0.8165
B0006U7SVI,5,5.0,0.8961
B0006U7T12,1,3.0,0.4791
B0006U7T1C,5,2.6,0.368
B0006UIHHW,1,5.0,0.9238
B0006UIJVG,3,3.0,-0.1568
B0006V6LEM,1,5.0,0.7717
B0006V6LF6,1,5.0,0.7717
B0006V6LGA,2,4.5,0.8962
B0006V6LJW,1,5.0,0.8
B0006V8L18,1,1.0,-0.0314
B0006VB3S6,15,3.8667,0.8186
B0006VB3SG,9,3.2222,0.5975
B0006VB3SQ,5,3.6,0.7282
B0006VB3T0,6,3.1667,0.8314
B0006VB3TA,3,4.3333,0.9682
B0006VB3TK,4,4.25,0.9623
B0006VB3TU,6,3.1667,0.6551
B0006VB3WC,2,5.0,0.8632
B0006VBXCC,1,5.0,0.836
B0006VL0TI,1,1.0,0.9239
B0006VM0KG,4,4.0,0.6316
B0006VM0LU,4,3.5,0.348
B0006VSXBG,8,4.5,0.4181
B0006VSXBQ,10,4.3,0.9053
B0006YXZ70,2,1.0,-0.1259
B0006Z7NOK,35,4.3429,0.7076
B0006Z7NP4,1,5.0,0.8122
B0006ZHA8E,1,2.0,0.0
B0006ZL2GU,2,3.5,0.7906
B0006ZN4WU,2,5.0,0.846
B0006ZN4XE,4,3.75,0.1073
B0006ZN4Z2,6,5.0,0.7068
B0006ZN52E,5,4.4,0.689
B0006ZN538,8,4.75,0.6509
B0006ZRPKM,1,5.0,0.9883
B0006ZSXMQ,1,5.0,0.8883
B0006ZWSYA,1,5.0,0.4767
B000701HM8,1,5.0,0.9313
B00070P9ZE,1,5.0,0.5859
B00073IVAQ,34,4.1471,0.5087
B00073JVFU,29,4.1379,0.4308
B00073MFRQ,1,5.0,0.9062
B00074W3C2,1,5.0,0.8179
B000769EWW,1,4.0,0.9741
B00076KQ56,1,4.0,0.872
B00076KWQY,2,5.0,0.8176
B00076TQ1G,1,5.0,0.9134
B00076TQ1Q,1,5.0,0.8126
B00078N908,1,5.0,0.9538
B00078N92G,1,5.0,0.8718
B00078N93A,1,5.0,0.9623
B00078N94O,1,5.0,0.1779
B00078N976,1,5.0,0.8563
B00078N9A8,1,4.0,0.4404
B00078N9D0,1,5.0,0.0
B00078VALI,1,2.0,0.7783
B00078VAMW,1,5.0,-0.6983
B00078Y3IU,1,5.0,0.9509
B000793XK8,2,3.0,0.368
B000795WP2,1,5.0,0.296
B0007A0AOY,14,4.3571,0.9159
B0007A0AP8,8,4.875,0.8408
B0007A0APS,18,4.7778,0.8595
B0007A0AQM,59,4.4915,0.809
B0007A0AQW,81,4.6667,0.8769
B0007A0ARG,3,4.3333,0.4811
B0007A0PWG,1,2.0,0.9744
B0007A0PWQ,2,4.0,0.6376
B0007A0PX0,3,4.3333,0.6939
B0007A0PXA,1,5.0,0.9274
B0007A67SC,1,5.0,0.8481
B0007A697G,2,4.0,0.934
B0007A8XV6,1,5.0,0.8051
B0007CHOE6,1,5.0,0.9153
B0007CHPUY,1,5.0,0.9513
B0007CS4GI,1,5.0,-0.4243
B0007CVTQ0,1,4.0,0.6613
B0007DGQAI,4,4.0,0.3795
B0007DGQBM,1,5.0,0.8225
B0007DGQHG,1,5.0,0.8402
B0007DHMU6,1,4.0,0.9973
B0007G9FD0,3,3.6667,0.5242
B0007G9FEE,2,4.5,0.9201
B0007G9FHQ,1,5.0,0.9824
B0007GBPVU,1,5.0,0.7845
B0007GFDP4,1,5.0,0.9348
B0007IQQUS,3,5.0,0.7988
B0007IQQV2,2,4.5,0.8921
B0007IQQVC,1,5.0,0.7964
B0007IQQXA,2,5.0,0.862
B0007IQQXU,3,5.0,0.7598
B0007IR288,2,5.0,0.3506
B0007KHGVY,1,5.0,0.8625
B0007KLGC4,5,3.4,0.3548
B0007KLGCY,1,1.0,0.8834
B0007KLGEC,1,5.0,0.8306
B0007KLGFQ,1,1.0,-0.4767
B0007KM0Z6,1,5.0,0.8687
B0007KNXGQ,1,3.0,0.9533
B0007KQY9E,1,5.0,0.7351
B0007KTLBM,1,5.0,-0.919
B0007LXU0O,1,5.0,0.9581
B0007LXU0Y,1,5.0,0.8957
B0007LXU7M,1,4.0,0.7264
B0007LXU8G,2,4.5,0.8186
B0007LXU9A,12,4.3333,0.7881
B0007LYEQI,2,5.0,0.6117
B0007M4VWO,1,5.0,0.9698
B0007M6Q2W,1,1.0,0.79
B0007MUM6S,5,3.8,0.5803
B0007MXRLU,1,5.0,0.9231
B0007N2184,2,5.0,0.6824
B0007NC13Y,1,5.0,0.9517
B0007NC15W,1,5.0,0.8402
B0007NCH56,2,3.0,0.7184
B0007NFE88,1,4.0,0.8492
B0007NG568,2,5.0,0.8516
B0007NG56I,1,5.0,0.9393
B0007NGIKQ,1,5.0,0.9571
B0007NIWU0,1,3.0,0.8416
B0007NOWMM,12,4.3333,0.7121
B0007O911S,1,5.0,0.9448
B0007OF0F4,1,5.0,0.9287
B0007OPVVW,3,4.0,0.9526
B0007OPVYE,1,5.0,0.8658
B0007OPVZ8,2,4.5,0.5178
B0007OPW4S,1,5.0,0.4019
B0007OPW5C,2,4.5,0.6186
B0007OPW66,1,5.0,0.9371
B0007OPWJS,1,5.0,-0.0534
B0007OPWUM,1,4.0,0.0
B0007OPY2I,1,3.0,0.0772
B0007OPYIW,1,5.0,0.8434
B0007OPYLE,1,5.0,0.4404
B0007OPYLY,1,5.0,0.8885
B0007OVVJI,3,4.6667,0.5737
B0007OVVMU,1,5.0,-0.3818
B0007OVVZ2,1,4.0,0.7972
B0007OVVZW,1,5.0,0.6369
B0007OVW4W,1,3.0,0.5859
B0007OVW6U,1,5.0,0.8055
B0007OVWCO,1,1.0,0.1531
B0007OVWDS,1,5.0,0.4404
B0007OVWLK,1,4.0,0.9552
B0007OVXBO,3,5.0,0.6677
B0007OVXXM,3,4.3333,0.8288
B0007OVXY6,2,5.0,0.8609
B0007OVY0Y,1,2.0,0.9923
B0007PCZ0Q,1,5.0,0.4019
B0007PL6KQ,1,5.0,0.9517
B0007PNKRI,4,4.5,0.9124
B0007PNKRS,3,4.6667,0.8512
B0007PQC3M,2,4.5,0.2119
B0007PRMUE,2,5.0,0.7934
B0007Q2GRC,1,1.0,-0.2872
B0007Q426U,2,5.0,0.4375
B0007QMT7O,1,4.0,0.9217
B0007R4JGM,3,5.0,0.7274
B0007R4JUS,1,2.0,-0.2732
B0007R72HK,1,5.0,0.7184
B0007R9L4M,8,4.75,0.8344
B0007R9L6K,4,4.75,0.676
B0007RAZ5G,2,4.0,0.8878
B0007RAZ9W,3,3.6667,0.7504
B0007RAZB0,1,5.0,0.9524
B0007RL9RY,7,4.7143,0.7427
B0007RO9P8,1,5.0,-0.5696
B0007S70SK,1,5.0,0.969
B0007SN7B4,7,4.8571,0.8179
B0007SN7D2,2,5.0,0.5154
B0007SN8EK,1,5.0,0.9916
B0007SNZ34,1,5.0,0.9804
B0007SNZ52,6,3.8333,0.6383
B0007SNZBG,1,5.0,0.6808
B0007SNZE8,4,5.0,0.7725
B0007SNZGG,2,5.0,0.6348
B0007SNZM0,1,5.0,0.8979
B0007SNZN4,1,5.0,0.6369
B0007SNZNO,3,5.0,0.4852
B0007SNZP2,5,5.0,0.7928
B0007STCYK,1,5.0,0.91
B0007STD0S,1,5.0,0.9545
B0007STDBW,1,1.0,0.8807
B0007SVCH0,1,5.0,0.5719
B0007SVD9M,2,3.0,0.972
B0007TKV9E,2,4.5,0.9061
B0007TZVQW,1,5.0,0.9826
B0007TZW8E,1,5.0,0.9743
B0007U5J40,5,3.0,0.6348
B0007U9LGW,1,5.0,0.9377
B0007UQ73W,8,5.0,0.8646
B0007V11TQ,5,4.8,0.4387
B0007V1Q7I,2,3.5,0.9085
B0007V82C0,1,5.0,0.9287
B0007VDN8S,1,5.0,0.9201
B0007VU160,1,5.0,0.9169
B0007W217G,1,5.0,0.6705
B0007W4VXI,10,4.3,0.5169
B0007W58VC,2,4.0,0.9646
B0007W59MA,2,5.0,0.8664
B0007WFHPY,1,5.0,0.5719
B0007WGV54,1,2.0,0.9485
B0007WGV6S,1,1.0,0.9649
B0007WGVEA,3,5.0,0.8405
B0007WGVF4,1,5.0,0.8591
B0007WK1LY,1,5.0,0.5707
B0007WK1U0,1,5.0,0.2037
B0007WKDTO,1,5.0,0.6705
B0007WKDUS,1,5.0,0.8225
B0007WUOUM,1,5.0,-0.264
B0007XGNQK,2,3.0,0.0715
B0007XNYAS,1,5.0,0.8176
B0007XPS98,12,5.0,0.7684
B0007XSZTI,1,4.0,0.802
B0007XXPUM,1,5.0,0.4939
B0007XXQDS,1,5.0,-0.0772
B0007Y4ZTG,1,1.0,-0.5423
B0007YFKP4,1,5.0,0.9062
B0007YHB38,1,4.0,0.9299
B0007ZGBDS,2,4.5,0.8358
B0007ZGUY8,1,5.0,0.5719
B0007ZKREM,1,5.0,-0.8818
B0007ZKS00,3,3.0,0.7295
B0007ZLRUU,3,3.0,0.784
B0007ZLRVO,5,1.8,0.4607
B0007ZNW1W,2,5.0,0.9248
B0007ZNW2G,5,3.4,0.7824
B0007ZPY18,2,3.0,0.742
B0007ZPY2C,3,4.3333,0.7213
B00080LHJU,1,3.0,0.7003
B00080LHMC,1,5.0,0.8832
B00080OE7W,1,3.0,0.9714
B00080SDWO,1,1.0,-0.5994
B000812K0O,21,4.5714,0.7986
B0008309SW,1,3.0,0.7003
B00085F7SC,1,5.0,0.8313
B00085F9U8,1,5.0,-0.3103
B00085FCDC,1,5.0,0.7024
B00085FFES,1,4.0,0.9334
B00086IBY8,1,1.0,0.6369
B00086ICFG,2,3.0,0.4158
B00086IE18,1,2.0,0.4215
B00086IE4K,1,4.0,0.8481
B00086IF1C,1,5.0,0.6808
B0008D6TDQ,1,1.0,-0.7096
B0008D6TQI,1,5.0,0.7351
B0008D6UVM,1,4.0,0.9618
B0008D6WBA,2,3.0,0.6734
B0008D806A,2,4.5,0.7588
B0008DI8KS,1,5.0,0.7841
B0008DI8LC,1,5.0,0.891
B0008DI8N0,2,4.5,0.9102
B0008DI8NA,1,2.0,0.4404
B0008DI8NU,1,5.0,0.8074
B0008DI8OY,1,5.0,0.783
B0008DIARY,1,5.0,0.2732
B0008DIBNC,1,1.0,-0.0258
B0008DJDAC,1,5.0,0.8126
B0008F5O2Q,2,4.5,0.8482
B0008GIEKO,1,5.0,0.9794
B0008IT3YS,1,5.0,0.9705
B0008IT442,1,5.0,0.8271
B0008IT47E,2,5.0,0.7516
B0008IT4BA,1,5.0,0.9531
B0008IT4F6,2,4.5,0.8676
B0008IT4GK,1,3.0,0.9818
B0008IT4OM,25,3.84,0.7611
B0008IUQE4,1,5.0,-0.1265
B0008IUUJU,1,5.0,0.4404
B0008IUUL8,1,2.0,0.743
B0008IUUWM,1,5.0,0.946
B0008IUV0I,2,5.0,0.7621
B0008IUV12,1,5.0,0.6808
B0008IUV5I,3,5.0,0.5684
B0008IV4W2,1,5.0,0.855
B0008JEYOQ,1,5.0,0.7783
B0008JEZ36,1,5.0,0.9833
B0008JEZ8G,2,5.0,0.6273
B0008JEZ9K,1,5.0,0.9022
B0008JF9FY,1,3.0,0.9552
B0008JGW96,1,5.0,-0.5423
B0008JGWNW,1,5.0,0.8519
B0008JGWRI,1,5.0,0.9231
B0008JGWT6,1,5.0,0.9081
B0008JGWU0,3,1.3333,-0.6472
B0008JGWUK,1,5.0,0.8225
B0008MFDZW,1,5.0,0.9761
B0009291K4,1,5.0,-0.1531
B00092LTDG,1,3.0,-0.4588
B00092LTDQ,1,4.0,0.8591
B00092M46C,1,5.0,0.8834
B000930EOK,1,5.0,0.9887
B0009327VS,1,5.0,0.6749
B000934F1S,1,5.0,0.6249
B000934VAI,3,3.6667,0.3732
B000935SFA,1,3.0,0.743
B00093CH18,1,5.0,0.6249
B00094D202,2,5.0,0.9798
B00094HIZC,2,5.0,0.7828
B00094JEUO,1,4.0,0.975
B00094K34A,2,2.0,0.6152
B00097C4GW,1,5.0,0.9506
B00099XKXG,4,4.25,0.9635
B00099XMRU,3,3.6667,0.8449
B00099XN7O,1,5.0,0.7964
B00099XNG0,3,2.0,0.4829
B00099XNZ6,17,4.4706,0.764
B00099XO14,2,2.5,0.5201
B00099XOQ4,1,5.0,0.9945
B00099XOQO,1,3.0,0.9286
B00099XOQY,1,5.0,0.9287
B00099XOR8,1,1.0,-0.7184
B00099XOVO,1,5.0,0.8004
B00099XOW8,1,4.0,0.9325
B00099XP5Y,1,3.0,-0.6249
B00099XPHC,1,5.0,0.936
B00099XQ08,1,4.0,0.6486
B00099ZGFG,1,5.0,0.8316
B0009AFFLK,1,1.0,0.6249
B0009AFL8C,1,2.0,-0.4423
B0009AFWYA,1,4.0,0.5719
B0009AFWYK,1,5.0,0.9246
B0009AFWYU,2,5.0,0.6692
B0009AHL12,1,1.0,0.6249
B0009AJQ0G,1,1.0,0.6249
B0009AJQ0Q,1,1.0,0.6249
B0009C8NGC,1,5.0,0.961
B0009C9IZC,1,5.0,0.9567
B0009CEX66,2,5.0,0.9272
B0009DXVP4,3,4.0,0.5318
B0009DY554,4,3.75,0.2698
B0009E6ZEM,1,5.0,0.927
B0009EHNXE,2,4.0,0.6382
B0009EIOPK,1,5.0,0.8519
B0009ET7SS,3,4.0,0.683
B0009ET7TC,5,4.2,0.7669
B0009ETA6W,26,4.2308,0.5412
B0009ETA76,31,4.0645,0.4319
B0009F2CPM,1,5.0,0.6801
B0009F2ENC,1,5.0,0.5986
B0009F3MBK,3,4.6667,0.7675
B0009F3PGC,5,4.6,0.7641
B0009F3PHQ,5,4.0,0.6837
B0009F3PI0,1,5.0,0.5809
B0009F3PIA,1,5.0,0.9601
B0009F3PIK,1,2.0,0.987
B0009F3PJ4,5,5.0,0.8717
B0009F3PK8,1,5.0,0.9916
B0009F3PLC,1,5.0,0.9062
B0009F3PLM,4,5.0,0.4631
B0009F3PM6,6,4.5,0.8384
B0009F3PN0,2,5.0,0.9528
B0009F3POE,2,5.0,0.6696
B0009F3POO,3,4.6667,0.6626
B0009F3POY,49,4.3265,0.6054
B0009F3PP8,7,5.0,0.6636
B0009F3PQ2,3,5.0,0.2689
B0009F3PQM,1,5.0,0.91
B0009F3QKM,4,4.0,0.3322
B0009F3QKW,12,4.3333,0.8898
B0009F3QL6,9,4.6667,0.8998
B0009F3QLG,8,4.0,0.7042
B0009F3QLQ,7,4.8571,0.4924
B0009F3S78,8,4.5,0.727
B0009F3S7I,2,5.0,0.9398
B0009F3SA0,16,4.25,0.5414
B0009F3SAA,1,5.0,0.8957
B0009F3SAK,10,4.4,0.8588
B0009F3SAU,5,4.4,0.9011
B0009F3SB4,6,3.5,0.6503
B0009F3SBE,2,5.0,0.9281
B0009F3SBY,16,4.5625,0.891
B0009F3SC8,15,4.4,0.8062
B0009F3SD2,4,4.5,0.8774
B0009F3SDC,5,4.0,0.85
B0009F3SDM,4,5.0,0.8351
B0009F3SDW,2,4.5,0.8338
B0009F3SE6,2,3.5,0.3031
B0009F3SEG,4,4.75,0.8847
B0009F3SEQ,3,4.6667,0.9751
B0009F3SF0,6,5.0,0.8535
B0009F3SFA,10,4.3,0.5816
B0009F3SFK,8,4.875,0.7
B0009F3VK2,1,5.0,0.9647
B0009F46O2,1,4.0,0.8779
B0009F4OIK,1,2.0,0.5574
B0009F5RXQ,2,5.0,0.8754
B0009F5RY0,2,5.0,0.9706
B0009F8JRC,5,4.6,0.794
B0009F8M6U,1,5.0,0.9451
B0009FASHQ,1,5.0,0.685
B0009FHDB0,1,5.0,0.9698
B0009H7R9Q,2,5.0,0.8962
B0009H9SMU,5,4.0,0.7817
B0009HGVWA,1,5.0,0.6249
B0009HL7CY,4,3.0,0.1968
B0009I8NSO,1,3.0,0.9914
B0009ILHFU,3,5.0,0.9001
B0009INHQM,3,5.0,0.5194
B0009IR4CK,5,4.8,0.8332
B0009ITHI4,1,4.0,0.8979
B0009J27XA,1,5.0,0.7506
B0009JHVN6,1,5.0,0.9612
B0009JI7O8,2,5.0,0.6253
B0009JJB4S,2,5.0,0.9424
B0009JJB6G,11,4.9091,0.83
B0009JJB7A,2,3.5,0.7847
B0009JMKJQ,2,5.0,0.904
B0009JMW1C,1,5.0,0.5256
B0009JOX2S,1,5.0,0.6249
B0009JQ21I,1,5.0,0.5719
B0009JQK9C,5,4.0,0.5656
B0009JQRHC,1,5.0,0.6369
B0009JRH1C,6,4.1667,0.8916
B0009JRKDC,8,4.75,0.8
B0009JRUL4,1,5.0,0.4588
B0009JRUT6,1,5.0,0.9879
B0009JUPOS,1,5.0,0.8561
B0009JVRXG,1,5.0,0.9694
B0009K3FAI,2,5.0,0.8946
B0009K77O8,5,4.6,0.7412
B0009K77OI,6,4.3333,0.738
B0009K9D1S,3,3.6667,0.6062
B0009K9D22,1,5.0,0.9859
B0009KIQ20,1,3.0,0.0258
B0009L4QWI,6,4.1667,0.812
B0009MMK66,2,4.0,0.8896
B0009O1G7I,2,5.0,0.8518
B0009O90IK,2,3.0,0.3266
B0009OD4EQ,1,3.0,0.8316
B0009OMU00,2,4.0,-0.0591
B0009ORSRK,1,5.0,0.9896
B0009OXF68,2,4.0,0.7146
B0009OXF6I,1,2.0,0.6227
B0009OXF6S,1,5.0,0.9231
B0009P5EJS,6,3.3333,0.4648
B0009P5Y9I,5,2.6,0.6189
B0009P68KM,2,4.5,0.8536
B0009P82YM,1,4.0,0.8176
B0009PAIKI,2,4.0,0.7156
B0009PAIOE,1,5.0,0.7096
B0009PAVQY,3,4.0,0.7617
B0009PCORI,1,5.0,0.9578
B0009PJRMS,5,4.0,0.9288
B0009PL42E,2,3.0,0.8235
B0009PM5DQ,1,5.0,0.1779
B0009PMMLQ,3,4.6667,0.5397
B0009PULY6,2,4.5,0.7312
B0009QS44E,2,5.0,0.8615
B0009QU7L2,1,5.0,0.8126
B0009QV8OW,1,1.0,0.4939
B0009QVWP2,1,5.0,0.9485
B0009QWTQ8,1,1.0,0.4019
B0009QYADI,1,5.0,0.836
B0009QYJWA,1,5.0,0.8481
B0009QYK0Q,1,5.0,0.9493
B0009R0626,1,5.0,0.4033
B0009R5J1E,3,4.3333,0.9499
B0009T8C0C,1,5.0,0.8689
B0009TMUT6,2,4.5,0.8235
B0009TMZIM,8,2.875,0.5147
B0009TN7F2,2,5.0,0.853
B0009TQC90,3,3.0,0.8555
B0009U5OSE,2,5.0,0.8474
B0009UUMO0,1,5.0,0.9805
B0009V21A2,1,4.0,0.3612
B0009VFGKO,2,4.0,0.7871
B0009VKOG0,1,5.0,0.9896
B0009VO58S,21,4.1905,0.6288
B0009VZKRS,1,1.0,-0.128
B0009VZP6Y,5,5.0,0.8156
B0009W7L3S,1,5.0,0.8519
B0009WDPLK,1,2.0,0.8988
B0009WDQAK,1,5.0,0.7845
B0009WGUK8,1,5.0,0.8425
B0009WMC8C,2,1.5,0.9678
B0009WMCBE,1,5.0,0.3219
B0009WMEL2,5,4.0,0.817
B0009WSCQ8,7,4.8571,0.7019
B0009WSCRW,1,5.0,0.9701
B0009WY4W4,2,5.0,0.935
B0009X0R38,2,5.0,0.8956
B0009X0RA6,13,3.7692,0.7501
B0009X0TVS,3,4.0,0.8328
B0009X29XY,1,5.0,0.5719
B0009X2A60,9,4.3333,0.929
B0009X2AB0,1,5.0,0.9638
B0009X49XC,2,4.0,0.8946
B0009X62ZA,1,5.0,0.9726
B0009X63DG,1,5.0,0.9509
B0009X63VS,3,4.3333,0.7828
B0009X6REG,2,4.5,0.9674
B0009XF8RI,2,3.0,0.6866
B0009XJQ1W,1,5.0,0.7269
B0009XLVC4,1,5.0,0.901
B0009XLVG0,1,1.0,0.296
B0009XLVGA,1,1.0,-0.9442
B0009XPD64,10,3.0,0.2368
B0009XQRUK,3,2.6667,-0.1776
B0009XQSAY,1,1.0,0.8519
B0009XQWDM,21,3.5238,0.4317
B0009XQWDW,1,5.0,0.9803
B0009XSXZM,18,3.7778,0.6174
B0009XTVKS,1,5.0,0.8934
B0009XUAX0,9,4.0,0.6398
B0009XVYA8,1,1.0,0.6249
B0009XVYAI,1,5.0,0.9248
B0009Y4FXK,1,5.0,0.8225
B0009Y8AGI,19,3.6842,0.5662
B0009YD7P2,6,3.3333,0.3416
B0009YD8ME,5,3.8,0.9201
B0009YF3TU,4,4.25,0.4299
B0009YF43K,5,3.0,0.358
B0009YF43U,5,4.0,0.8556
B0009YHTS8,2,3.0,0.4278
B0009YJ4CW,45,3.4889,0.8453
B0009YJXTG,1,5.0,0.9485
B0009YL2QS,1,2.0,0.9883
B0009YL2R2,1,5.0,0.9274
B0009YSD6U,1,1.0,0.9654
B0009YUCZA,2,5.0,0.955
B0009YUDHC,1,5.0,0.765
B0009YUEG2,17,3.5294,0.7104
B0009YUG9M,1,5.0,0.6948
B0009YUGA6,4,3.75,0.4465
B0009YUGAG,5,3.8,0.7678
B0009YUI6I,2,5.0,0.6718
B0009YUI86,5,3.0,0.6024
B0009YWHA8,1,5.0,0.9529
B0009YWMVM,4,5.0,0.9373
B0009YWMYE,1,5.0,0.9652
B0009YX9UU,1,3.0,0.9595
B0009YXA1S,2,4.5,0.833
B0009YYKQM,1,1.0,-0.908
B0009YYQZ2,1,5.0,0.4588
B0009YYQZW,3,4.0,0.343
B0009YYSDW,1,2.0,0.4939
B0009Z0WSQ,3,3.6667,0.8916
B0009Z17GM,2,5.0,0.9082
B0009Z9FFW,2,4.0,0.0321
B0009ZC482,3,3.3333,0.4649
B000A0BOW8,2,1.0,0.0377
B000A0ICY6,3,3.6667,0.6195
B000A0IGE2,1,3.0,0.9873
B000A0LFH2,2,4.5,0.7728
B000A0OG5K,1,1.0,0.0
B000A0PNA2,2,4.5,0.799
B000A0VOD2,2,3.0,0.0714
B000A0WLFC,1,5.0,0.9451
B000A0WMX8,1,5.0,0.6801
B000A0WMXS,1,5.0,0.8689
B000A0YHO0,3,4.6667,0.3118
B000A10TV4,7,5.0,0.7433
B000A11IRI,2,5.0,0.749
B000A1B7EC,1,1.0,0.6378
B000A28TJ2,2,5.0,0.9832
B000A2BCJG,16,3.6875,0.4812
B000A2KJ7M,3,3.6667,0.3233
B000A3I3BA,12,3.5,0.553
B000A3SJ8W,2,5.0,0.885
B000A3TWOW,3,5.0,0.4644
B000A3W6KO,1,5.0,-0.6597
B000A3ZM2I,1,5.0,0.8934
B000A40OVQ,1,5.0,0.7906
B000A76UOI,2,5.0,0.7024
B000AAIAH0,16,3.75,0.7587
B000AAQ0BS,1,5.0,0.9552
B000ABE41A,1,5.0,0.9442
B000AEWGBM,1,5.0,0.0
B000AF0A78,6,3.8333,0.7979
B000ALGNHI,10,4.4,0.7785
B000ALGNHS,1,2.0,0.5106
B000ALI6OQ,2,4.5,0.7012
B000ALJNUM,1,5.0,0.9118
B000ALK4RS,2,5.0,0.5602
B000AM7FZ6,1,1.0,0.5141
B000AMCA92,1,5.0,0.9169
B000AMPRBU,2,4.5,0.9282
B000AMR902,1,1.0,-0.2263
B000AMWOWU,2,4.0,0.5716
B000AN1YG6,1,1.0,0.9588
B000ANFG3S,2,4.5,0.0158
B000ANFS3Q,1,2.0,0.3818
B000ANJBAW,1,5.0,0.8268
B000ANO3N2,4,3.0,0.682
B000AOOR3C,4,4.75,0.7486
B000AOV9BU,2,4.5,0.9675
B000AP1NVU,1,4.0,0.0
B000AP1NX8,2,5.0,0.8202
B000AP58O8,1,5.0,0.8085
B000AP6SFG,1,5.0,0.9171
B000AP8FJ8,1,2.0,0.3612
B000AQFQC6,18,3.0556,0.4782
B000AQHHF0,2,5.0,0.9294
B000AQHJFI,1,5.0,0.8473
B000AQJRWG,15,3.4667,0.3816
B000ARPK80,1,5.0,0.8074
B000ARPK9E,1,5.0,-0.0018
B000ARTNM4,1,1.0,-0.875
B000ARTNMO,2,5.0,0.9394
B000ARTNR4,3,3.3333,0.8583
B000ARTNRE,9,3.3333,0.6754
B000ARWL46,6,4.5,0.3776
B000ARWL4G,3,4.6667,0.6644
B000AS1LFU,3,5.0,0.8822
B000AS1LGE,1,2.0,-0.1027
B000AXQI08,1,4.0,0.4939
B000AXQI2Q,1,5.0,0.9832
B000AXQI30,1,5.0,0.7351
B000AXQI3U,1,4.0,0.9906
B000AXSFZY,1,5.0,0.9825
B000AXSG0I,1,4.0,0.872
B000AXSG0S,1,5.0,0.7845
B000AXSG1M,1,4.0,0.6249
B000AXSG2Q,2,5.0,0.7866
B000AXU99O,4,2.5,0.2504
B000AXW9XI,1,5.0,0.8658
B000AXW9YW,1,3.0,0.743
B000AXW9ZQ,2,4.5,0.911
B000AXWAUA,1,5.0,0.9073
B000AXWTV0,1,5.0,0.7096
B000AY9SR2,9,4.3333,0.7148
B000AY9U20,3,4.0,0.3835
B000AY9U3O,1,5.0,0.5423
B000AY9UBQ,5,4.2,0.9411
B000AY9UDO,1,3.0,0.926
B000AY9UKM,5,5.0,0.6056
B000AY9UNE,1,5.0,0.9336
B000AY9V06,1,5.0,0.4404
B000AY9V4W,1,5.0,0.5423
B000AYDFCG,4,3.0,0.4478
B000AYDG3Y,1,5.0,0.8271
B000AYDGHU,2,4.5,0.7037
B000AYDGZ2,1,3.0,0.9432
B000AYDGZM,1,1.0,-0.952
B000AYDGZW,2,4.0,0.9243
B000AYDH2Y,1,4.0,0.2044
B000AYDH88,11,4.0,0.8359
B000AYDHTM,4,4.5,0.8442
B000AYDHVU,1,1.0,0.972
B000AYDHXS,1,5.0,0.4404
B000AYDHYW,2,5.0,0.6572
B000AYFA56,2,4.5,0.9232
B000AYFAKG,2,5.0,0.7542
B000AYFAMO,5,4.2,0.6761
B000AYFAO2,3,5.0,0.4044
B000AYFATW,9,5.0,0.8323
B000AYFBBY,4,5.0,0.8998
B000AYFBY6,1,5.0,0.8807
B000AYFC2W,1,2.0,0.4588
B000AYFCEU,9,4.8889,0.8272
B000AYFCF4,6,4.1667,0.8438
B000AYFDPI,3,4.0,0.5289
B000AYGW94,2,5.0,0.7472
B000AYGX98,1,5.0,0.9186
B000AYGXKC,8,5.0,0.9346
B000AYGXP2,1,5.0,0.8807
B000AYGY9M,1,5.0,0.4404
B000B1RYCK,2,3.5,0.464
B000B1X14K,1,5.0,0.908
B000B1X5IM,1,5.0,0.8761
B000B2VN5S,1,4.0,0.7287
B000B2VRG8,2,4.5,0.2742
B000B69Y1E,1,5.0,0.9618
B000B6CYNO,1,5.0,0.5719
B000B6CYP2,1,5.0,0.4201
B000B6CYYS,2,5.0,0.9259
B000B6FL2K,2,5.0,0.7094
B000B6FLPW,1,5.0,0.7003
B000B6FLW0,1,5.0,0.8074
B000B6J4JG,1,5.0,0.7943
B000B6J56I,1,1.0,-0.0772
B000B6KQZM,1,4.0,0.9507
B000B6MU42,1,5.0,0.9287
B000B6MV8M,1,5.0,0.9217
B000B6MW3Q,1,5.0,0.7579
B000B6MW7C,1,5.0,0.9062
B000B6O4LO,13,4.6154,0.781
B000B74Z3U,3,5.0,0.6247
B000B7QMRW,9,4.8889,0.8144
B000B7R6QI,1,5.0,0.9062
B000B7RFTG,1,2.0,0.0
B000B7S2QG,3,4.6667,0.7087
B000B7SU8Q,1,5.0,0.9081
B000B7SX0G,10,4.2,0.5145
B000B7TNSM,2,5.0,0.8726
B000B85AU6,1,5.0,0.9099
B000B85NEY,1,2.0,0.9552
B000B88Z4O,1,5.0,0.7003
B000B8DDY6,1,5.0,0.9081
B000B8FYZC,1,3.0,0.6124
B000B8LA2S,2,4.0,0.886
B000B8LT7O,1,5.0,0.5423
B000B8PZAG,1,5.0,0.936
B000B8SR8I,1,5.0,0.4588
B000B8UO9I,2,5.0,0.9041
B000B8WBEY,2,5.0,0.6795
B000B8ZA60,2,4.5,0.439
B000B9SFP2,2,4.0,0.9624
B000BB6JVC,1,2.0,-0.1531
B000BBS4GK,3,4.0,0.892
B000BBY7XY,3,3.6667,0.3258
B000BBY7YI,1,5.0,0.7003
B000BBY7YS,6,5.0,0.7953
B000BBY7ZC,12,4.6667,0.8675
B000BC0ZIY,3,5.0,0.6722
B000BC16HI,2,4.5,0.021
B000BC82PC,1,5.0,0.9286
B000BD0SDU,8,4.5,0.7093
B000BD23ZQ,1,5.0,0.7506
B000BDBS0M,1,5.0,0.9136
B000BDLT1U,1,4.0,0.7845
B000BEZULY,1,5.0,0.8625
B000BEZVW2,15,4.8,0.7941
B000BF10I0,4,5.0,0.9385
B000BF10IA,3,3.0,0.5628
B000BF10K8,2,3.0,0.8848
B000BF10L2,1,2.0,0.8126
B000BF3AGU,4,5.0,0.7388
B000BF3AHO,1,5.0,0.6808
B000BF3AII,5,4.6,0.5242
B000BF3AJ2,7,3.5714,0.6992
B000BF3AL0,4,3.5,0.6829
B000BF54MS,4,4.0,0.8668
B000BF54NW,1,5.0,0.8271
B000BF54O6,4,5.0,0.9528
B000BF54RS,1,5.0,0.908
B000BGMKU6,1,5.0,0.961
B000BGRCL8,2,5.0,0.8318
B000BH1NQW,1,5.0,0.6369
B000BH3K68,2,5.0,0.9211
B000BH3K6I,1,5.0,0.7841
B000BH3K8G,3,3.6667,0.6987
B000BH5Q0G,1,5.0,0.9441
B000BH8P2C,4,2.5,0.2608
B000BHCAJG,5,4.6,0.9342
B000BHH3M0,1,3.0,-0.4767
B000BHRB9A,2,4.0,0.928
B000BHRBAE,2,5.0,0.9082
B000BHRD5W,3,4.6667,0.8874
B000BICL9O,1,4.0,0.9062
B000BIQLL8,3,2.6667,0.8234
B000BIUH18,2,5.0,0.3113
B000BIUH40,1,4.0,0.6249
B000BIVY5G,1,5.0,0.8785
B000BIVY6K,1,5.0,0.9153
B000BIXP8A,1,4.0,0.6249
B000BIXP8K,2,5.0,0.457
B000BIZT3Y,1,1.0,-0.4215
B000BIZT5M,2,5.0,0.715
B000BJHGL6,1,5.0,0.8938
B000BJPE92,1,5.0,0.9044
B000BJPF5A,1,5.0,0.954
B000BLB13I,1,5.0,0.7351
B000BLLWCS,3,4.0,-0.055
B000BLMR4A,1,5.0,0.6369
B000BLMWCM,2,5.0,0.0382
B000BLNU6E,6,4.0,0.81
B000BME116,1,5.0,0.1779
B000BMG736,1,5.0,0.8957
B000BMG7D6,1,5.0,0.9022
B000BMHT8S,3,3.0,0.6065
B000BMI644,2,3.5,0.852
B000BMNMD4,1,4.0,0.7787
B000BN82I8,1,5.0,0.9877
B000BNSXY6,1,5.0,0.8982
B000BNVEDI,1,5.0,0.9605
B000BNY5UW,2,3.0,0.9354
B000BO73TQ,1,1.0,0.3818
B000BO7CTM,1,5.0,0.9776
B000BOZ6K4,1,5.0,0.9643
B000BP8JI4,3,5.0,0.9142
B000BP8ZG0,1,5.0,0.3182
B000BPNMVS,1,1.0,-0.4019
B000BPR1AQ,2,3.5,0.0879
B000BQOEB4,1,1.0,0.743
B000BQPEO0,1,5.0,0.9684
B000BQSI1G,1,2.0,0.5106
B000BQUUTO,1,5.0,-0.1796
B000BQVS0E,3,4.6667,0.732
B000BQWZ2E,1,4.0,0.5719
B000BR771W,1,1.0,-0.4019
B000BRNQL2,1,4.0,0.5994
B000BRQUTC,1,1.0,0.8658
B000BRR8VQ,80,4.7125,0.8808
B000BRV9NY,1,5.0,-0.5267
B000BRWMIK,1,5.0,0.2023
B000BSHNOC,5,4.6,0.8828
B000BSW6K8,2,3.0,0.9512
B000BSWIQA,1,5.0,0.8442
B000BT5KI2,1,5.0,0.991
B000BTAR6M,1,5.0,0.7506
B000BTAREY,1,5.0,0.9607
B000BTAT4C,1,5.0,0.0
B000BTB66M,1,5.0,0.9584
B000BTBR1Q,3,2.3333,0.8667
B000BTBR20,2,5.0,0.942
B000BTD0PC,3,3.3333,0.9039
B000BTDL88,2,5.0,0.9366
B000BTHHGU,2,5.0,0.8758
B000BTIHBO,2,5.0,0.7696
B000BTK12M,2,3.5,0.875
B000BUPS56,1,5.0,0.0772
B000BURCNC,3,4.0,0.6036
B000BVNSFW,7,3.5714,0.5888
B000BVOTCI,1,5.0,0.5106
B000BVPV5W,1,5.0,0.4927
B000BVQ40S,1,4.0,0.4404
B000BVQ9TY,1,1.0,0.765
B000BVX244,1,4.0,0.8316
B000BVY02M,8,3.75,0.006
B000BWEJG8,1,3.0,0.5719
B000BWJYX6,1,4.0,0.5677
B000BWR26W,6,4.5,0.9404
B000BWRM8K,2,4.5,0.8726
B000BXSQVQ,1,5.0,0.93
B000BXSRT2,10,4.0,0.6361
B000BXSTXQ,5,5.0,0.6069
B000BXSTY0,13,4.9231,0.8277
B000BXT278,1,1.0,-0.6249
B000BXUVYG,4,3.0,0.4516
B000BXUWN6,1,5.0,0.93
B000BXUXP8,1,4.0,-0.0276
B000BXX20G,2,5.0,0.5652
B000BXX39Q,1,5.0,0.9382
B000BXZ4MK,1,5.0,0.8779
B000BXZ6EG,1,5.0,0.8555
B000BXZ6FK,9,4.5556,0.7514
B000BY50AK,1,3.0,0.4215
B000BY50B4,1,5.0,0.8687
B000BY50BE,1,1.0,0.946
B000BY50BY,7,3.5714,0.6074
B000BY50C8,2,5.0,0.7752
B000BY50CS,1,5.0,0.9442
B000BY9AI8,2,5.0,0.8998
B000BYAECY,6,2.5,0.4824
B000BYALJK,1,5.0,0.9231
B000BYCIPU,5,3.6,0.7479
B000BYCITQ,1,5.0,0.8892
B000BYLQW6,3,5.0,0.5806
B000BYM4WM,4,4.75,0.8405
B000BYSOG2,1,1.0,0.4588
B000BZ6LXO,8,1.25,0.4065
B000BZZKVS,18,3.6667,0.5793
B000C02448,1,4.0,0.9136
B000C0248E,1,5.0,0.7906
B000C037M6,1,5.0,0.9246
B000C06GNS,2,5.0,0.9464
B000C0TNH4,1,5.0,0.9545
B000C0YYSM,1,3.0,0.0
B000C1CUMI,1,2.0,0.296
B000C2RTYG,2,3.5,0.9233
B000C4MU9I,1,5.0,0.8442
B000C4QQ20,2,5.0,0.959
B000C5UYF4,7,4.8571,0.6572
B000C5YVCQ,1,5.0,0.7184
B000C5YWZW,1,5.0,0.9578
B000C9I21S,1,5.0,0.6369
B000CAW1CS,1,4.0,0.0
B000CB54S0,1,4.0,0.9612
B000CB8T3W,1,5.0,0.9628
B000CBFTC6,4,5.0,0.5022
B000CBOR60,2,3.0,0.0
B000CBQJ6Q,2,5.0,0.9587
B000CBQJBQ,2,4.5,0.8975
B000CBUOSU,1,5.0,0.6124
B000CBUOT4,1,5.0,0.6369
B000CBUOTY,1,5.0,0.9657
B000CC1HTE,4,3.75,0.6498
B000CC1QL8,1,5.0,0.9612
B000CC9DYK,2,3.0,0.6868
B000CC9V42,1,4.0,0.4939
B000CCIM74,1,5.0,0.9917
B000CCIX96,6,3.0,0.6151
B000CCN8M8,1,4.0,0.9468
B000CCZ18C,3,2.6667,0.5116
B000CCZ62I,1,3.0,0.9274
B000CD58QQ,1,5.0,0.8519
B000CD88UE,1,3.0,0.8779
B000CD9P88,3,4.6667,0.8689
B000CDHZ7Q,1,5.0,0.8934
B000CDHZFS,1,5.0,0.8519
B000CDI0PC,1,4.0,-0.0258
B000CDLJ6Y,1,4.0,0.9683
B000CDLJYQ,1,5.0,0.9371
B000CDMZDK,1,3.0,0.9923
B000CDWPOO,1,5.0,0.9572
B000CDZY8I,3,5.0,0.6503
B000CE9I9S,9,4.4444,0.8514
B000CEO6WM,3,5.0,0.9259
B000CEOBKY,1,4.0,0.933
B000CEQI4G,1,5.0,0.9674
B000CESJN4,2,4.5,0.8296
B000CFFP80,1,5.0,0.91
B000CFHFLU,1,5.0,0.8402
B000CFJDWY,3,4.0,0.4551
B000CFLBEM,2,4.5,0.4758
B000CHIJ0Y,1,1.0,0.0
B000CHKHHM,1,1.0,0.7845
B000CHMJZA,1,3.0,0.6249
B000CHMK0Y,1,5.0,0.9712
B000CHMK1I,1,5.0,0.9628
B000CI8O26,2,5.0,0.6585
B000CINE8A,4,3.0,0.9389
B000CIXMKA,2,3.0,0.7911
B000CL4GWU,2,4.5,0.9576
B000CMD63E,7,4.8571,0.5206
B000CMD64S,3,5.0,0.9565
B000CMD68O,1,5.0,0.6597
B000CMDRVK,2,3.5,0.6305
B000CMDRWO,3,4.3333,0.9162
B000CMF178,1,5.0,0.8807
B000CMF17S,3,5.0,0.8472
B000CMF18W,5,4.6,0.912
B000CMF196,10,4.7,0.8214
B000CMF1A0,6,5.0,0.7724
B000CMFKNS,3,5.0,0.8414
B000CMFLPU,6,4.0,0.5101
B000CMFM4A,1,4.0,0.7351
B000CMFMFE,1,3.0,0.9654
B000CMFVX2,1,2.0,0.8519
B000CMFVY6,2,4.5,0.915
B000CMH0N6,1,5.0,0.7717
B000CMH0OU,3,4.3333,0.9025
B000CMH0PY,2,5.0,0.9512
B000CMHMFM,2,3.5,0.0803
B000CMHMSO,1,5.0,0.9048
B000CMHMUC,5,5.0,0.7683
B000CMHSXI,3,4.6667,0.7727
B000CMIYWC,6,3.8333,0.5876
B000CMIYWM,4,5.0,0.923
B000CMIYX6,7,4.4286,0.7622
B000CMIYYA,4,4.75,0.9238
B000CMIYYU,1,5.0,0.9884
B000CMIYZY,1,5.0,0.6486
B000CMIZ0I,2,4.0,0.4652
B000CMIZ12,4,5.0,0.7947
B000CMKHQS,3,5.0,0.9259
B000CMKPDI,5,3.0,0.6704
B000CMOOH6,1,5.0,0.9313
B000CNB4LE,73,3.6164,0.5563
B000CNPX02,1,5.0,0.0
B000CNRL8Y,1,5.0,0.7346
B000CO6DZU,1,4.0,0.7906
B000CO7IC2,2,5.0,0.7979
B000COA70C,1,5.0,0.8908
B000COC0PC,2,5.0,0.8712
B000COCLYM,3,3.0,0.2017
B000COEZWS,9,4.5556,0.6785
B000COEZXC,2,5.0,0.854
B000COF1PI,1,5.0,0.8481
B000COMPIY,4,4.75,0.8231
B000CONM86,10,3.2,0.4227
B000CONM8Q,4,2.75,0.3601
B000CONMAO,8,3.875,0.5094
B000CONMBS,12,4.5,0.7837
B000CORSCW,10,4.1,0.4614
B000CP8PZK,1,5.0,0.3761
B000CPASIW,1,5.0,0.9377
B000CPCPWO,5,4.0,0.7868
B000CPIK5K,2,5.0,0.1088
B000CPJJ8W,1,5.0,0.8519
B000CPYVGM,3,3.3333,0.6529
B000CPZSC8,17,4.7647,0.812
B000CQ01GU,9,4.0,0.8169
B000CQ01IS,2,5.0,0.8414
B000CQ01JW,2,5.0,0.9118
B000CQ01ME,3,5.0,0.9014
B000CQ01NS,21,4.2381,0.8055
B000CQ1XRG,1,5.0,0.9045
B000CQ25QE,11,4.0,0.8488
B000CQ25QO,1,5.0,0.9081
B000CQ25RI,3,4.6667,0.8797
B000CQ25SW,1,5.0,0.9062
B000CQ25TQ,1,5.0,0.8393
B000CQ25UA,2,4.0,0.873
B000CQ26DG,5,3.6,0.5665
B000CQ26DQ,1,4.0,0.6369
B000CQ26E0,5,4.6,0.9225
B000CQ26EK,3,3.3333,0.5621
B000CQ44C2,2,3.0,0.1522
B000CQ4D3C,5,4.6,0.7289
B000CQ4D50,8,4.0,0.6677
B000CQ4D6O,2,5.0,0.9051
B000CQ4DRS,1,5.0,0.7964
B000CQ4DS2,3,4.0,0.489
B000CQ5D1I,5,5.0,0.7493
B000CQ5D40,1,5.0,0.9468
B000CQ6KR4,2,5.0,0.949
B000CQ6KSI,3,5.0,0.7228
B000CQ6KTM,10,3.3,0.6364
B000CQ6KUG,2,5.0,0.7454
B000CQ6KVA,1,5.0,0.2235
B000CQ6LIC,2,4.5,0.9066
B000CQ6LJQ,1,5.0,0.9633
B000CQBZO2,8,4.0,0.6397
B000CQBZOC,4,4.5,0.7908
B000CQBZOW,36,4.5833,0.6929
B000CQBZPG,44,4.6136,0.8175
B000CQBZQK,27,3.7778,0.6784
B000CQBZRE,2,4.5,0.7224
B000CQBZUQ,1,5.0,0.9901
B000CQBZV0,11,4.4545,0.7147
B000CQC04Q,27,4.7037,0.8841
B000CQC050,30,4.6667,0.8105
B000CQC05K,30,4.6,0.8518
B000CQC05U,37,4.4865,0.7791
B000CQC064,38,4.3158,0.7741
B000CQC08C,38,4.2632,0.6857
B000CQC0B4,22,4.2273,0.751
B000CQC0BE,19,4.7895,0.7237
B000CQE3HS,32,4.3125,0.5963
B000CQE3IC,29,4.069,0.7115
B000CQE3L4,1,3.0,0.9758
B000CQE3NC,4,3.0,0.6601
B000CQE3NM,44,4.6136,0.7489
B000CQE3O6,1,5.0,0.9909
B000CQE3W8,1,5.0,0.9709
B000CQG84Y,1,1.0,0.1566
B000CQG862,1,5.0,0.936
B000CQG87Q,30,4.5,0.8001
B000CQG89E,1,5.0,0.3612
B000CQG89Y,28,4.5357,0.8312
B000CQG8A8,1,3.0,0.1531
B000CQG8AI,1,5.0,0.836
B000CQG8AS,32,4.1562,0.6092
B000CQG8B2,22,4.5,0.7352
B000CQG8K8,39,3.9487,0.715
B000CQG8KS,37,4.2432,0.7238
B000CQG8M6,20,3.7,0.6355
B000CQID1A,32,3.8438,0.5273
B000CQID1K,30,4.1667,0.6525
B000CQID2Y,26,4.3462,0.7579
B000CQID6U,38,4.3684,0.6885
B000CQID7E,22,4.5,0.714
B000CQID92,4,4.0,0.6207
B000CQIDAG,17,5.0,0.859
B000CQIDHE,30,4.6667,0.8809
B000CQIDHO,32,4.5625,0.7833
B000CQIDHY,41,4.439,0.7814
B000CQIDJM,21,4.0952,0.7552
B000CQIDK6,25,4.44,0.6941
B000CQP6CE,1,5.0,0.6808
B000CQQZLK,1,5.0,0.9712
B000CQT5V2,1,5.0,0.5719
B000CQT5VC,1,5.0,0.8862
B000CQT6N4,1,1.0,0.8176
B000CQT7XI,1,5.0,0.4404
B000CQUASO,3,4.0,0.7505
B000CQV8EE,1,2.0,0.685
B000CQY378,13,4.3077,0.795
B000CQY3FK,13,4.6923,0.8674
B000CR008I,15,4.6667,0.8731
B000CR00E2,3,5.0,0.9531
B000CR00FQ,15,4.6,0.6783
B000CR06BO,1,5.0,0.9325
B000CR1ELU,10,5.0,0.8003
B000CR1VU4,1,5.0,0.836
B000CR1VVI,2,5.0,0.861
B000CR1VXQ,4,3.0,0.7048
B000CR1YOM,3,5.0,0.9277
B000CR3YWW,2,5.0,0.7592
B000CR41D8,11,3.6364,0.697
B000CR41KG,1,5.0,0.9517
B000CR41KQ,16,4.5,0.878
B000CR41MO,3,4.3333,0.2091
B000CR41MY,3,3.0,0.4217
B000CR41N8,4,3.5,0.8112
B000CRFORU,17,2.8824,0.2904
B000CRHQN0,25,3.2,0.5497
B000CRIBC0,8,4.0,0.6141
B000CRIBCA,16,3.5625,0.7758
B000CRIFGM,1,5.0,0.9393
B000CRIUNA,4,4.25,0.8666
B000CRIUNU,14,4.2857,0.7203
B000CRKOIE,11,4.6364,0.8921
B000CROPGG,3,2.6667,0.8653
B000CROPGQ,1,5.0,0.9608
B000CRQRT4,2,5.0,0.1852
B000CS6UIQ,1,1.0,0.6319
B000CS97PE,1,5.0,0.9349
B000CS9ZNI,1,3.0,0.802
B000CS9ZW4,2,5.0,0.937
B000CS9ZY2,1,5.0,0.8834
B000CS9ZYC,1,1.0,0.6705
B000CSBVLW,2,5.0,0.8986
B000CSBVOO,5,3.4,0.612
B000CSCOXQ,1,5.0,0.9794
B000CSCOYK,1,5.0,0.7964
B000CSCP1C,1,5.0,0.9414
B000CSCP2G,2,5.0,0.8532
B000CSCP44,1,5.0,0.9371
B000CSEFLU,1,5.0,0.7474
B000CSEFQ0,6,3.0,0.5977
B000CSKK5A,7,4.0,0.7711
B000CSKKE6,2,5.0,0.972
B000CSKKG4,13,4.0,0.5946
B000CSPQCC,1,4.0,0.0772
B000CSQ79I,1,5.0,0.9674
B000CSRBXY,3,4.0,0.768
B000CSVZOK,1,5.0,0.91
B000DIN3LC,4,4.75,0.8487
B000DINB5U,1,5.0,0.4404
B000DINEQG,3,4.6667,0.9175
B000DLB2E4,7,4.4286,0.8392
B000DLB3AW,1,4.0,0.3612
B000DN7GJC,1,5.0,0.5719
B000DN8EZW,5,4.8,0.6302
B000DT7QDM,5,4.6,0.77
B000DT7QE6,4,3.5,0.5744
B000DZA0W0,1,5.0,0.7351
B000DZALE2,1,3.0,0.765
B000DZAXCW,1,5.0,0.923
B000DZAXGS,1,5.0,0.836
B000DZB16E,2,4.0,0.6323
B000DZDIYC,2,5.0,0.8449
B000DZDJ0K,17,4.6471,0.8852
B000DZE0XK,2,5.0,0.9662
B000DZE710,1,5.0,-0.3566
B000DZFMEQ,48,4.5417,0.8942
B000DZFMF0,2,4.0,0.901
B000DZFMFA,9,4.1111,0.7465
B000DZFMFK,2,4.0,0.9355
B000DZFMG4,8,3.875,0.8074
B000DZFMIM,8,3.125,0.64
B000DZG3PS,1,5.0,0.8555
B000DZH19K,9,4.5556,0.8914
B000DZH19U,12,4.1667,0.8799
B000DZH1A4,1,4.0,0.7906
B000DZH1CM,8,3.25,0.8642
B000DZH1CW,2,3.0,0.9026
B000DZH1D6,5,4.2,0.8609
B000DZH20S,1,5.0,0.8979
B000DZHFY6,1,5.0,0.8479
B000DZKKK2,8,5.0,0.9103
B000DZKKKC,6,4.3333,0.9009
B000DZKKKM,5,4.8,0.9079
B000DZKKMU,2,4.5,0.9856
B000DZSWT8,1,5.0,0.7579
B000E0G0AK,1,5.0,0.8971
B000E0GU7I,1,2.0,-0.6121
B000E0TLF6,1,4.0,0.9168
B000E123I2,4,5.0,0.7183
B000E123IC,5,3.4,0.5206
B000E123LE,1,3.0,0.9628
B000E123N2,1,4.0,0.9792
B000E123NW,1,1.0,0.4019
B000E130DY,5,5.0,0.9292
B000E148MG,5,3.2,0.4692
B000E1587K,2,5.0,0.3903
B000E1588O,2,5.0,0.9518
B000E15898,1,1.0,0.1531
B000E158ES,3,5.0,0.91
B000E15DFM,2,5.0,0.8111
B000E1694G,2,3.0,0.3668
B000E1695A,4,3.75,0.7111
B000E1697S,2,3.0,0.6338
B000E176LG,1,4.0,0.9973
B000E179HC,3,3.6667,0.4175
B000E18CS2,1,1.0,0.3041
B000E18CVE,6,4.6667,0.8611
B000E18CVY,2,4.0,0.723
B000E18CWI,1,5.0,0.4588
B000E18CXM,2,3.0,0.0106
B000E199RA,4,4.75,0.6682
B000E199RK,7,4.4286,0.887
B000E199UC,2,3.5,0.9545
B000E199VQ,1,5.0,0.9853
B000E19BZA,4,4.75,0.9778
B000E1BKI6,1,4.0,0.8742
B000E1BKJA,2,5.0,0.9567
B000E1BKJU,2,4.5,0.5972
B000E1BKNQ,1,4.0,0.9895
B000E1BKRC,1,5.0,0.9678
B000E1BKY0,1,5.0,0.9545
B000E1BL0I,1,5.0,0.9211
B000E1BL12,1,5.0,0.9758
B000E1BL94,1,5.0,0.992
B000E1BLG2,1,5.0,0.802
B000E1BLGC,1,1.0,0.5106
B000E1BLK8,1,5.0,0.7351
B000E1BLLW,1,5.0,0.9825
B000E1BLMG,2,4.5,0.9344
B000E1BLNK,2,5.0,0.715
B000E1BLOY,2,4.5,0.9366
B000E1BLV2,1,5.0,0.9904
B000E1BLZS,1,5.0,0.9153
B000E1BM3E,1,5.0,0.9732
B000E1BM7A,3,4.3333,0.8215
B000E1BMYI,2,5.0,0.941
B000E1BXGU,1,5.0,0.7579
B000E1DR28,1,5.0,0.8176
B000E1DR46,3,4.3333,0.3198
B000E1DREG,2,5.0,0.5596
B000E1DRJG,1,5.0,0.0314
B000E1DRQO,1,5.0,0.8519
B000E1DRXW,1,5.0,0.836
B000E1DS8Q,2,4.0,0.4752
B000E1DS90,1,5.0,0.9618
B000E1DSIG,1,5.0,0.9081
B000E1DSL8,1,5.0,0.7717
B000E1DSMC,2,5.0,0.9116
B000E1DSPE,1,5.0,0.8074
B000E1DSPO,1,5.0,0.7964
B000E1DSQS,1,5.0,0.8591
B000E1DSSQ,5,4.8,0.9199
B000E1DSU4,1,5.0,0.5454
B000E1FXLG,3,5.0,0.9756
B000E1FXM0,3,5.0,0.7938
B000E1FXN4,1,5.0,0.941
B000E1FXNY,9,5.0,0.6867
B000E1FXQ6,1,5.0,0.9638
B000E1FXZW,1,4.0,0.7096
B000E1FY38,1,4.0,0.9201
B000E1FY3I,3,4.3333,0.5932
B000E1FY56,1,5.0,0.961
B000E1FY7Y,13,4.5385,0.8069
B000E1FYEW,1,3.0,0.9201
B000E1FYJW,4,5.0,0.8294
B000E1FYRY,1,5.0,0.9201
B000E1FYT2,1,5.0,0.8176
B000E1FZ28,2,3.5,0.9186
B000E1FZ2S,3,5.0,0.8815
B000E1FZ4Q,2,4.0,0.915
B000E1FZ5K,1,5.0,0.9815
B000E1FZ96,2,2.0,0.8575
B000E1FZBE,3,4.6667,0.4579
B000E1FZBY,2,5.0,0.8596
B000E1FZCI,6,5.0,0.7074
B000E1FZIW,1,1.0,0.25
B000E1FZJ6,2,5.0,0.9014
B000E1FZJG,4,5.0,0.7956
B000E1HBAC,1,5.0,0.7964
B000E1HUCG,1,4.0,0.7178
B000E1HUD0,1,5.0,0.6369
B000E1HUEY,3,4.6667,0.8104
B000E1HUFS,1,1.0,-0.8399
B000E1HUJ4,1,4.0,0.6335
B000E1HUN0,1,1.0,0.0
B000E1HUS0,1,1.0,0.872
B000E1HUW6,4,3.5,0.8175
B000E1HV34,1,4.0,0.6486
B000E1HVAC,1,5.0,0.7003
B000E1HVBG,1,5.0,0.9402
B000E1HVCK,2,5.0,0.9545
B000E1HVD4,2,5.0,0.6507
B000E1HVF2,1,4.0,0.6908
B000E1HVFM,1,5.0,0.7351
B000E1HVL6,2,4.0,0.4853
B000E1HVR0,20,4.7,0.7424
B000E1HVRK,1,5.0,0.7964
B000E1HVVQ,1,5.0,0.8689
B000E1HVW0,3,5.0,0.8562
B000E1HVWK,1,5.0,0.8591
B000E1HVX4,4,4.5,0.5961
B000E1HVXY,2,5.0,0.9472
B000E1HW0G,3,1.0,-0.3414
B000E1HW42,1,4.0,0.7845
B000E1R4TK,1,5.0,0.9246
B000E1S8NQ,1,3.0,0.4404
B000E1U87K,1,5.0,0.6124
B000E1VF86,23,3.2174,0.5615
B000E1VF8Q,6,3.1667,0.4465
B000E1VF90,2,3.5,0.7829
B000E1ZUQO,17,4.0,0.7506
B000E1ZUQY,22,3.0909,0.5727
B000E21Z7Q,6,3.6667,0.5854
B000E23VXW,8,4.375,0.6976
B000E243R0,16,3.625,0.5361
B000E243RA,14,2.7857,0.3703
B000E283KS,7,4.5714,0.8742
B000E33BS6,1,5.0,0.9705
B000E33SCU,1,5.0,0.0
B000E39P9U,9,2.8889,0.2501
B000E39T82,2,4.5,0.7944
B000E39T8M,1,5.0,0.0516
B000E3C3QW,1,5.0,0.9572
B000E3FKXA,2,5.0,0.8779
B000E3FKYO,1,5.0,0.6249
B000E3VA2A,1,4.0,0.7269
B000E3VANE,2,5.0,0.9618
B000E3VANO,1,5.0,0.8839
B000E3VAOS,1,5.0,0.9775
B000E3XBRC,1,5.0,0.8979
B000E3XBS6,1,4.0,0.9432
B000E3XBT0,4,4.0,0.8876
B000E3XCEE,3,4.0,0.582
B000E3XCGM,3,3.6667,0.8655
B000E3XCOE,5,4.8,0.7586
B000E3ZEOA,1,5.0,0.9287
B000E3ZEP4,2,5.0,0.3856
B000E3ZEPO,1,4.0,-0.0516
B000E3ZEPY,1,5.0,0.9404
B000E3ZFBC,3,3.3333,0.5205
B000E3ZFCG,1,5.0,0.7178
B000E3ZFDA,3,5.0,0.8816
B000E3ZFDK,3,5.0,0.9285
B000E3ZFDU,2,5.0,0.9399
B000E3ZFIK,2,4.5,0.9358
B000E433FQ,1,4.0,0.9806
B000E433Z6,1,5.0,0.9725
B000E433ZQ,2,4.0,0.6741
B000E46GEG,4,5.0,0.628
B000E46GFA,7,4.8571,0.9246
B000E46GFK,2,3.5,0.6196
B000E46GFU,6,4.8333,0.9161
B000E46GG4,1,5.0,0.8689
B000E46GGE,5,4.8,0.8497
B000E46GGO,18,4.4444,0.7615
B000E46GGY,1,5.0,0.921
B000E46GSW,1,5.0,0.8979
B000E46LX2,11,3.1818,0.4734
B000E46LXM,11,4.0909,0.6905
B000E48C8E,1,5.0,0.9702
B000E48F7M,3,3.6667,0.9219
B000E48IMO,11,4.2727,0.7604
B000E48IMY,2,5.0,0.8218
B000E48IO2,2,4.5,0.8545
B000E48IPG,2,4.5,0.7182
B000E48IXS,2,5.0,0.8288
B000E48K54,1,5.0,0.0
B000E48P4U,2,4.0,0.943
B000E48P54,4,4.0,0.8035
B000E4ACA0,1,4.0,0.4404
B000E4AEOO,1,1.0,0.6486
B000E4AHUA,2,5.0,0.8418
B000E4AIDG,4,5.0,0.7408
B000E4AKQ6,2,5.0,0.5389
B000E4ALEW,6,3.1667,0.2905
B000E4ALF6,6,4.3333,0.7575
B000E4ALGK,3,2.6667,0.8689
B000E4ALGU,7,3.2857,0.6634
B000E4ALH4,6,4.5,0.4639
B000E4ALHO,1,4.0,0.875
B000E4ALHY,18,4.7778,0.849
B000E4ALI8,1,4.0,0.5994
B000E4ALJW,1,5.0,0.4767
B000E4ARAU,9,2.8889,0.6477
B000E4ARCS,10,2.8,0.6992
B000E4ARD2,5,3.8,0.8501
B000E4C1OK,2,5.0,0.5818
B000E4C2LW,6,3.6667,0.6392
B000E4C2M6,3,4.6667,0.9024
B000E4C2MQ,3,5.0,0.9504
B000E4C2OE,1,4.0,0.966
B000E4C2PI,3,5.0,0.8421
B000E4C2PS,2,4.0,0.8998
B000E4C89S,3,4.3333,0.8294
B000E4KDV8,2,4.5,0.8086
B000E56GQ8,1,5.0,0.9719
B000E56H1M,1,5.0,0.6486
B000E56LPE,1,5.0,0.5106
B000E58LVQ,1,5.0,0.7184
B000E59KT8,1,5.0,0.9866
B000E5AO8O,5,4.8,0.597
B000E5C20W,1,5.0,0.9764
B000E5C6C6,1,2.0,0.743
B000E5C6NA,1,1.0,0.25
B000E5C6YE,5,4.6,0.7614
B000E5DKLM,6,4.1667,0.8865
B000E5GFQE,6,5.0,0.8634
B000E5ILGQ,3,4.6667,0.9602
B000E5SGI4,3,5.0,0.9402
B000E5U36W,1,5.0,0.0
B000E5U37G,1,5.0,0.9287
B000E60TMY,3,4.6667,0.9503
B000E63L6U,4,4.75,0.912
B000E63L7O,4,5.0,0.8437
B000E63L8S,9,4.8889,0.8468
B000E63LAQ,1,5.0,0.683
B000E63LB0,2,4.0,0.9486
B000E63LBU,5,4.8,0.8958
B000E63LDS,12,4.4167,0.5801
B000E63LEW,4,5.0,0.7454
B000E63LLU,2,5.0,0.937
B000E63LME,5,3.4,0.6782
B000E63LMO,3,5.0,0.966
B000E63LOM,5,5.0,0.507
B000E63LOW,3,5.0,0.9494
B000E63LP6,3,4.0,0.7111
B000E63LQU,18,4.9444,0.854
B000E65OF6,3,4.6667,0.9806
B000E65OII,6,4.1667,0.8736
B000E65OJC,7,5.0,0.9028
B000E65OJM,8,4.625,0.8518
B000E65OJW,5,5.0,0.8654
B000E65OK6,2,5.0,0.8796
B000E65OKQ,8,4.375,0.8406
B000E65OQA,8,4.25,0.709
B000E65ORY,3,4.6667,0.6924
B000E65OT2,1,1.0,-0.34
B000E65OV0,3,4.3333,0.8746
B000E66GCG,8,4.5,0.2552
B000E671W0,3,4.0,0.7496
B000E671X4,10,4.8,0.8485
B000E671Z2,4,2.5,0.523
B000E67206,2,5.0,0.9562
B000E67210,1,5.0,0.509
B000E6727O,3,4.3333,0.9623
B000E6727Y,3,4.0,0.795
B000E6728S,4,4.75,0.9069
B000E672AG,2,3.5,0.5231
B000E672C4,2,4.5,0.6165
B000E682D2,4,4.0,0.9002
B000E682DC,7,5.0,0.7653
B000E682EG,4,3.5,0.9674
B000E682F0,3,5.0,0.8116
B000E682LY,1,5.0,0.8805
B000E682M8,3,5.0,0.7318
B000E682NC,2,5.0,0.8822
B000E682NW,6,4.0,0.7114
B000E68UUM,1,5.0,0.9118
B000E6LBXK,7,4.4286,0.5413
B000E73NAI,1,5.0,0.926
B000E7L2Q0,1,5.0,0.9682
B000E7L2S8,1,5.0,-0.7964
B000E7OYVA,1,5.0,0.1779
B000E7OYVU,1,3.0,0.0
B000E7QYNG,5,4.2,0.8267
B000E7QYO0,1,5.0,0.8834
B000E7SYKC,1,5.0,0.7964
B000E7SYKM,13,5.0,0.8021
B000E7SYLG,9,4.4444,0.5229
B000E7TTK6,1,4.0,0.8789
B000E7UJEQ,3,2.3333,-0.1061
B000E7UJJ6,5,5.0,0.9095
B000E7UJLE,1,5.0,0.6369
B000E7UJLO,1,4.0,0.8658
B000E7VDEG,1,5.0,0.9336
B000E7VK9Y,4,5.0,0.5492
B000E7WM0K,8,3.125,0.5488
B000E7WM14,1,3.0,0.8032
B000E7WM3W,2,3.5,0.8456
B000E7WM50,4,4.0,0.8388
B000E7YNQG,1,2.0,0.6419
B000E7YNUM,1,5.0,0.9601
B000E7YPOQ,3,4.0,0.6024
B000E7YPPK,1,5.0,0.9371
B000E7YPTG,1,5.0,0.9231
B000E7YPVY,1,1.0,0.8505
B000E7ZJWS,1,5.0,0.9432
B000E80BIE,2,5.0,0.9072
B000E8PXTG,1,5.0,0.8923
B000E8PZNA,6,5.0,0.9004
B000E8PZNK,4,4.0,0.6836
B000E8PZNU,2,5.0,0.8935
B000E8PZO4,1,5.0,0.9485
B000E8U9DQ,1,4.0,0.9662
B000E8UAEO,5,5.0,0.9274
B000E8VXZ4,1,5.0,0.9688
B000E8WIAS,33,4.2727,0.5857
B000E8WJQQ,1,3.0,0.9769
B000E8Y5CC,2,5.0,0.7384
B000E8Y5CM,2,5.0,0.9522
B000E8Y5D6,4,3.0,0.6106
B000E9WB8Q,2,3.5,0.7757
B000EA0D1C,1,4.0,0.6908
B000EA0D1W,1,4.0,0.93
B000EA0D26,2,4.0,0.8257
B000EA0FE2,1,5.0,0.9274
B000EA2D9C,4,3.75,0.7669
B000EA2DA6,5,4.2,0.5585
B000EA2EO6,1,3.0,0.7906
B000EA2EOG,1,5.0,0.0
B000EA2EP0,1,5.0,0.9371
B000EA2EQ4,1,5.0,0.0498
B000EA3M4M,4,2.75,0.2672
B000EA3M92,4,5.0,0.6688
B000EA3PFS,1,1.0,0.0258
B000EAATMU,1,4.0,0.9723
B000EACDO2,1,5.0,0.2716
B000EBI4IA,1,5.0,0.4019
B000EBI4IK,1,5.0,0.8563
B000EBKHG2,1,5.0,0.9538
B000EBKS9S,3,2.3333,0.2652
B000EBMW9M,4,4.75,0.9446
B000ED6HYQ,2,5.0,0.7627
B000ED6SWW,1,5.0,0.9246
B000ED7M2W,8,4.375,0.623
B000ED7M3Q,12,2.8333,0.7098
B000ED7M6I,6,4.6667,0.8157
B000ED7MDQ,5,4.8,0.8414
B000ED7MFE,1,4.0,0.9377
B000ED7MIG,2,5.0,0.6718
B000ED7MO0,2,5.0,0.864
B000ED7MR2,2,5.0,0.9532
B000ED9L3K,4,4.0,0.6256
B000ED9L9E,21,5.0,0.8538
B000ED9LDU,2,5.0,0.9086
B000ED9LIU,4,4.5,0.6785
B000ED9LPS,1,5.0,0.836
B000ED9LSU,8,4.5,0.9483
B000EDBPI4,3,5.0,0.6367
B000EDBPO8,3,5.0,0.89
B000EDBPP2,2,3.5,0.7362
B000EDBPQ6,10,4.5,0.7868
B000EDBPZC,5,5.0,0.8417
B000EDBQ38,1,5.0,0.969
B000EDBQ4M,8,3.5,0.8609
B000EDBQ6A,7,5.0,0.7927
B000EDDS02,2,4.0,0.8114
B000EDDS3O,9,4.5556,0.7795
B000EDDS6Q,33,4.8788,0.6828
B000EDDSE8,5,3.8,0.5201
B000EDDSES,13,4.5385,0.8066
B000EDDSFW,2,5.0,0.9294
B000EDG00C,1,5.0,0.9169
B000EDG3LS,5,4.2,0.9198
B000EDG3TU,2,5.0,0.94
B000EDG3UE,21,4.381,0.8467
B000EDG430,20,4.05,0.8556
B000EDG480,1,5.0,0.875
B000EDG4EO,1,5.0,0.9303
B000EDG4K8,3,4.6667,0.4932
B000EDG4TE,4,5.0,0.8264
B000EDG4V2,2,5.0,0.8622
B000EDG53Y,2,5.0,0.7462
B000EDG598,7,4.4286,0.9248
B000EDG5CA,7,5.0,0.8473
B000EDGB2E,12,3.5833,0.676
B000EDGB7E,15,4.2,0.7777
B000EDGBA6,12,3.8333,0.6818
B000EDGBDI,10,3.8,0.6529
B000EDGBF6,15,3.3333,0.7195
B000EDHXO4,1,5.0,0.9719
B000EDI0X2,4,5.0,0.8556
B000EDI0Y6,3,4.6667,0.7171
B000EDI14K,2,5.0,0.9447
B000EDI1DG,1,1.0,0.4767
B000EDI1O0,1,1.0,0.7506
B000EDI1ZO,1,5.0,0.7096
B000EDI2C6,1,4.0,0.9532
B000EDI2N0,1,5.0,0.7902
B000EDI2U8,2,3.5,0.6453
B000EDI2VM,6,3.8333,0.7526
B000EDI8QQ,1,5.0,0.6369
B000EDI8ZM,1,4.0,0.7574
B000EDK3RS,2,2.0,0.0127
B000EDK5LM,5,5.0,0.7295
B000EDK5MG,3,5.0,0.9489
B000EDK5OY,2,4.5,0.5124
B000EDK60M,2,4.0,0.7674
B000EDK67K,10,4.5,0.6939
B000EDK6FM,5,4.8,0.8357
B000EDK6K2,1,5.0,0.9825
B000EDK774,3,4.6667,0.8258
B000EDK7F6,2,4.5,0.4056
B000EDK7RE,3,3.6667,0.7303
B000EDK7WO,4,5.0,0.933
B000EDK7ZQ,1,5.0,0.5106
B000EDKDTQ,1,5.0,0.2551
B000EDKDVY,2,4.0,0.7888
B000EDM3JO,1,1.0,-0.836
B000EDM6BO,5,5.0,0.8914
B000EDM6KU,6,5.0,0.7714
B000EDM6PA,6,3.6667,0.7834
B000EDM70Y,11,4.5455,0.7111
B000EDM772,5,4.8,0.6624
B000EDM7BI,4,5.0,0.8048
B000EDM7CM,1,1.0,0.5106
B000EDM8FS,7,4.8571,0.8812
B000EDMDZS,7,3.5714,0.8811
B000EDMEHK,2,4.0,0.71
B000EDMEIO,2,4.5,0.7333
B000EDMENE,1,5.0,0.7906
B000EDPQPM,1,5.0,0.9169
B000EDROXO,2,3.0,0.8133
B000EDRQCS,1,5.0,0.743
B000EE5H28,1,5.0,0.9501
B000EEDJGE,3,4.6667,0.7216
B000EEDJGO,2,3.5,0.5654
B000EEFOAS,1,5.0,0.9766
B000EEG952,1,5.0,0.9166
B000EEJLTS,1,5.0,0.886
B000EEK4OO,2,3.0,0.5082
B000EEWZC8,3,5.0,0.6971
B000EEWZDM,2,2.0,0.2914
B000EEWZEQ,2,5.0,0.8074
B000EEWZF0,10,4.6,0.7321
B000EEWZG4,12,4.25,0.6986
B000EEX12G,1,5.0,0.128
B000EEZ3LS,2,3.5,0.611
B000EEZ3MC,2,2.0,0.0872
B000EEZ3MW,1,3.0,0.8126
B000EF18YI,4,4.0,0.4657
B000EF18YS,2,3.5,0.5549
B000EF3E2W,6,2.6667,0.6217
B000EF3E3G,2,5.0,0.9061
B000EF3E4A,7,4.2857,0.5908
B000EF3E4K,1,5.0,0.8555
B000EF3E54,4,3.75,0.7696
B000EF3E5O,1,5.0,0.9062
B000EF3E5Y,1,5.0,0.9022
B000EF3E6S,2,1.0,0.211
B000EF3FR6,1,5.0,0.9405
B000EF3FU8,3,3.6667,0.7504
B000EFBM4O,3,4.6667,0.8439
B000EFBMCQ,2,3.0,0.23
B000EFDNBE,2,4.5,0.8177
B000EFFTMU,2,4.0,0.3751
B000EFFTR0,1,5.0,0.9595
B000EFHST2,3,3.6667,0.3863
B000EFHSUQ,2,5.0,0.9206
B000EFPVLY,1,5.0,0.7717
B000EG6G9E,3,5.0,0.7008
B000EGR85A,6,4.3333,0.6131
B000EGSULQ,2,3.0,0.8922
B000EGSUMU,3,5.0,0.6984
B000EGUYMY,1,5.0,0.7351
B000EGUYNI,2,5.0,0.9392
B000EGUYNS,3,4.3333,0.8706
B000EGUYOC,1,4.0,0.1531
B000EGUYOW,3,5.0,0.7343
B000EGUYQA,3,4.6667,0.7807
B000EGX2E6,1,5.0,0.9693
B000EGX2EG,1,4.0,0.7947
B000EGZ2L2,10,3.9,0.4743
B000EGZ2R6,5,3.4,0.2252
B000EGZ2Y4,1,5.0,0.8689
B000EGZ97Y,8,5.0,0.7422
B000EGZ98S,3,5.0,0.8901
B000EGZ99C,1,5.0,0.765
B000EGZ99M,5,5.0,0.536
B000EGZ99W,2,5.0,0.4316
B000EGZ9AG,5,3.0,0.5964
B000EGZ9AQ,1,5.0,0.9683
B000EH0N38,1,5.0,0.9517
B000EH0RTI,2,4.5,0.5084
B000EH0RTS,2,4.5,0.4072
B000EH0RU2,3,5.0,0.956
B000EH2QP6,2,4.5,0.815
B000EH2QPQ,7,3.2857,0.5826
B000EH2VTW,1,1.0,0.228
B000EH2VUQ,5,5.0,0.8845
B000EH2VV0,1,5.0,0.9201
B000EH4ELU,2,5.0,0.6896
B000EH4RRQ,2,5.0,0.8104
B000EH4T5G,1,5.0,0.9505
B000EH4XY8,2,3.5,0.6506
B000EH4XYI,2,4.0,0.2123
B000EH4XYS,2,4.0,0.4944
B000EH4XZ2,1,5.0,0.8889
B000EH4XZM,5,5.0,0.8612
B000EH4Y06,1,4.0,0.4215
B000EH8OCK,1,5.0,0.9649
B000EHCU2U,2,4.5,0.8264
B000EHIVIW,16,4.3125,0.7222
B000EHKWDO,3,4.0,0.7232
B000EHKWDY,2,4.5,0.7373
B000EHL21U,10,4.3,0.7763
B000EHL3HI,3,4.3333,0.6636
B000EHNCZ4,7,3.1429,0.3031
B000EHOZRI,1,5.0,0.5325
B000EHOZS2,3,1.6667,-0.265
B000EHOZUU,1,5.0,0.973
B000EHP522,8,4.125,0.4105
B000EHP62G,16,4.875,0.6728
B000EHP62Q,4,2.75,0.55
B000EHW0T8,1,5.0,0.9674
B000EHW0VQ,1,4.0,0.9134
B000EHW0WA,2,2.5,0.7562
B000EHXWI6,4,4.75,0.8426
B000EHXWIQ,4,5.0,0.8969
B000EHZZMW,2,5.0,0.8948
B000EHZZTA,1,1.0,0.936
B000EI2LLO,8,4.375,0.8416
B000EICISA,5,5.0,0.8724
B000EICJWA,3,4.3333,0.8578
B000EICLI2,1,5.0,0.872
B000EICPAG,4,5.0,0.9013
B000EIE20M,3,4.3333,0.8664
B000EIMC2M,1,5.0,0.8834
B000EIN84S,1,3.0,0.6124
B000EINWCQ,3,5.0,0.8276
B000EIP6MA,3,5.0,0.8279
B000EIROXE,1,2.0,0.1779
B000EISJXS,2,5.0,0.9426
B000EISKJ6,1,5.0,0.8271
B000EITV30,6,4.3333,0.7833
B000EITV3K,1,2.0,0.8979
B000EITYUU,10,3.9,0.5895
B000EIVM8C,3,4.6667,0.9238
B000EIZ8FA,4,4.25,0.6249
B000EJLWYU,1,2.0,0.3182
B000EJNL26,4,5.0,0.7295
B000EJNL76,2,4.5,0.665
B000EJPDM2,1,5.0,0.7909
B000EJPDMC,3,4.6667,0.6783
B000EJPDMM,1,5.0,0.8957
B000EJR49M,4,4.5,0.7952
B000EKEYEY,3,5.0,0.9483
B000ELGPAO,6,3.8333,0.8303
B000ELSVBA,1,5.0,0.9349
B000ELVPSG,2,5.0,0.8072
B000ELVUKY,6,4.8333,0.6899
B000ELWDR8,2,3.5,0.7012
B000ELWDRI,4,4.5,0.8164
B000ELWDV4,3,4.3333,0.4011
B000ELYFII,3,4.0,0.321
B000EM00X6,1,5.0,0.891
B000EM00YU,1,5.0,0.9042
B000EM010I,1,5.0,0.8957
B000EM0JRI,1,5.0,0.9325
B000EM0JS2,1,5.0,0.9371
B000EM0JWI,2,4.0,0.766
B000EM0LVM,2,3.0,0.8552
B000EM2PGG,4,4.25,0.9518
B000EM2PGQ,1,1.0,0.3818
B000EM2PH0,3,5.0,0.9143
B000EM2PNO,1,5.0,0.9916
B000EM6FUI,3,4.3333,0.6109
B000EM6FV2,2,5.0,0.7852
B000EM6PC6,10,4.2,0.4416
B000EM6PG2,4,4.75,0.8974
B000EM6PHG,1,5.0,0.7906
B000EM6PKI,1,4.0,0.9169
B000EM6PLW,1,5.0,0.8402
B000EM6PNK,4,4.75,0.8018
B000EM6POE,2,3.0,0.3936
B000EM6PS0,5,4.0,0.9224
B000EM6PVW,2,3.0,0.7058
B000EM6Q3O,1,5.0,0.959
B000EM6Q3Y,4,4.0,0.6599
B000EM8308,6,4.5,0.824
B000EM8EHK,1,1.0,0.0
B000EM8KZ6,4,5.0,0.8236
B000EM8TYS,6,4.3333,0.7107
B000EM8U1U,6,4.5,0.8357
B000EM8U4C,2,4.0,0.898
B000EM8UBU,3,4.0,0.6824
B000EM8UFG,6,4.6667,0.8696
B000EM8UGA,2,4.0,0.8866
B000EM8UGU,4,4.75,0.9332
B000EM8UJ2,1,5.0,0.8176
B000EM8UJC,3,3.3333,0.7061
B000EM8UO2,1,1.0,-0.8617
B000EM8UOM,1,5.0,0.9501
B000EM8UOW,1,5.0,0.9349
B000EM8UPQ,3,5.0,0.8489
B000EM9E2Y,11,2.4545,0.1395
B000EMAMYS,2,5.0,0.8304
B000EMAQ4E,4,5.0,0.8184
B000EMAZK4,5,5.0,0.5757
B000EMAZLI,1,5.0,0.9664
B000EMAZMW,1,5.0,0.9201
B000EMAZPO,7,3.5714,0.7863
B000EMAZQ8,5,4.8,0.8427
B000EMAZS6,5,5.0,0.6754
B000EMB01M,2,5.0,0.8594
B000EMB026,2,5.0,0.8398
B000EMD1MS,6,4.3333,0.718
B000EMD1N2,2,3.0,0.382
B000EMD1Q4,2,1.5,-0.7061
B000EMD1XW,5,4.4,0.8161
B000EMD1YQ,2,5.0,0.4221
B000EMD240,1,5.0,0.886
B000EMD24K,7,5.0,0.8532
B000EMDBGE,1,4.0,0.5719
B000EMEEHE,6,4.8333,0.7029
B000EMK3VU,1,5.0,0.8591
B000EMK4CS,3,3.6667,0.3454
B000EMK4FA,2,5.0,0.9556
B000EMK4FU,1,5.0,0.5719
B000EMK4G4,1,3.0,0.7783
B000EMK4GE,2,3.5,0.6348
B000EMK4GO,2,4.5,0.8954
B000EMK4H8,2,5.0,0.7941
B000EMK4JQ,1,5.0,0.6597
B000EMK4VE,9,3.4444,0.5834
B000EMK51S,3,5.0,0.8696
B000EMK53G,2,5.0,0.9618
B000EMK54U,3,5.0,0.8536
B000EMK56I,3,5.0,0.8605
B000EML7DS,20,3.15,0.5
B000EMM8SQ,1,1.0,0.8316
B000EMM95S,3,5.0,0.9087
B000EMM962,1,4.0,0.7003
B000EMM96W,2,2.5,0.911
B000EMM97Q,1,5.0,0.908
B000EMM98A,1,1.0,-0.9274
B000EMM98K,1,5.0,0.9801
B000EMM98U,1,2.0,0.8957
B000EMM99Y,2,4.5,0.2271
B000EMM9AS,1,5.0,0.926
B000EMM9BM,1,5.0,-0.4228
B000EMM9DU,1,5.0,-0.4767
B000EMM9EO,1,4.0,0.0
B000EMM9EY,2,4.5,0.9328
B000EMM9O4,2,5.0,0.9604
B000EMM9WG,13,4.0769,0.8129
B000EMM9X0,1,5.0,0.8481
B000EMM9YO,1,5.0,0.9382
B000EMM9YY,2,5.0,0.8585
B000EMM9ZI,1,5.0,0.6369
B000EMMA2K,1,4.0,0.7906
B000EMMA3Y,1,5.0,0.7964
B000EMNKXS,3,4.6667,0.7946
B000EMOBVI,1,1.0,0.7184
B000EMOBVS,1,5.0,0.4588
B000EMOCDA,9,4.3333,0.8402
B000EMOCEY,1,5.0,0.7906
B000EMOCGC,3,5.0,0.9051
B000EMOCGW,2,3.5,0.6603
B000EMOCH6,1,3.0,-0.6597
B000EMOCLM,1,4.0,0.8932
B000EMOCTE,2,5.0,0.949
B000EMOCY4,2,3.5,0.5662
B000EMOD3O,4,5.0,0.8808
B000EMOD5M,2,3.5,0.6215
B000EMOD7A,1,3.0,0.7717
B000EMPE50,3,3.6667,0.898
B000EMPE6O,1,1.0,0.2732
B000EMPMTS,3,4.6667,0.6708
B000EMPMWA,1,4.0,0.6597
B000EMPMXE,1,5.0,0.7906
B000EMPNCE,18,3.3333,0.496
B000EMQENG,1,2.0,0.7184
B000EMQF2G,2,4.5,0.6016
B000EMQF58,3,4.6667,0.7159
B000EMQF8A,2,5.0,0.5984
B000EMQFBM,2,3.0,0.8888
B000EMQFD0,1,5.0,0.6597
B000EMQFDU,1,5.0,-0.4215
B000EMQFF8,2,3.0,0.756
B000EMQFY4,12,3.6667,0.7147
B000EMQFZI,2,2.0,0.4368
B000EMQG0W,3,5.0,0.698
B000EMQG16,1,2.0,0.5423
B000EMQG4I,1,5.0,0.9919
B000EMQG5C,1,5.0,0.9607
B000EMRHT6,5,3.0,0.3358
B000EMRRHS,1,2.0,0.4767
B000EMU1LW,3,4.3333,0.595
B000EMU234,1,3.0,0.9943
B000EMU2BG,13,4.3846,0.8092
B000EMW5N4,3,3.6667,0.7071
B000EMW5WK,1,5.0,0.7717
B000EN18NG,2,4.5,0.9399
B000EN2WJU,2,5.0,0.9155
B000EN764G,4,4.25,0.7502
B000ENA4B8,1,4.0,0.8271
B000ENPHVA,1,5.0,0.988
B000ENUC3S,68,4.4118,0.7847
B000EOCF64,1,5.0,0.9001
B000EOMUAU,1,5.0,0.875
B000EONEU0,13,4.1538,0.7678
B000EOOS8C,1,5.0,0.8834
B000EOWXUM,5,4.8,0.7298
B000EOXQS0,13,4.4615,0.8461
B000EPMP2C,2,3.0,-0.0046
B000EPMP2M,2,2.0,0.1726
B000EPMP2W,1,1.0,-0.8588
B000EPMP36,1,5.0,0.8555
B000EPMP40,12,3.8333,0.6147
B000EPOBYC,3,5.0,0.8481
B000EPOC00,1,5.0,0.6595
B000EPOC1Y,5,3.6,0.7766
B000EPOC28,3,2.0,0.4746
B000EPOC2S,9,4.4444,0.7695
B000EPOC32,1,5.0,0.6969
B000EPOC3W,3,5.0,0.7352
B000EPP56K,1,4.0,0.939
B000EPP56U,2,5.0,0.4706
B000EPP588,4,5.0,0.7933
B000EPPBX2,1,5.0,0.9633
B000EPQPQE,2,5.0,0.9319
B000EPR1IK,1,4.0,0.9274
B000EPR1J4,1,5.0,0.9694
B000EPR1KI,5,4.8,0.8075
B000EPS9KE,3,5.0,0.5295
B000EPUCSQ,1,5.0,0.7947
B000EPUHUY,3,4.6667,0.8328
B000EPUPSS,4,3.25,0.4152
B000EPY7VO,1,5.0,0.8622
B000EQ09OC,1,5.0,0.7713
B000EQ0M0I,1,5.0,0.9029
B000EQ2LLQ,1,5.0,-0.6486
B000EQ6AEA,1,5.0,0.8211
B000EQA60O,1,5.0,-0.2732
B000EQN4TY,2,5.0,0.869
B000EQSAIY,3,5.0,0.823
B000EQT4MA,25,3.76,0.6371
B000EQT574,25,3.72,0.5541
B000EQT5JM,1,4.0,0.7351
B000EQT77M,14,4.2143,0.809
B000EQT9MK,23,3.8696,0.6343
B000EQTB4Q,2,4.5,0.8038
B000EQVAFY,23,4.0435,0.6169
B000EQX57K,15,4.5333,0.702
B000EQX62Y,6,4.3333,0.874
B000EQX6HO,10,3.8,0.6044
B000EQX6QK,14,4.2143,0.7283
B000EQX7CI,4,2.5,-0.0136
B000EQYQBO,24,3.6667,0.6107
B000EQYS7Q,6,2.8333,0.1491
B000EQYSLC,12,4.0833,0.6949
B000EQYTL6,4,4.5,0.2814
B000EQYW0E,14,4.0714,0.7759
B000EQYWE0,3,4.0,0.3547
B000EQYWSQ,8,4.5,0.7979
B000EQYXIK,5,3.6,0.3922
B000ER1CS8,1,1.0,0.8522
B000ER1CSS,4,4.25,0.8698
B000ER1CVK,3,4.6667,0.8666
B000ER1D2I,2,5.0,0.8977
B000ER1D5U,1,4.0,0.6249
B000ER1DDW,8,4.25,0.7108
B000ER1DFU,3,3.6667,0.3677
B000ER1DIM,2,5.0,0.3651
B000ER1EMC,1,5.0,0.9678
B000ER1EPE,1,4.0,0.8555
B000ER1EQI,3,5.0,0.909
B000ER1ER2,3,3.6667,0.9627
B000ER3DTE,3,2.3333,0.9259
B000ER3DU8,1,5.0,0.8934
B000ER3E1Q,1,5.0,0.9201
B000ER3E9S,2,5.0,0.8953
B000ER3EAM,1,5.0,0.969
B000ER3EFC,1,5.0,0.7717
B000ER3EKM,7,3.7143,0.8088
B000ER3FD8,5,3.2,0.3255
B000ER3FGA,1,5.0,0.9468
B000ER3FOC,7,4.2857,0.6342
B000ER3FQ0,6,3.6667,0.8566
B000ER3QM8,11,4.2727,0.6415
B000ER5CTS,9,2.4444,0.4718
B000ER5CVQ,3,2.3333,0.7304
B000ER5D9W,6,4.0,0.8129
B000ER5DCY,12,3.9167,0.8585
B000ER5DFQ,12,4.1667,0.696
B000ER5EKA,7,4.2857,0.8111
B000ER6Y54,6,3.6667,0.9016
B000ER6YGI,3,4.3333,0.4808
B000ER6YGS,2,5.0,0.9418
B000ER6YJK,3,5.0,0.8336
B000ER6YO0,4,4.0,0.5617
B000ER6ZRG,7,3.2857,0.3825
B000ERXBZ0,1,1.0,-0.8625
B000ERXCAE,1,1.0,-0.8625
B000ERYWBW,1,5.0,0.4005
B000ES00B2,2,4.5,0.7298
B000ES17GY,1,5.0,0.9578
B000ES17H8,3,4.6667,0.7851
B000ES17HI,5,4.2,0.7999
B000ES1R14,1,4.0,0.4939
B000ES1R1O,1,5.0,0.8689
B000ES1R1Y,1,4.0,0.8689
B000ES1R28,5,4.8,0.7585
B000ES1R2I,3,4.3333,0.7602
B000ES3276,1,5.0,0.9377
B000ES3LMC,2,5.0,0.9594
B000ES3LMM,2,4.0,0.8398
B000ES3LNG,1,5.0,0.9517
B000ES3LO0,2,5.0,0.8248
B000ES3LOA,2,5.0,0.9078
B000ES3S34,1,1.0,0.7506
B000ES40MM,5,4.8,0.9138
B000ES40NG,1,1.0,0.8074
B000ES5GL6,3,5.0,0.8828
B000ES5GLG,1,5.0,0.7003
B000ES5GLQ,4,4.0,0.9468
B000ES5GMK,2,5.0,0.8139
B000ES5GMU,2,5.0,0.8864
B000ES6Z3O,1,5.0,0.8885
B000ES6Z3Y,1,1.0,0.2486
B000ES6Z48,1,5.0,0.9217
B000ES972U,2,4.0,0.75
B000ESJNAG,2,2.5,0.5459
B000ESJR20,10,4.2,0.8781
B000ESJR2A,5,4.8,0.9545
B000ESJRB6,2,3.0,0.7916
B000ESLJ62,2,4.5,0.6974
B000ESLJ6C,23,4.5652,0.6751
B000ESLJO4,1,5.0,0.9758
B000ESOV9Y,3,3.6667,0.1647
B000ESOVLM,1,2.0,-0.4767
B000ESYGAS,1,5.0,0.8925
B000ESZWXS,1,5.0,0.7184
B000ET17VI,1,3.0,0.7867
B000ET27EO,1,3.0,0.9595
B000ET3XYM,1,5.0,0.9231
B000ET3Y8W,1,2.0,0.765
B000ET4SM8,35,4.8,0.7425
B000ET8XAQ,1,4.0,0.9904
B000ET93MS,2,2.5,0.6497
B000ET93N2,4,3.75,0.59
B000ETAJZ8,12,4.1667,0.7355
B000ETAJZI,14,4.1429,0.6356
B000ETAK1G,1,5.0,0.886
B000ETC9II,2,5.0,0.8868
B000ETC9IS,1,1.0,0.9153
B000ETGBM8,1,5.0,0.743
B000ETGBN2,10,3.1,0.6298
B000ETGBO6,1,3.0,0.6067
B000ETGBOG,1,1.0,0.7096
B000ETGBOQ,4,5.0,0.6657
B000ETLOAM,4,5.0,0.8318
B000ETPYZS,5,4.8,0.7456
B000ETQ4XE,1,5.0,0.9595
B000ETTFKS,2,3.0,0.9727
B000ETVJZM,1,5.0,0.9145
B000ETVKE2,2,3.0,0.5445
B000ETVKEC,2,3.5,0.8937
B000ETVKEM,6,4.3333,0.8244
B000ETVRQS,1,5.0,0.9741
B000ETXO3M,1,5.0,0.4023
B000ETXO8M,6,3.3333,0.5579
B000ETXO8W,2,5.0,0.8116
B000ETXOD2,1,5.0,0.9042
B000ETXODC,1,5.0,0.9042
B000ETZU2K,7,3.4286,0.3536
B000ETZU2U,4,3.25,0.3362
B000ETZU34,2,4.0,0.9246
B000EUC7YS,2,4.5,0.4588
B000EUC8EC,1,5.0,0.9313
B000EUCKF4,3,4.6667,0.9651
B000EUD652,6,4.6667,0.8349
B000EUD65C,5,4.2,0.4563
B000EUD6AM,1,5.0,0.9787
B000EUD6B6,2,3.5,0.2714
B000EUD6CU,1,1.0,-0.3182
B000EUEF8Y,1,5.0,0.6361
B000EUF9CK,12,4.6667,0.8746
B000EUF9E8,1,5.0,0.6908
B000EUF9EI,3,4.3333,0.5263
B000EUFAHO,3,2.6667,0.2303
B000EUG1SG,6,4.6667,0.8845
B000EUG6YA,2,4.5,0.6835
B000EUHEXM,2,5.0,0.902
B000EUHG9Y,4,3.5,0.5454
B000EUHGB2,5,4.6,0.6998
B000EUICU6,1,1.0,0.4939
B000EUINE6,2,5.0,0.5843
B000EUINFA,1,5.0,0.8591
B000EUINQ4,1,5.0,0.2263
B000EUIZ8K,9,4.7778,0.7465
B000EUIZ9O,1,4.0,0.9691
B000EUIZAI,3,4.0,0.3986
B000EUIZBM,2,5.0,0.9042
B000EUIZC6,1,4.0,0.969
B000EUJK2K,2,1.0,0.313
B000EUJK5C,2,2.5,0.8301
B000EUJK5W,4,3.25,0.6343
B000EUJKR0,1,4.0,0.1999
B000EUJL9M,2,3.0,0.5292
B000EUJLGA,1,1.0,0.7906
B000EUJLHE,3,5.0,0.8345
B000EUJO44,1,4.0,0.9153
B000EUKIRG,2,2.5,0.5412
B000EUKITO,1,5.0,0.7906
B000EUOZGG,1,5.0,0.9545
B000EUT8E0,1,4.0,0.6486
B000EVE3Y4,10,4.7,0.9059
B000EVE3YE,7,4.4286,0.9559
B000EVG87Y,1,1.0,-0.4939
B000EVG8FQ,25,4.72,0.6927
B000EVG8GU,5,4.6,0.6975
B000EVG8H4,32,4.7812,0.8578
B000EVG8HE,5,4.6,0.8996
B000EVG8HY,25,4.96,0.7735
B000EVG8J2,19,4.5263,0.8587
B000EVIDK4,7,4.8571,0.8316
B000EVIDUY,9,4.5556,0.7728
B000EVIDV8,1,5.0,0.9432
B000EVIDVI,9,4.6667,0.8302
B000EVIDWW,26,4.8077,0.8634
B000EVKHNA,6,4.1667,0.9054
B000EVKHQM,16,4.875,0.7555
B000EVLS2E,5,3.6,0.555
B000EVLS2O,2,5.0,0.6906
B000EVLU9A,3,5.0,0.7991
B000EVMNLY,6,5.0,0.6474
B000EVMNM8,1,3.0,0.1027
B000EVMNMI,24,4.4167,0.7026
B000EVMNNC,7,5.0,0.9025
B000EVMNO6,6,4.8333,0.8897
B000EVMNOG,2,5.0,0.7218
B000EVMNOQ,2,3.0,0.1618
B000EVMNP0,21,4.3333,0.7293
B000EVNWSM,1,5.0,0.5719
B000EVNWSW,2,5.0,0.8566
B000EVNYQ2,1,5.0,0.9234
B000EVNYRG,1,4.0,0.9834
B000EVOQNC,6,4.3333,0.5058
B000EVOSE4,59,4.3898,0.7726
B000EVOSF8,4,4.0,0.7115
B000EVOSFI,5,4.2,0.5755
B000EVOSGW,1,5.0,0.7845
B000EVOSH6,5,4.8,0.907
B000EVOSHG,5,4.0,0.729
B000EVPAXC,5,5.0,0.8341
B000EVQ0NQ,1,5.0,0.765
B000EVQ2O8,2,4.0,0.7024
B000EVQ2OS,1,5.0,0.9477
B000EVQ2Q6,1,4.0,0.9678
B000EVQWHU,6,4.3333,0.7522
B000EVQWIY,2,4.5,0.8102
B000EVQWJ8,1,3.0,0.11
B000EVQWK2,7,4.8571,0.807
B000EVQWKC,19,2.7895,0.4017
B000EVQWKW,7,4.8571,0.8834
B000EVRBES,1,5.0,0.9708
B000EVSYI0,7,4.0,0.6559
B000EVSYJE,2,5.0,0.5822
B000EVT042,14,4.6429,0.7008
B000EVT04C,3,3.6667,0.3303
B000EVT04M,9,4.4444,0.7674
B000EVT04W,2,3.0,0.1962
B000EVT05G,2,3.5,0.6027
B000EVT06K,11,4.7273,0.6346
B000EVT06U,5,5.0,0.2978
B000EVT074,16,4.6875,0.7618
B000EVT07O,5,4.6,0.7034
B000EVT08S,9,4.3333,0.6541
B000EVWQZW,12,3.9167,0.8746
B000EVXKK2,3,4.0,0.6321
B000EW0XFQ,5,3.2,0.8059
B000EW0XGK,2,2.5,0.5167
B000EW66KW,2,5.0,0.6835
B000EWADQA,1,5.0,0.5859
B000EWDMRC,2,4.0,0.838
B000EWMJ8U,1,2.0,0.8225
B000EWQPOO,1,5.0,0.9678
B000EWUO3W,1,4.0,0.9212
B000EX4V4E,1,5.0,0.8622
B000EX5KLW,1,5.0,0.8555
B000EXA92M,2,5.0,0.9786
B000EXGKVQ,1,5.0,0.8979
B000EXGKWA,1,4.0,0.9559
B000EXKS14,1,1.0,0.7693
B000EXMP6U,2,5.0,0.9209
B000EXMP74,2,4.0,0.914
B000EXMP7E,1,4.0,0.3612
B000EXS68Q,1,5.0,0.9903
B000EXS6E0,1,5.0,0.9081
B000EXUB52,2,5.0,0.4989
B000EXUB5C,1,3.0,-0.0772
B000EXWL8C,1,1.0,0.8176
B000EXWL8M,3,4.3333,0.9736
B000EXWL8W,3,3.6667,0.5184
B000EXWL96,1,5.0,0.5859
B000EXWL9G,1,1.0,0.9571
B000EY130S,3,5.0,0.8834
B000EY1844,4,4.5,0.9009
B000EY1NX0,4,5.0,0.863
B000EY1NXK,1,5.0,0.9081
B000EY34RS,1,5.0,0.93
B000EY37LG,2,3.0,0.7406
B000EY38MY,3,2.3333,0.215
B000EY38NI,1,3.0,0.2023
B000EY38OC,4,4.25,0.8547
B000EY39V4,3,4.3333,0.8662
B000EY3NRY,1,5.0,0.9735
B000EY3OJ6,2,3.5,0.9537
B000EY3OJQ,2,3.5,0.8521
B000EY3OKK,3,4.3333,0.9073
B000EY3OLO,4,3.75,0.4837
B000EY3OM8,1,5.0,0.8555
B000EY3OMS,3,3.6667,0.3933
B000EY3ON2,2,3.0,0.9268
B000EY5COG,5,5.0,0.7716
B000EY5COQ,1,5.0,0.9617
B000EY5TA8,3,5.0,0.7216
B000EYLE1Q,4,4.25,0.7895
B000EYLK2Y,2,5.0,0.8348
B000EYNE6O,3,3.3333,-0.0052
B000EYNE82,1,5.0,0.8126
B000EYNKAE,1,5.0,-0.0772
B000EYNKAY,7,5.0,0.871
B000EYOBRU,5,4.6,0.7596
B000EYPNCC,1,1.0,0.6746
B000EYPNCW,6,4.8333,0.8793
B000EYRBSQ,3,4.6667,0.8815
B000EYRBTK,5,4.6,0.8263
B000EYRHL2,10,4.9,0.8604
B000EZ76AI,1,5.0,0.6597
B000EZ7J9G,1,5.0,0.886
B000EZIEFO,1,5.0,0.743
B000EZK3HQ,1,5.0,0.7819
B000EZMMPW,3,3.6667,0.3827
B000EZMRP2,3,4.0,0.3478
B000EZMRPM,1,2.0,-0.7208
B000EZMRQ6,5,4.0,0.7544
B000EZMRQG,5,3.4,0.7167
B000EZMRR0,1,5.0,0.972
B000EZMRRA,3,5.0,0.1697
B000EZOKX4,7,3.8571,0.4708
B000EZOOZI,2,5.0,0.8985
B000EZOP02,3,3.3333,0.3155
B000EZOP0C,7,3.5714,0.6382
B000EZOP16,1,5.0,0.9839
B000EZOP1G,6,4.1667,0.6068
B000EZQTDS,3,5.0,0.901
B000EZQTE2,1,5.0,0.9545
B000EZQTEC,4,4.75,0.8412
B000EZQTEW,10,5.0,0.6137
B000EZSF08,1,5.0,0.959
B000EZSFVW,2,3.0,0.6228
B000EZSFX0,6,2.5,0.4222
B000EZSFXA,4,4.0,0.8301
B000EZSFY4,1,5.0,0.9556
B000EZUAEW,1,3.0,0.9764
B000EZUHD6,1,5.0,0.9607
B000EZWJP0,4,5.0,0.8177
B000EZWKY0,1,5.0,-0.2732
B000EZWQ4Y,1,5.0,0.9313
B000EZYB4W,3,3.6667,0.8233
B000EZYFRA,1,5.0,0.8271
B000EZYTUS,1,3.0,0.4804
B000EZZISK,3,4.0,0.7767
B000EZZU7O,1,5.0,0.8126
B000F013Q0,1,3.0,0.8176
B000F013RE,1,5.0,0.9169
B000F08KCU,1,4.0,0.7184
B000F0BVYE,2,1.0,0.0265
B000F0BX88,1,5.0,0.926
B000F0BXB0,4,4.75,0.7192
B000F0BXC4,2,3.0,0.8014
B000F0BXCO,1,3.0,0.4404
B000F0C56M,4,4.75,0.8668
B000F0C580,3,5.0,0.9407
B000F0DVZQ,2,2.5,0.6007
B000F0DW00,1,4.0,0.9468
B000F0DW0U,1,5.0,0.765
B000F0DW1E,4,4.75,0.9296
B000F0DW3M,3,3.0,0.2682
B000F0EX2Q,2,5.0,0.8356
B000F0FOZQ,1,5.0,0.9156
B000F0FVQS,4,2.25,-0.0195
B000F0FVRC,2,5.0,0.8596
B000F0FX52,2,5.0,0.9421
B000F0FZAA,2,3.0,0.514
B000F0FZAU,1,4.0,0.7003
B000F0FZBE,6,4.5,0.8481
B000F0FZBY,1,5.0,0.8957
B000F0FZCI,2,5.0,0.9276
B000F0FZDW,1,5.0,0.9485
B000F0FZE6,1,5.0,0.9678
B000F0FZEG,3,5.0,0.9684
B000F0G72U,2,4.0,0.4533
B000F0JDXK,2,5.0,0.7744
B000F0JL14,1,4.0,0.9413
B000F0JNHG,3,2.0,0.1908
B000F0JOR0,2,4.0,0.4111
B000F0JORA,1,1.0,-0.4215
B000F0JORK,2,3.0,-0.2179
B000F0JOU2,2,4.0,0.8277
B000F0JOUM,1,5.0,0.7783
B000F0JOV6,3,4.0,0.5955
B000F0JOVG,3,4.0,0.9042
B000F0JOVQ,1,1.0,-0.743
B000F0JOW0,1,4.0,0.8514
B000F0Z0T6,1,5.0,0.8689
B000F14DA2,1,4.0,0.5719
B000F17AKC,5,4.0,0.6052
B000F19XIO,1,5.0,0.9371
B000F1PR8E,2,5.0,0.601
B000F1PR9S,2,5.0,0.8544
B000F1UED2,1,1.0,0.3612
B000F1WAMU,1,3.0,0.8807
B000F1X740,1,5.0,-0.5445
B000F1X7Z4,1,5.0,0.6369
B000F1Z66W,1,3.0,0.8658
B000F2DNXO,1,4.0,-0.1621
B000F2NE92,3,5.0,0.7768
B000F2NEF6,3,5.0,0.8462
B000F2O70W,2,4.0,0.7642
B000F2OJLE,1,5.0,0.9497
B000F2PG16,2,5.0,0.7503
B000F2RD9E,1,4.0,0.9022
B000F2RIQC,9,5.0,0.8154
B000F2VESU,3,5.0,0.905
B000F32LVS,1,5.0,0.7783
B000F32MIK,1,5.0,0.8439
B000F33VZI,1,5.0,0.9118
B000F34IKK,1,2.0,0.9148
B000F34KOE,1,5.0,0.9042
B000F35QQA,2,5.0,0.7611
B000F3N7AC,3,3.6667,0.3033
B000F3NQ12,3,3.0,0.1288
B000F3NQKS,1,5.0,0.5719
B000F3O7NS,3,5.0,0.7929
B000F3OA7G,3,5.0,0.9829
B000F3OA7Q,2,3.5,0.2426
B000F3OERW,9,5.0,0.8382
B000F3OEXQ,2,3.0,0.8179
B000F3PJIA,1,5.0,0.765
B000F3Q1F0,1,5.0,0.8502
B000F3Q1FK,4,5.0,0.6902
B000F3Q4AM,1,5.0,0.9231
B000F3Q6W8,3,5.0,0.8662
B000F3S6HQ,1,4.0,0.7579
B000F3S6I0,1,5.0,0.9774
B000F3S6J4,4,5.0,0.771
B000F3S6JY,11,4.6364,0.7068
B000F3S6L2,2,4.0,0.9138
B000F3SE7I,1,4.0,0.9604
B000F3SE82,4,5.0,0.6636
B000F3SE8M,1,3.0,-0.0516
B000F3SE8W,2,4.5,0.933
B000F3SE9G,2,4.0,0.5308
B000F3VB7S,4,3.25,0.3987
B000F3VB82,2,4.0,0.5894
B000F3VB8C,3,3.3333,0.2735
B000F3WDT8,4,3.5,0.9032
B000F3WS7K,5,5.0,0.5275
B000F3WS8O,1,5.0,0.6369
B000F3WSBQ,4,5.0,0.9384
B000F3WSFC,2,3.5,0.834
B000F3XZFO,5,4.2,0.7007
B000F3YEIQ,2,4.5,0.7572
B000F3YEPO,6,5.0,0.8547
B000F3YEWM,1,5.0,0.9485
B000F3YEYK,2,5.0,0.706
B000F3YF0S,2,4.5,0.5996
B000F3ZU98,1,3.0,0.9618
B000F4092A,1,5.0,0.1027
B000F4094I,1,1.0,0.0
B000F40966,3,4.3333,0.9375
B000F409GG,1,2.0,-0.6872
B000F409HK,1,5.0,0.0
B000F409HU,4,4.75,0.9542
B000F411P4,1,5.0,0.6486
B000F41ZFA,2,5.0,0.9741
B000F41ZFK,10,4.9,0.8744
B000F41ZG4,2,5.0,0.9338
B000F42DYW,3,4.3333,0.9128
B000F42E6O,8,5.0,0.8129
B000F42EC8,2,5.0,0.8761
B000F42ECI,2,5.0,0.8694
B000F42EEQ,1,4.0,0.8553
B000F46EOC,4,4.5,0.9084
B000F47DWO,1,5.0,0.765
B000F47DXI,1,4.0,0.9116
B000F47E00,2,5.0,0.865
B000F47E1O,1,5.0,0.8957
B000F47E32,2,4.0,0.6318
B000F498XQ,1,5.0,0.9062
B000F498YA,1,5.0,0.9022
B000F4991C,1,5.0,0.9468
B000F4D50I,1,1.0,0.872
B000F4D5GC,12,5.0,0.8072
B000F4D5IU,3,5.0,0.8954
B000F4D5JE,3,5.0,0.4228
B000F4DK9O,1,5.0,0.7436
B000F4DK9Y,3,5.0,0.776
B000F4DKA8,1,5.0,0.93
B000F4DKAI,2,5.0,0.8306
B000F4DKAS,7,3.8571,0.7402
B000F4DKB2,3,4.6667,0.9339
B000F4DKBC,4,3.25,0.3308
B000F4DKC6,2,5.0,0.8768
B000F4ET58,1,4.0,0.7584
B000F4ET9E,1,2.0,-0.95
B000F4EU3E,2,2.5,-0.1606
B000F4EU52,2,1.0,-0.3565
B000F4EU66,2,3.0,0.8717
B000F4EUAM,2,3.0,0.7732
B000F4EULQ,1,1.0,-0.8173
B000F4F934,5,4.6,0.723
B000F4F93Y,2,4.5,0.5105
B000F4F94I,5,5.0,0.6594
B000F4F94S,11,3.7273,0.6824
B000F4F952,11,4.5455,0.8501
B000F4F95C,8,4.125,0.807
B000F4F95M,4,5.0,0.8379
B000F4F95W,4,4.75,0.8284
B000F4F96G,1,2.0,0.128
B000F4F96Q,5,3.4,0.6954
B000F4F97A,4,5.0,0.7426
B000F4F9HU,12,3.75,0.6653
B000F4GP3C,1,1.0,0.4576
B000F4GP96,1,1.0,0.9468
B000F4GPC8,5,4.0,0.3406
B000F4GPP0,5,4.0,0.5722
B000F4GQ22,1,5.0,0.9756
B000F4H4T6,5,3.2,0.1653
B000F4H5F4,3,4.6667,0.8544
B000F4H5FE,3,4.0,0.1281
B000F4H5FO,4,4.25,0.7118
B000F4H5FY,8,4.625,0.5698
B000F4H5G8,4,4.5,0.9103
B000F4H5GI,9,4.8889,0.9172
B000F4H5GS,3,5.0,0.8416
B000F4H5H2,5,4.4,0.5249
B000F4H5HC,6,4.0,0.6948
B000F4H5QI,11,4.2727,0.7467
B000F4I382,1,5.0,0.9738
B000F4IRDI,1,5.0,0.9571
B000F4IREM,3,3.6667,-0.1636
B000F4J73W,3,3.6667,0.3917
B000F4J746,9,5.0,0.8098
B000F4J74G,2,4.0,0.8014
B000F4J74Q,4,4.0,0.746
B000F4J76E,3,2.3333,0.6391
B000F4K3X0,3,3.3333,0.3242
B000F4SVV6,2,3.0,0.2252
B000F4T12O,6,3.6667,0.6516
B000F4UBWS,1,3.0,0.6808
B000F50PAA,2,5.0,0.9203
B000F50WMG,2,3.0,0.8378
B000F52NU0,1,4.0,0.8839
B000F5429A,1,2.0,0.8934
B000F542AE,1,5.0,-0.5994
B000F5DR0K,1,4.0,0.8126
B000F5K5XW,1,1.0,0.2023
B000F5K7QM,1,5.0,0.4939
B000F62FBG,1,5.0,0.6369
B000F62WGO,1,4.0,0.8122
B000F63LDC,1,2.0,0.0
B000F6B0ZS,1,5.0,0.9493
B000F6GZDA,1,4.0,0.3182
B000F6MOS0,1,5.0,0.9253
B000F6MOVC,1,4.0,0.9162
B000F6QHRE,1,4.0,0.8977
B000F6SLM8,5,4.2,0.6895
B000F6SNPS,27,3.8889,0.8854
B000F6SNQM,5,5.0,0.894
B000F6SNQW,1,5.0,0.9313
B000F6SOZ2,1,5.0,0.9246
B000F6SQ1E,1,4.0,0.9559
B000F6SQ1O,4,4.0,0.5459
B000F6STQG,1,3.0,0.926
B000F6SWA4,1,5.0,0.7783
B000F6SWAE,1,5.0,0.9919
B000F6SWB8,2,5.0,0.9602
B000F6UMH0,5,2.8,0.6347
B000F6UMHU,5,4.8,0.8775
B000F6UOOG,2,4.5,0.8692
B000F6UOOQ,1,2.0,0.34
B000F6UOPK,1,5.0,0.5434
B000F6UORI,2,5.0,0.93
B000F6UX8I,3,5.0,0.7855
B000F6VBLG,2,5.0,0.92
B000F6WJGC,1,5.0,0.9761
B000F6WPLQ,2,3.0,0.867
B000F6WRY6,1,5.0,0.946
B000F6WRYG,1,5.0,0.8479
B000F6X5BK,3,1.6667,0.7623
B000F70R9C,17,4.4706,0.9076
B000F70R9W,3,5.0,0.9644
B000F70RC4,1,5.0,0.9652
B000F70SO6,2,5.0,0.9266
B000F70TWW,2,4.0,0.2108
B000F74248,3,3.6667,0.8696
B000F7426G,1,4.0,-0.9219
B000F782JY,1,5.0,0.9153
B000F7A3PA,5,4.8,0.7177
B000F7A4NG,1,5.0,0.9584
B000F7A4OK,3,4.6667,0.9377
B000F7A5X0,7,4.4286,0.8597
B000F7HRL8,1,4.0,0.802
B000F7KMHE,1,4.0,0.997
B000F7OMX4,1,5.0,0.9476
B000F7P418,1,5.0,0.802
B000F7P422,1,5.0,0.8832
B000F7PW9M,1,5.0,0.9776
B000F7QPA2,1,5.0,0.9509
B000F7T92I,3,3.0,0.6061
B000F7V872,1,5.0,0.9686
B000F7W1WI,1,5.0,0.9605
B000F7W1ZA,1,5.0,0.7351
B000F8AGHY,1,5.0,0.8519
B000F8EURG,2,5.0,0.7549
B000F8GWR2,1,5.0,-0.2023
B000F8GWRC,1,5.0,0.9538
B000F8GWRM,3,2.3333,0.4599
B000F8J2HO,1,5.0,0.9118
B000F8J2HY,1,5.0,0.9685
B000F8J2II,1,4.0,0.743
B000F8J2IS,2,5.0,0.9136
B000F8J2K6,1,5.0,0.8957
B000F8JIIC,2,5.0,0.5831
B000F8L4GG,3,3.6667,0.6615
B000F8L4HK,4,4.0,0.4484
B000F8L4I4,3,4.6667,0.9024
B000F8U03E,3,4.6667,0.8513
B000F8Y6JS,1,3.0,0.4588
B000F959NO,3,4.0,0.7905
B000F99D2M,1,4.0,0.9442
B000F9B6OK,1,1.0,0.0
B000F9BBQI,1,5.0,0.8718
B000F9FG64,1,4.0,-0.0145
B000F9FHDQ,1,5.0,0.9648
B000F9HM6G,1,1.0,-0.8166
B000F9HM70,4,4.75,0.9471
B000F9HN74,2,5.0,0.9848
B000F9NSR8,1,5.0,0.93
B000F9XB2U,1,5.0,0.5423
B000F9XB7K,2,5.0,0.6113
B000F9XB8O,2,5.0,0.9393
B000F9XB98,1,5.0,0.7698
B000F9XBA2,2,4.5,0.6438
B000F9XBBQ,2,4.0,0.2837
B000F9XBCA,2,3.0,0.9568
B000F9XBDE,2,3.5,0.3256
B000F9XBGG,1,5.0,0.6698
B000F9XBGQ,3,2.6667,0.2938
B000F9XBIE,3,4.0,0.5202
B000F9Z1T6,2,4.5,0.7935
B000F9Z1UA,1,5.0,0.6369
B000F9Z1V4,4,2.5,0.1795
B000F9Z1WI,8,4.375,0.6186
B000F9Z1XM,6,4.1667,0.4627
B000F9Z1XW,1,4.0,0.9084
B000F9Z1YG,7,4.7143,0.7368
B000F9Z1ZK,4,3.75,-0.2007
B000F9Z20E,3,5.0,0.9321
B000F9Z20O,1,5.0,0.9423
B000F9Z218,5,4.0,0.5706
B000F9Z24K,1,5.0,0.9935
B000F9Z25Y,1,5.0,0.9501
B000F9Z268,1,5.0,0.9719
B000F9Z272,1,5.0,0.8036
B000F9Z27C,1,1.0,0.9442
B000F9Z286,1,2.0,0.7287
B000F9Z29K,1,5.0,0.7269
B000F9Z29U,5,3.6,0.7319
B000F9Z2BS,5,4.6,0.7709
B000F9Z2C2,2,4.5,0.916
B000F9ZDKS,1,5.0,0.836
B000F9ZEUM,1,5.0,0.7522
B000F9ZM5Y,1,4.0,0.0
B000F9ZM7M,3,2.0,0.3058
B000FA0VSG,2,4.5,0.9588
B000FA157W,1,5.0,0.8807
B000FA158G,2,4.5,0.9268
B000FA158Q,2,3.0,0.9708
B000FA15D6,2,4.5,0.9386
B000FA15DQ,1,5.0,0.8625
B000FA15GI,2,3.0,0.8402
B000FA15H2,1,1.0,0.3612
B000FA15HW,1,5.0,0.9705
B000FA15IG,2,2.5,0.8881
B000FA15JA,1,2.0,0.3832
B000FA15OK,1,5.0,0.5267
B000FA15OU,2,3.0,0.6559
B000FA15PE,3,4.0,0.5939
B000FA15RW,2,4.0,0.5162
B000FA1HA2,1,1.0,-0.9931
B000FA1HBG,2,4.5,0.731
B000FA1HBQ,2,3.5,0.9256
B000FA38YK,6,4.5,0.6971
B000FA38YU,2,5.0,0.2246
B000FA38Z4,1,1.0,-0.0772
B000FA38ZE,3,3.6667,0.9247
B000FA38ZO,4,3.75,0.691
B000FA38ZY,32,3.9375,0.8372
B000FA3912,5,4.4,0.7931
B000FA393U,6,5.0,0.7409
B000FA394Y,2,3.0,0.4668
B000FA395I,5,5.0,0.6151
B000FA396M,2,5.0,0.6719
B000FA399Y,1,5.0,0.9295
B000FA39AS,2,5.0,0.0401
B000FA39BM,1,3.0,0.9543
B000FA39GW,2,4.5,0.6809
B000FA39JE,4,3.0,0.4434
B000FA3L10,2,2.5,0.1233
B000FA3L24,5,4.0,0.7955
B000FA3L4C,1,5.0,0.9638
B000FA3THG,1,1.0,-0.0772
B000FA3TNK,1,5.0,0.9578
B000FA68GK,1,5.0,0.0
B000FA77TW,3,4.6667,0.7999
B000FA8SH2,2,5.0,0.8679
B000FAABY0,3,5.0,0.789
B000FAAY4M,3,5.0,0.7877
B000FAGFCM,1,2.0,-0.6124
B000FAIR46,3,5.0,0.812
B000FAIR4G,1,5.0,0.9726
B000FAIR5U,4,4.75,0.7027
B000FAIR82,2,5.0,0.4807
B000FAIR8C,4,4.75,0.6924
B000FAIR8W,1,5.0,-0.4767
B000FAIR96,4,4.0,0.6626
B000FAIRBO,1,2.0,0.9781
B000FAIRCI,2,5.0,0.7757
B000FAIRCS,4,4.0,0.8054
B000FAK5A0,1,5.0,0.9812
B000FAKUP0,1,5.0,0.9062
B000FAKUPA,1,2.0,0.6597
B000FAKUQY,2,3.5,0.6182
B000FAKUT6,2,5.0,0.8944
B000FAKUW8,1,5.0,0.8479
B000FAMUO4,1,5.0,0.9423
B000FAMUQW,3,4.6667,0.59
B000FAMURG,2,4.5,0.68
B000FAMURQ,2,5.0,0.5921
B000FAMUVM,2,4.0,0.8268
B000FAMUWG,1,5.0,0.9869
B000FAMUWQ,2,5.0,0.89
B000FAPLS6,3,4.6667,0.3206
B000FAPLTU,1,5.0,0.9287
B000FAPLXQ,1,4.0,0.7506
B000FAPLYU,7,4.1429,0.6889
B000FAPLZ4,1,5.0,-0.0772
B000FAPM0I,1,5.0,0.8689
B000FAPM26,2,2.5,0.7545
B000FAPM2Q,10,5.0,0.8083
B000FAPM3K,2,3.0,0.8394
B000FAWO9A,1,5.0,0.875
B000FBKFRW,12,3.5,0.5553
B000FBKFV8,3,4.0,0.786
B000FBL8FU,4,4.0,0.845
B000FBL8NM,3,4.0,0.9714
B000FBLG6G,1,5.0,0.9062
B000FBM3PO,8,5.0,0.6885
B000FBM3RC,15,4.5333,0.6394
B000FBM3WC,7,3.8571,0.635
B000FBM3YK,6,4.5,0.8158
B000FBM46W,11,4.7273,0.8417
B000FBM480,8,5.0,0.748
B000FBM494,1,5.0,0.9227
B000FBM4AI,1,5.0,0.9674
B000FBM4FI,4,5.0,0.663
B000FBM54S,7,4.7143,0.8839
B000FBMFDO,17,4.4706,-0.3177
B000FBO9LK,11,5.0,0.7743
B000FBO9MO,10,5.0,0.7734
B000FBOA46,1,5.0,0.8591
B000FBOA5A,2,5.0,0.7082
B000FBOA5K,1,5.0,0.908
B000FBOAO6,11,4.8182,0.8522
B000FBOAOQ,10,4.8,0.8542
B000FBOAP0,9,4.5556,0.8012
B000FBQ4YU,7,5.0,0.6842
B000FBQ50I,11,4.3636,0.8064
B000FBQ54Y,10,5.0,0.8308
B000FBQ56M,9,4.7778,0.8157
B000FBQ594,7,4.0,0.527
B000FBQ5GW,1,5.0,0.9468
B000FBQ5HQ,2,5.0,0.9398
B000FBQ5IU,2,5.0,0.7419
B000FCCJVQ,2,2.5,0.2442
B000FCCR68,1,5.0,-0.8428
B000FCE63K,1,3.0,0.6249
B000FCGK84,1,5.0,-0.4939
B000FCI31G,2,5.0,0.9566
B000FCI6JU,3,5.0,0.5995
B000FCI6K4,1,5.0,0.9517
B000FCI6KE,1,5.0,-0.2732
B000FCNLO0,1,5.0,0.959
B000FCOOVY,3,3.3333,0.9171
B000FD2B4U,1,5.0,0.6369
B000FD787K,2,3.5,0.2779
B000FD78BQ,1,4.0,0.7566
B000FD78IO,2,2.0,0.3685
B000FD78O8,1,3.0,0.8555
B000FD7C5S,2,5.0,0.896
B000FD7C6W,2,4.0,0.5606
B000FD7C76,1,5.0,0.836
B000FD8RFM,1,5.0,0.7783
B000FD92Z6,1,5.0,0.9812
B000FD9364,1,1.0,0.7964
B000FD93DC,1,2.0,0.7003
B000FDB3S0,1,3.0,0.8687
B000FDB3VW,1,1.0,0.7579
B000FDB3YY,1,5.0,0.967
B000FDB75O,1,5.0,0.9169
B000FDB75Y,1,5.0,0.5994
B000FDB7BS,1,5.0,0.9325
B000FDBQE6,5,5.0,0.8254
B000FDBQEG,4,3.75,0.8842
B000FDBQFK,3,3.3333,0.6132
B000FDBQHS,4,4.0,0.9149
B000FDBRGI,4,4.75,0.8239
B000FDBRI6,1,5.0,0.7783
B000FDCRSU,1,5.0,0.891
B000FDCRVC,1,1.0,0.7964
B000FDCS0C,1,1.0,0.5356
B000FDCY0Q,1,5.0,0.7506
B000FDDER8,2,4.5,0.9435
B000FDDESC,14,4.7857,0.9131
B000FDDESM,16,4.75,0.716
B000FDDET6,14,3.6429,0.6066
B000FDDETG,8,4.875,0.8819
B000FDDEV4,3,5.0,0.8585
B000FDDEXM,1,5.0,0.861
B000FDDFUE,4,4.75,0.8731
B000FDDFV8,3,5.0,0.5348
B000FDDJ1O,2,5.0,0.96
B000FDDJ1Y,1,5.0,0.9001
B000FDDJAA,3,4.6667,0.8407
B000FDDOCI,2,5.0,0.3
B000FDDOCS,1,3.0,0.9313
B000FDDOGE,4,4.75,0.8699
B000FDKQBK,1,5.0,0.9578
B000FDKQCO,5,4.4,0.8767
B000FDKQCY,7,4.1429,0.6371
B000FDKQII,3,3.6667,0.8639
B000FDKQK6,3,4.0,0.856
B000FDKRFK,2,3.5,0.4883
B000FDKUSE,1,5.0,0.8176
B000FDKUSO,2,5.0,0.952
B000FDKZWK,1,5.0,0.802
B000FDLB1Y,4,4.0,0.708
B000FDLB6Y,1,5.0,0.7845
B000FDLB8M,1,2.0,-0.8987
B000FDLB9Q,1,5.0,0.6124
B000FDLBQO,2,4.5,0.5106
B000FDMLUE,4,5.0,0.5055
B000FDMLUO,6,2.8333,0.5494
B000FDMLV8,8,4.875,0.858
B000FDMLVI,13,3.6154,0.5324
B000FDMLVS,9,4.3333,0.3917
B000FDMLWW,1,4.0,0.6369
B000FDMLYA,1,4.0,-0.25
B000FDMM08,2,4.0,0.3124
B000FDMM0S,1,5.0,0.6369
B000FDMMVM,3,4.6667,0.3709
B000FDMQAE,2,5.0,0.6496
B000FDMQAO,1,5.0,0.9349
B000FDMQB8,1,5.0,0.9538
B000FDMQGS,3,3.3333,0.6784
B000FDMQJA,2,5.0,0.9718
B000FDMVOU,1,1.0,0.5267
B000FDMVPO,4,3.75,0.8059
B000FDN6OO,1,5.0,0.8402
B000FDN6Q2,1,5.0,0.9595
B000FDN6QW,2,4.0,0.7028
B000FDN6WG,3,5.0,0.8707
B000FDN78Y,4,3.75,0.446
B000FDN7AM,3,3.3333,0.414
B000FDOPY4,1,5.0,0.9509
B000FDOUVC,1,5.0,0.8807
B000FDOUXA,1,5.0,0.8934
B000FDP5TI,1,4.0,0.836
B000FDP5WA,3,4.6667,0.7821
B000FDP5XE,1,5.0,0.8176
B000FDP6FG,1,5.0,0.9042
B000FDP6GA,1,5.0,0.7906
B000FDP6GU,1,4.0,0.8586
B000FDP6HE,2,3.5,0.3243
B000FDP6IS,3,2.6667,0.7868
B000FDQV00,3,5.0,0.8809
B000FDQV3C,4,4.75,0.8846
B000FDQV46,1,5.0,0.8516
B000FDQV8M,1,5.0,0.6369
B000FDQVLY,1,2.0,0.7003
B000FDSKIQ,1,5.0,0.902
B000FDTH1A,1,4.0,0.6197
B000FDXLYE,1,5.0,0.926
B000FE3KYE,2,5.0,0.809
B000FE5SDA,3,5.0,0.8417
B000FE5SDU,1,2.0,0.8176
B000FE9F84,2,5.0,0.7361
B000FEA2CW,1,4.0,-0.1078
B000FED3QO,1,5.0,0.6597
B000FED3SW,3,4.3333,0.9014
B000FEDH7E,2,3.0,0.5107
B000FEDHF6,2,3.0,0.8089
B000FEDHHE,6,4.8333,0.7611
B000FEF0B0,3,2.3333,-0.0527
B000FEFECA,2,3.0,0.9273
B000FEFELG,1,1.0,-0.5118
B000FEFET8,5,4.2,0.7679
B000FEH6O4,2,4.5,0.8725
B000FEH6XU,5,4.8,0.8787
B000FEJ11U,4,2.75,0.5418
B000FELW80,1,2.0,0.25
B000FELX2U,3,3.6667,0.9491
B000FEM3W4,1,5.0,0.9201
B000FENTZO,2,5.0,0.8698
B000FEO66K,1,3.0,0.8036
B000FEO6EM,1,1.0,-0.5267
B000FEUDTO,1,4.0,0.9231
B000FEXUVW,3,3.0,0.2039
B000FF3L56,2,3.5,0.5618
B000FF3UV6,1,5.0,0.8481
B000FF3UYI,1,5.0,0.5994
B000FF3V06,2,3.5,0.6748
B000FF4ZVU,1,5.0,0.9313
B000FF5JDS,1,5.0,0.9042
B000FF5T9C,1,5.0,0.9422
B000FF5TBA,3,4.3333,0.8436
B000FF8X4K,1,5.0,0.8402
B000FF96W8,2,5.0,0.3903
B000FF9DV2,7,3.8571,0.7946
B000FF9OBQ,2,5.0,0.9092
B000FFAK46,2,5.0,0.7217
B000FFAK6Y,2,5.0,0.9318
B000FFAK8C,3,3.6667,0.2118
B000FFAK9G,5,5.0,0.8122
B000FFAKA0,1,5.0,0.9623
B000FFCO6S,4,5.0,0.8404
B000FFCO7M,1,5.0,0.9244
B000FFGIYM,1,4.0,0.34
B000FFIEL2,14,4.3571,0.7061
B000FFIEMQ,1,5.0,0.8271
B000FFIIUO,1,1.0,-0.1567
B000FFIIXQ,2,4.0,0.9442
B000FFIIYU,1,2.0,0.8717
B000FFIIZO,9,4.4444,0.7064
B000FFIIZY,11,4.5455,0.7039
B000FFIL60,2,4.5,0.9571
B000FFIL92,51,4.4314,0.8913
B000FFIL9C,2,4.5,0.9612
B000FFIUD4,1,5.0,0.8887
B000FFIUDE,2,4.5,0.9376
B000FFLHSY,18,4.0556,0.6685
B000FFLHU2,23,3.6957,0.2797
B000FFLTAK,6,3.6667,0.762
B000FFLTD2,9,3.8889,0.7939
B000FFLTDM,6,3.6667,0.6942
B000FFLTEG,2,4.5,0.8636
B000FFLTM8,5,4.2,0.7768
B000FFLXPG,1,5.0,0.9201
B000FFLXQ0,1,1.0,0.9403
B000FFLXR4,9,3.5556,0.7893
B000FFLXSS,4,5.0,0.9299
B000FFM7TW,1,5.0,0.9201
B000FFM7U6,2,5.0,0.6364
B000FFM7UQ,2,3.5,0.3445
B000FFPXBG,1,5.0,0.9844
B000FFPXC0,2,4.5,0.7229
B000FFPXDO,6,4.6667,0.7257
B000FFPXF2,8,4.125,0.4798
B000FFPXJ8,5,4.2,0.8432
B000FFQ1VW,6,4.0,0.4596
B000FFQ1WQ,1,4.0,0.9648
B000FFQ1Y4,2,4.5,0.9672
B000FFQ1ZI,3,4.6667,0.8584
B000FFQ216,1,5.0,0.9595
B000FFQ23Y,15,4.0,0.7339
B000FFQD2O,1,5.0,0.996
B000FFRTVI,7,3.7143,0.5606
B000FFRTYK,5,4.8,0.9103
B000FFRTZO,1,5.0,0.9633
B000FFRU3U,4,4.5,0.8998
B000FFRY1S,2,2.5,0.8758
B000FFRY2C,3,1.0,0.6814
B000FFRY3G,7,2.8571,0.5962
B000FFRY4U,1,4.0,0.507
B000FFRY5O,7,2.7143,0.3866
B000FFS084,1,2.0,-0.3265
B000FFS09I,5,3.8,0.67
B000FFS0AC,2,2.5,0.9926
B000FFS0CA,1,3.0,0.8901
B000FFS0D4,1,5.0,0.9806
B000FFS91M,3,5.0,0.9376
B000FFS926,4,4.75,0.1039
B000FFS92G,1,5.0,0.9371
B000FFS930,3,5.0,0.9395
B000FFS93K,1,4.0,0.5574
B000FFVYEQ,4,4.25,0.9648
B000FFVYF0,9,4.4444,0.8375
B000FFVYFA,6,5.0,0.9143
B000FFX68I,3,5.0,0.7201
B000FFXN2C,1,5.0,0.7976
B000FFXN2M,8,4.875,0.9566
B000FGAJSC,1,1.0,0.3818
B000FGBI6Y,1,5.0,0.9402
B000FGC67E,1,5.0,0.836
B000FGCD1S,3,5.0,0.9252
B000FGHEG2,2,2.5,0.385
B000FGXT1Q,1,5.0,0.7964
B000FGXT20,3,5.0,0.608
B000FGXT2A,4,4.25,0.7237
B000FGXT34,4,3.0,0.59
B000FGXT3E,2,4.0,0.9224
B000FGZKV8,2,4.5,0.7028
B000FGZKVS,2,4.5,0.8978
B000FGZKWC,5,3.4,0.6282
B000FGZKWM,1,5.0,0.9779
B000FGZKY0,1,3.0,0.3612
B000FGZKZE,2,5.0,0.9236
B000FH187C,1,5.0,0.4404
B000FH188G,1,2.0,0.8384
B000FH1890,3,3.6667,0.5246
B000FH189K,1,1.0,0.9226
B000FH2Y0M,2,4.0,0.647
B000FH2Y16,1,5.0,0.8405
B000FH2Y1Q,2,4.5,0.5893
B000FH7YBQ,1,5.0,0.9847
B000FH9NJM,1,4.0,0.9666
B000FHESOC,1,5.0,0.9843
B000FHREDY,1,5.0,0.8908
B000FHREWK,1,5.0,0.8555
B000FI2VHM,25,3.44,0.7098
B000FI4O8Q,12,4.75,0.8135
B000FI4O90,49,3.8367,0.7344
B000FI61OQ,29,2.7586,0.6261
B000FI701Y,12,4.8333,0.7415
B000FI7FJG,1,4.0,0.3612
B000FI7ILG,1,5.0,0.9346
B000FIAWVE,7,5.0,0.8592
B000FIBBWS,2,5.0,0.2611
B000FICDO8,9,4.7778,0.758
B000FICEGK,1,5.0,0.886
B000FIDLNU,5,3.0,0.4858
B000FIFH8C,1,5.0,0.0062
B000FIMW7G,1,4.0,0.9812
B000FIP7X2,2,5.0,0.7979
B000FIP7XW,2,5.0,0.8812
B000FIULB0,4,4.75,0.9124
B000FIUQAQ,4,2.75,0.6281
B000FIUQB0,2,4.0,0.4005
B000FIUVL0,1,1.0,0.2924
B000FIWIW0,1,2.0,0.2263
B000FIWIWA,4,4.75,0.8389
B000FIWIWU,3,5.0,0.9766
B000FIWNWK,2,5.0,0.9869
B000FIXT2I,12,4.5,0.6504
B000FIXYC8,2,5.0,0.8934
B000FIXYCS,1,5.0,0.4522
B000FIY3FK,2,5.0,0.9522
B000FIY3G4,1,5.0,0.9915
B000FIY3H8,1,5.0,0.6597
B000FIY3HI,1,5.0,0.6597
B000FIZVY2,1,5.0,0.9545
B000FIZVYM,2,5.0,0.2386
B000FIZVYW,3,4.6667,0.8294
B000FIZW00,3,5.0,0.4429
B000FIZW50,4,4.5,0.8501
B000FIZW5K,3,2.3333,0.8015
B000FIZW5U,1,2.0,0.5719
B000FJ01FU,1,5.0,0.6597
B000FJEURA,1,4.0,0.9194
B000FJLXHU,4,5.0,0.8022
B000FJPKWO,3,4.6667,0.5851
B000FJZB50,1,4.0,0.5106
B000FK52B2,4,5.0,0.899
B000FK5O0G,2,5.0,0.8758
B000FK63IS,16,4.75,0.8736
B000FK63LK,7,4.8571,0.8432
B000FK63M4,2,5.0,0.93
B000FK63QA,1,5.0,0.5859
B000FK63SS,4,4.75,0.5223
B000FK63TW,2,3.5,0.5434
B000FK63U6,2,5.0,0.8748
B000FK63XI,2,3.5,0.7308
B000FK79Q8,1,3.0,0.8776
B000FK7G16,1,1.0,-0.6315
B000FK7G1Q,1,5.0,0.9618
B000FK7G20,3,3.0,0.8195
B000FK7PQW,9,5.0,0.8257
B000FK7PYY,3,5.0,0.752
B000FK8HJQ,4,4.5,0.5093
B000FK8VHE,8,4.75,0.8976
B000FK8VSS,2,5.0,0.9166
B000FK8VT2,1,5.0,0.5106
B000FKAYO2,4,5.0,0.9594
B000FKAYVK,2,5.0,0.8083
B000FKEWRM,2,5.0,0.4801
B000FKGT8W,5,4.6,0.8634
B000FKHVW0,1,5.0,0.9706
B000FKIYEO,10,3.2,0.6983
B000FKIYKI,4,4.75,0.8433
B000FKIYM6,2,4.0,0.8518
B000FKL0D6,12,5.0,0.8865
B000FKL0EU,7,2.7143,0.4486
B000FKL0O0,1,4.0,0.802
B000FKMNK0,4,5.0,0.8886
B000FKMNSM,1,4.0,0.7269
B000FKMNT6,1,5.0,0.836
B000FKMNUU,3,3.6667,0.5235
B000FKQD42,11,4.6364,0.8618
B000FKQD5G,9,4.6667,0.6824
B000FKQDAQ,5,4.8,0.8424
B000FKQDD8,5,4.0,0.6618
B000FKQDDI,1,5.0,0.8312
B000FL08AG,2,3.5,0.6622
B000FL08AQ,9,4.4444,0.7322
B000FL08B0,17,4.5294,0.6464
B000FL0A9A,2,3.5,0.5266
B000FL0A9K,2,5.0,0.8442
B000FL1I3C,2,4.5,0.8561
B000FL1OOA,3,3.6667,0.0856
B000FL22DM,3,5.0,0.6847
B000FL3I5I,3,5.0,0.907
B000FL3ILM,4,3.75,0.4361
B000FL3IM6,13,4.2308,0.672
B000FL3K6A,1,5.0,0.91
B000FL3KCO,1,5.0,0.9183
B000FL3KUG,1,4.0,0.4939
B000FL521G,14,4.9286,0.6173
B000FL52IY,7,4.2857,0.8007
B000FL5482,3,5.0,0.839
B000FL54AA,1,5.0,0.9562
B000FL552C,2,5.0,0.7436
B000FL95Q4,1,4.0,0.7783
B000FLGNHS,1,5.0,0.6369
B000FLSYQG,1,5.0,0.9471
B000FLSYR0,1,4.0,0.3182
B000FLWIZE,2,5.0,0.7588
B000FM9BEE,3,3.6667,0.8375
B000FMBEFI,1,3.0,0.8252
B000FMDIKC,4,2.75,0.9048
B000FMIMNK,2,5.0,0.878
B000FMLK2U,1,4.0,-0.5423
B000FMMTHU,2,3.0,0.6746
B000FMOEOQ,4,5.0,0.9015
B000FMTJJQ,7,4.1429,0.8006
B000FMTVDU,1,2.0,0.6674
B000FMZMN8,5,4.8,0.8143
B000FMZO8G,39,4.6154,0.7986
B000FMZO90,44,4.5909,0.7533
B000FN5OTY,1,5.0,0.9062
B000FN9S78,1,4.0,0.8016
B000FNADD6,4,3.75,0.634
B000FNADGI,1,5.0,0.9353
B000FNB3AI,27,3.7037,0.7582
B000FNC60Y,3,2.3333,-0.1038
B000FNCVR2,15,3.4,0.5901
B000FNCXL6,3,3.3333,0.4515
B000FNEX50,9,3.8889,0.8199
B000FNEX8C,30,4.2667,0.8536
B000FNEZG2,13,3.3077,0.5084
B000FNEZGM,7,3.2857,0.5992
B000FNF1H4,2,4.0,0.7853
B000FNH1C2,31,4.2258,0.8053
B000FNH3KW,8,3.25,0.3988
B000FNJ5JO,3,4.3333,0.7121
B000FNJ69S,3,5.0,0.9256
B000FNK5YI,2,4.0,0.8124
B000FNLEHK,3,5.0,0.8706
B000FNM5PU,2,5.0,0.917
B000FO955W,1,5.0,0.8126
B000FO9FOS,1,4.0,0.9723
B000FOAO84,2,4.5,0.9674
B000FOIYS6,9,4.8889,0.8004
B000FOIYSG,4,4.75,0.7077
B000FOIYX6,1,5.0,0.765
B000FOMKP4,2,4.0,0.4368
B000FOOIVI,2,2.5,0.0379
B000FOYMIC,5,2.6,0.6317
B000FP0514,4,5.0,0.7262
B000FP0JY2,8,3.375,0.4517
B000FP5K0U,1,5.0,0.6445
B000FPCVY8,2,3.0,0.7528
B000FPCVYI,2,5.0,0.8782
B000FPDYQM,2,4.0,0.9186
B000FPDYRG,2,5.0,0.968
B000FPDYRQ,1,4.0,0.8402
B000FPFC3K,2,5.0,0.9343
B000FPFC3U,4,5.0,0.9358
B000FPFC4O,3,5.0,0.9416
B000FPGYS2,3,2.3333,0.3689
B000FPGYSW,3,4.3333,0.8831
B000FPGYT6,2,4.0,0.8572
B000FPGYTG,1,5.0,0.872
B000FPGYTQ,7,4.8571,0.7807
B000FPGZ5E,1,5.0,0.9859
B000FPGZFY,5,4.2,0.3797
B000FPH1LQ,4,5.0,0.8456
B000FPH1NO,1,1.0,-0.5994
B000FPH1NY,1,5.0,0.9488
B000FPHGWU,3,4.6667,0.9473
B000FPJ4M0,2,3.0,0.3508
B000FPJ4MU,2,3.0,0.7967
B000FPJ6QO,22,4.0455,0.5365
B000FPJ72W,2,4.5,0.9347
B000FPJ740,2,3.0,0.675
B000FPJ74U,3,3.0,0.5524
B000FPJ75O,4,4.0,0.7876
B000FPJ78G,5,4.4,0.824
B000FPJ78Q,5,4.6,0.8085
B000FPKMK8,1,5.0,0.9693
B000FPKX3E,3,5.0,0.9071
B000FPKX3O,1,4.0,0.9001
B000FPKX48,2,5.0,0.845
B000FPKX4I,2,2.5,0.4529
B000FPKX4S,1,5.0,0.872
B000FPKX5C,6,3.6667,0.7326
B000FPKX5M,1,5.0,0.946
B000FPKX84,2,5.0,0.6378
B000FPKXCA,1,5.0,0.8885
B000FPKXK2,1,5.0,0.9678
B000FPKXMK,2,3.0,0.1246
B000FPKZPK,2,5.0,0.9103
B000FPKZS2,1,3.0,0.7096
B000FPKZSM,4,5.0,0.9423
B000FPKZTQ,3,4.0,0.6323
B000FPKZWS,1,5.0,0.6369
B000FPM22O,12,4.25,0.7531
B000FPM22Y,9,3.6667,0.7001
B000FPM23S,1,5.0,0.946
B000FPM2MY,3,3.0,0.0188
B000FPM2NS,1,1.0,0.7914
B000FPM2PG,1,1.0,0.7017
B000FPM56C,1,5.0,0.6369
B000FPM56W,4,3.75,0.5781
B000FPM58K,2,5.0,0.6841
B000FPM594,2,5.0,0.0769
B000FPM5DA,7,3.1429,0.6473
B000FPM5EE,2,5.0,0.9116
B000FPM5EO,1,5.0,0.6369
B000FPVHTI,1,5.0,0.9578
B000FPVLDA,7,5.0,0.7363
B000FPVM2A,1,1.0,0.7787
B000FPX7SW,6,3.1667,0.7673
B000FQ0PUO,4,4.75,0.6914
B000FQ0RCU,2,5.0,0.36
B000FR9HE8,1,5.0,0.0498
B000FRS9NI,3,4.3333,0.7838
B000FRSSFC,20,4.2,0.7592
B000FRUNW8,1,5.0,0.7096
B000FRXO60,2,5.0,0.4856
B000FRXO6U,1,4.0,0.0
B000FSE1N4,1,5.0,0.6369
B000FSH3MA,6,4.0,0.703
B000FSKIOA,9,4.1111,0.767
B000FSPQTM,10,3.3,0.6257
B000FSRN7U,10,4.4,0.879
B000FTE4S0,1,4.0,0.7269
B000FTN5Y4,1,4.0,0.74
B000FTP1IW,1,5.0,0.8834
B000FTP1K0,1,5.0,0.9859
B000FTR4XC,1,5.0,0.9403
B000FTR4Z0,2,5.0,0.7458
B000FTR540,1,5.0,0.9607
B000FTS86Y,1,5.0,0.872
B000FTS87I,2,5.0,0.9254
B000FTU5I8,1,5.0,0.8667
B000FTU5M4,1,3.0,0.6908
B000FTU5ME,2,2.0,0.3592
B000FTU5MY,1,5.0,0.989
B000FTVEA6,1,5.0,0.9719
B000FU2E9U,2,4.5,0.4232
B000FUJC6S,1,5.0,0.8439
B000FULQIU,1,5.0,0.7351
B000FUMH4W,5,5.0,0.7888
B000FUOC86,1,4.0,0.7964
B000FUYCJ0,2,5.0,0.711
B000FV5F4U,4,4.0,0.8643
B000FV8LPU,3,3.6667,0.2528
B000FV8OX4,3,5.0,0.5562
B000FVBYCW,28,4.0714,0.5683
B000FVCVS8,1,5.0,0.9022
B000FVDWU4,24,4.375,0.5631
B000FVE1R2,2,5.0,0.9596
B000FVMOW6,1,5.0,0.6369
B000FVMT3K,3,3.0,0.7801
B000FVUIZQ,1,5.0,0.7906
B000FVUM02,1,5.0,0.9241
B000FVUM0C,4,5.0,0.8024
B000FVVZ3U,1,5.0,0.6369
B000FVW4OY,6,4.5,0.4686
B000FVWFNO,1,5.0,0.6249
B000FVWJ7G,1,4.0,0.9156
B000FVXNX0,2,5.0,0.8139
B000FVY2GW,3,4.6667,0.6905
B000FVYUFA,1,5.0,0.9246
B000FVZESW,5,5.0,0.5731
B000FVZGWG,1,5.0,0.9371
B000FVZHOS,4,3.75,0.1551
B000FVZW7K,7,4.4286,0.8673
B000FVZW84,2,3.0,0.3296
B000FVZW8O,1,5.0,0.9372
B000FVZW8Y,1,1.0,-0.6486
B000FW0NEQ,11,4.5455,0.7761
B000FW0NIC,9,4.5556,0.8719
B000FW3RSU,10,4.2,0.7813
B000FW9EKK,1,5.0,0.9348
B000FWAWVA,2,4.0,0.4577
B000FXYLQ6,3,3.6667,0.196
B000FYVKOG,1,5.0,0.802
B000FYVKRS,17,4.4118,0.7723
B000FYVKVE,1,4.0,0.8588
B000FYVKW8,4,2.75,0.441
B000FYXBE8,5,3.8,0.6275
B000FYXBG6,1,1.0,0.0074
B000FYXBHU,8,3.875,0.6059
B000FYXBO8,1,5.0,0.9769
B000FYXBPW,3,5.0,0.9202
B000FYYOS0,1,5.0,0.9825
B000FYYOTO,5,4.8,0.7733
B000FYYOTY,1,5.0,0.872
B000FYYOYO,6,3.6667,0.3604
B000FYYOZI,6,3.8333,0.8807
B000FYYP1Q,2,5.0,0.916
B000FZ0T74,1,5.0,0.9359
B000FZ0TCY,4,4.0,0.5114
B000FZ0TL0,3,4.6667,0.8796
B000FZRYE0,3,4.6667,0.7812
B000FZRYPO,4,4.75,0.8558
B000FZU08M,1,5.0,0.6249
B000FZU0N2,5,4.4,0.5132
B000FZV432,2,5.0,0.6607
B000FZWSGE,1,5.0,0.8962
B000FZWSKU,1,5.0,0.5574
B000FZWSWI,1,5.0,0.7003
B000FZX9J4,1,1.0,0.7506
B000FZXCTQ,2,5.0,0.6304
B000FZYMJK,2,5.0,0.9619
B000FZYSVC,1,5.0,0.9954
B000FZYWG8,2,1.0,-0.2046
B000G00ONC,2,4.5,0.846
B000G010V2,1,4.0,0.9325
B000G0EP78,11,4.2727,0.7778
B000G0U5K4,4,4.0,0.6173
B000G0W4LM,1,3.0,0.7351
B000G16E5S,3,4.6667,0.8227
B000G1766O,1,5.0,0.9894
B000G17682,5,4.0,0.8634
B000G1769G,3,4.6667,0.9692
B000G176AK,3,3.3333,0.8525
B000G176B4,2,2.5,0.6474
B000G176C8,8,3.875,0.7637
B000G176CI,4,4.0,0.5664
B000G176DC,3,4.3333,0.9612
B000G176DM,1,4.0,0.9001
B000G176DW,5,4.6,0.889
B000G176EG,2,4.0,0.8868
B000G176EQ,4,3.5,0.9548
B000G17Y0C,4,4.75,0.9027
B000G18NO8,1,5.0,0.9325
B000G18NR0,1,5.0,0.7351
B000G18NRU,1,3.0,0.9022
B000G18NS4,2,5.0,0.9479
B000G18NSE,2,4.0,0.706
B000G1CG50,11,4.4545,0.7225
B000G1CG5A,2,3.5,0.858
B000G1CG5K,3,3.3333,0.5953
B000G1CG64,2,5.0,0.7107
B000G1CPRO,3,5.0,0.891
B000G1CPV0,2,5.0,0.8922
B000G1CPZQ,2,4.5,0.9192
B000G1CQ00,1,4.0,0.9779
B000G1EO0A,5,4.4,0.4758
B000G1EO14,8,3.75,0.6566
B000G1EO1Y,1,5.0,0.8402
B000G1EO3W,2,5.0,0.7909
B000G1EO4G,3,3.0,0.7337
B000G1EO64,2,3.0,0.7836
B000G1EO6O,1,3.0,0.5851
B000G1EO78,2,4.0,0.9134
B000G1IILQ,3,3.3333,0.551
B000G1ILU4,3,5.0,0.8585
B000G1PAC6,10,4.3,0.7378
B000G1W2UE,1,5.0,0.9022
B000G1X456,1,3.0,0.8481
B000G1X45G,2,4.5,0.7455
B000G1X45Q,2,4.0,0.8664
B000G201FG,1,5.0,0.9477
B000G25PXY,1,1.0,0.8885
B000G2UPXO,1,4.0,0.9022
B000G2USZO,1,5.0,0.8268
B000G2UUDO,3,5.0,0.72
B000G2UUOS,23,4.2174,0.6882
B000G2VAEC,1,5.0,0.6115
B000G30R3Q,2,5.0,0.7545
B000G30R6I,2,3.0,0.7015
B000G30R7M,2,5.0,0.7545
B000G31KKU,2,4.5,0.5408
B000G31L0E,1,5.0,0.9432
B000G31L2W,1,5.0,0.9371
B000G32YEG,8,4.125,0.6207
B000G33N3W,1,5.0,0.9022
B000G34AXO,1,5.0,0.9153
B000G34R82,2,5.0,0.869
B000G34R9Q,1,1.0,-0.7717
B000G34RAK,1,5.0,0.6478
B000G35K6A,3,5.0,0.5156
B000G6521A,1,3.0,0.8316
B000G6522Y,2,3.5,0.443
B000G65238,1,1.0,0.3612
B000G66GTC,1,5.0,0.7783
B000G66N4U,2,5.0,0.8326
B000G671RI,1,5.0,0.1531
B000G671SM,1,5.0,0.9839
B000G671UA,1,5.0,0.9403
B000G68IES,1,5.0,0.855
B000G6BXBI,1,5.0,0.9001
B000G6BXCC,1,5.0,0.9022
B000G6BXD6,1,2.0,0.5325
B000G6L2ZU,2,3.0,0.6172
B000G6M2VS,2,4.0,0.946
B000G6M2WM,1,5.0,0.8553
B000G6MBUA,36,4.1111,0.7034
B000G6MBWI,11,4.7273,0.9084
B000G6MBX2,6,4.0,0.5871
B000G6O2QG,29,3.9655,0.7207
B000G6O2S4,5,4.8,0.8472
B000G6O9P0,1,5.0,0.7781
B000G6Q4FI,16,4.0625,0.5933
B000G6Q4GW,11,4.3636,0.7951
B000G6RPMY,2,3.5,0.1947
B000G6RYNE,37,4.2162,0.7841
B000G6RYOI,24,4.4583,0.8417
B000G6STC4,1,5.0,-0.2023
B000G6STQK,1,5.0,0.5267
B000G6T2UW,1,5.0,0.9099
B000G6TNLA,1,5.0,0.8625
B000G6TNTW,1,5.0,0.9726
B000G6TS74,4,4.75,0.9268
B000G6VDIQ,2,4.5,0.1326
B000G6VDJA,1,1.0,0.7506
B000G6VDKY,1,5.0,0.802
B000G6VDRW,1,5.0,0.9382
B000G6XFQO,1,5.0,0.9313
B000G6XG3G,1,4.0,0.872
B000G6XVUY,1,3.0,0.5994
B000G7I7DO,5,3.0,0.5596
B000G7LQ96,1,5.0,0.9432
B000G7LQIM,1,5.0,0.765
B000G7NI1U,4,3.75,0.7506
B000G7NI4C,1,5.0,0.7578
B000G7P50M,2,5.0,0.9293
B000G7RMN0,1,5.0,0.9011
B000G7TBKM,7,4.7143,0.7762
B000G7TBMK,4,5.0,0.8518
B000G7TBUC,2,5.0,0.8669
B000G7TBUW,6,3.8333,0.542
B000G7TBZW,1,5.0,0.886
B000G7TGU2,1,5.0,0.977
B000G7TH24,4,4.5,0.6818
B000G7UDPY,1,1.0,-0.875
B000G7V394,3,3.6667,0.8838
B000G7V3BM,10,4.5,0.8382
B000G7V3HG,2,5.0,0.2553
B000G7V3K8,1,5.0,0.9921
B000G7V3N0,4,4.25,0.7728
B000G7V3R6,5,4.6,0.9131
B000G7VYRA,7,3.8571,0.4621
B000G7VYTS,11,4.7273,0.8373
B000G7VYWA,9,4.4444,0.7381
B000G7VZ56,5,4.8,0.8212
B000G7VZ7Y,6,4.8333,0.7273
B000G7WWW6,10,4.7,0.7683
B000G7X0MW,5,4.6,0.9305
B000G7X0NQ,2,5.0,0.909
B000G7X0OK,3,5.0,0.8638
B000G7YO2M,12,5.0,0.7015
B000G7YRS8,1,1.0,-0.4939
B000G80R6S,12,4.5833,0.6331
B000G818BQ,5,4.4,0.6619
B000G82L5I,5,5.0,0.7123
B000G82L62,16,4.75,0.7782
B000G82L7G,1,5.0,0.7501
B000G8399A,9,4.6667,0.6453
B000G8Q84S,1,5.0,0.765
B000GAAXKG,1,5.0,0.7579
B000GAO38O,1,1.0,0.1779
B000GAO91K,8,4.0,0.5671
B000GAO92E,1,4.0,-0.296
B000GAPPAY,2,5.0,0.8095
B000GAQE3G,7,4.8571,0.6276
B000GAQE4A,6,4.8333,0.713
B000GAT6MM,27,4.6296,0.6862
B000GAT6NG,69,4.8551,0.7938
B000GATCRQ,3,4.3333,0.8065
B000GAUKNG,1,1.0,0.9118
B000GAUKP4,2,5.0,0.9092
B000GAUKRC,1,4.0,0.7818
B000GAUUS6,1,5.0,0.8591
B000GAVPDA,1,3.0,0.7845
B000GAW228,1,1.0,0.2878
B000GAWH4G,5,4.6,0.4856
B000GAXRMW,2,2.0,0.6382
B000GAYE38,3,5.0,0.9387
B000GAZ0QI,9,2.8889,0.565
B000GAZPXG,3,5.0,0.8425
B000GAZPY0,2,4.0,0.8312
B000GB0TMW,8,4.5,0.7342
B000GB0UFI,1,2.0,0.9888
B000GB0UGC,10,4.1,0.629
B000GB0V7K,1,1.0,0.1027
B000GB0V84,1,5.0,0.836
B000GB0VAM,1,2.0,0.25
B000GB0VC0,1,3.0,0.8442
B000GB2524,1,5.0,0.9767
B000GB254M,1,5.0,0.9765
B000GB3LL8,1,5.0,0.3182
B000GB3LRM,1,5.0,0.9246
B000GB3LYA,1,5.0,0.9806
B000GB3MBM,1,5.0,0.9042
B000GB3MP8,1,5.0,0.9246
B000GB3NS4,8,4.125,0.4856
B000GB3O06,1,5.0,0.7425
B000GB7OZC,1,5.0,0.8807
B000GB7PYC,1,3.0,0.8442
B000GB7QZK,1,5.0,0.8807
B000GB7RV8,9,4.4444,0.8821
B000GBH61O,1,5.0,0.9919
B000GBOM0C,5,4.4,0.6546
B000GBOM0M,4,5.0,0.8004
B000GBTLOE,2,5.0,0.614
B000GBW12I,1,5.0,0.7964
B000GBXG2C,2,5.0,0.9594
B000GBXIOI,1,5.0,0.6486
B000GBYR9I,2,5.0,0.9422
B000GBYZYU,2,5.0,0.969
B000GBZ10W,3,3.6667,0.9429
B000GC2HXA,1,5.0,0.8519
B000GC42TC,1,4.0,0.8484
B000GCHMPI,1,1.0,0.4588
B000GCHNF2,1,5.0,0.4201
B000GCJ71A,5,3.8,0.5681
B000GD5TGG,1,5.0,0.891
B000GD653C,2,5.0,0.9292
B000GD9O3U,1,5.0,-0.0183
B000GDAPY2,1,5.0,0.8519
B000GDAYA2,1,5.0,0.8658
B000GDB096,1,1.0,0.3182
B000GDGQ7W,1,4.0,0.9493
B000GE8T58,1,5.0,0.7184
B000GEA2LM,1,5.0,0.9442
B000GEVGXA,1,1.0,-0.7783
B000GF56OY,3,4.0,0.8243
B000GFSVFA,1,4.0,0.4019
B000GFWB24,1,4.0,0.7964
B000GFYRHG,1,4.0,0.4404
B000GFYRHQ,1,3.0,0.5574
B000GFYRI0,3,4.0,0.6602
B000GFYRIA,5,5.0,0.8701
B000GFYRIK,4,5.0,0.5699
B000GFYRIU,2,5.0,0.9215
B000GFYRJ4,3,5.0,0.7743
B000GFYRJE,12,4.75,0.8312
B000GFYRK8,1,5.0,0.975
B000GFYRKI,3,5.0,0.8694
B000GFYRLW,2,3.0,0.7634
B000GFYRM6,6,4.0,0.5992
B000GFYRMG,8,4.625,0.6468
B000GFYRN0,5,4.8,0.7878
B000GFYV2W,1,5.0,0.5994
B000GFZIN8,1,2.0,0.3804
B000GG0BLQ,8,4.75,0.8045
B000GG0BM0,6,5.0,0.8326
B000GG0BMA,2,5.0,0.5862
B000GG0BN4,3,5.0,0.9594
B000GG0BNO,1,5.0,0.9423
B000GG0BNY,3,4.6667,0.962
B000GG0BOI,7,4.7143,0.8554
B000GG0BP2,1,5.0,0.802
B000GG0BPM,6,5.0,0.6562
B000GG0BPW,11,4.2727,0.7513
B000GG0BQ6,1,5.0,0.9169
B000GG0GPC,1,5.0,0.9313
B000GG1O6C,6,5.0,0.8748
B000GG1O6M,9,4.1111,0.6433
B000GG1O6W,8,4.875,0.8502
B000GG1O80,4,4.75,0.9319
B000GG1O8A,2,5.0,0.8602
B000GG1O8K,1,5.0,0.9413
B000GG1O8U,7,4.0,0.5363
B000GG1O94,3,3.0,0.6105
B000GG1O9E,3,5.0,0.848
B000GG1O9O,4,4.75,0.6547
B000GG1OAS,1,4.0,0.875
B000GG1OB2,2,5.0,0.5965
B000GG1OBC,4,4.5,0.7928
B000GG5IXM,2,5.0,0.9558
B000GG5IXW,9,4.4444,0.7169
B000GG5IY6,3,4.6667,0.6925
B000GG5IYQ,1,5.0,0.9582
B000GG5IZA,2,3.0,0.7611
B000GG5IZK,2,5.0,0.3698
B000GG5J0Y,1,4.0,0.8442
B000GG5J1I,1,5.0,0.8519
B000GG5J22,1,5.0,0.6369
B000GG5N9G,4,4.5,0.6206
B000GGFZU8,1,5.0,0.6597
B000GGOEBE,1,5.0,0.9201
B000GGXEEW,1,4.0,0.7506
B000GGY5OK,1,5.0,0.6597
B000GHJJVI,4,4.75,0.8102
B000GHJL20,1,5.0,0.8126
B000GHUJ1W,1,5.0,0.9592
B000GI0D9E,2,5.0,0.9229
B000GINU0S,7,3.8571,0.8171
B000GINU8K,6,4.5,0.8159
B000GIP49I,1,1.0,-0.6597
B000GJ07H6,1,1.0,-0.2023
B000GJ3JUS,1,1.0,0.743
B000GJ4PZG,1,5.0,0.9428
B000GJ5JO2,1,5.0,0.0
B000GJOROU,9,3.8889,0.6519
B000GJQ5C2,8,5.0,0.7248
B000GKEYT2,7,4.8571,0.8274
B000GKTB7C,1,5.0,0.9716
B000GKTNXE,4,4.0,0.8902
B000GKVRRO,1,5.0,0.9826
B000GLOKC2,1,1.0,0.5859
B000GLON6U,8,4.5,0.9017
B000GLQMQE,1,1.0,-0.34
B000GLUEFO,1,5.0,0.6369
B000GP7732,1,2.0,-0.4404
B000GPHCR8,1,5.0,0.9686
B000GPHIHW,2,4.0,0.8878
B000GPHIO0,5,4.8,0.6476
B000GPKC0C,2,3.5,0.2971
B000GPKHOI,1,5.0,0.3818
B000GPKHUW,1,5.0,0.7783
B000GPKI10,1,5.0,0.6423
B000GPM9IK,8,4.125,0.5449
B000GPMG9W,1,2.0,0.802
B000GPNKRE,9,4.5556,0.9176
B000GPNNS0,1,5.0,0.9694
B000GPO74O,2,4.0,0.8691
B000GPRNGS,6,4.5,0.8386
B000GPRTYY,1,5.0,0.891
B000GPTC8U,5,4.6,0.82
B000GPTZ0A,1,5.0,-0.8692
B000GPTZ2S,2,5.0,0.8312
B000GPW5KW,1,5.0,0.4588
B000GPXIEY,3,3.6667,0.4425
B000GPXQO6,1,5.0,0.9666
B000GPXRQS,1,1.0,0.9967
B000GPXRS6,3,1.6667,0.4337
B000GPY2LC,1,1.0,-0.3245
B000GPY35C,1,4.0,0.9698
B000GQ02YC,2,4.5,0.418
B000GQ033C,2,5.0,0.3982
B000GQ1Q8I,1,5.0,0.9428
B000GQ4P5O,2,4.5,0.9166
B000GQ61BU,1,5.0,0.9674
B000GQ80TQ,19,4.5789,0.7713
B000GQ816I,2,4.5,0.823
B000GQQ7GO,1,5.0,0.8555
B000GQTP1S,9,4.3333,0.7323
B000GR986O,1,4.0,0.0
B000GREO68,2,5.0,0.848
B000GRGSS0,1,5.0,0.9758
B000GRGTC0,1,5.0,0.743
B000GRGU24,3,4.6667,0.8593
B000GRNQSK,1,5.0,0.9784
B000GT3HPK,1,5.0,0.8402
B000GT7WHE,1,5.0,0.9633
B000GTFL90,2,5.0,0.846
B000GTJQN2,1,5.0,0.9274
B000GTSCYQ,1,5.0,0.1779
B000GUMDZO,1,4.0,0.5693
B000GUOA8W,3,5.0,0.864
B000GW0U66,3,5.0,0.8839
B000GW0UGG,8,4.0,0.6048
B000GW23PC,6,3.6667,0.5037
B000GW257S,3,4.0,0.7493
B000GW46D4,8,3.625,0.3578
B000GW46DE,15,3.6,0.6714
B000GW46EI,4,3.25,0.8593
B000GW6786,13,3.6154,0.7655
B000GW67KY,14,4.4286,0.7464
B000GW68Z8,5,4.2,0.5289
B000GW68ZI,7,4.4286,0.5577
B000GWEZTE,3,5.0,0.9055
B000GWHFZA,4,3.75,0.6407
B000GWKKKC,1,5.0,0.5423
B000GWKO7G,13,4.9231,0.87
B000GWLR72,12,5.0,0.8387
B000GWLR86,1,5.0,0.6369
B000GWLUGU,10,4.6,0.7022
B000GXQMEE,3,2.6667,0.4704
B000GYTPU6,1,3.0,0.6908
B000GZ1BNE,5,4.2,0.6717
B000GZ3B1O,3,4.3333,0.6264
B000GZEWEE,1,5.0,0.8442
B000GZGWMO,1,5.0,0.6898
B000GZGX64,1,5.0,0.5719
B000GZS9Q6,3,5.0,0.9454
B000GZS9VQ,1,5.0,0.5994
B000GZSB6E,1,5.0,0.9451
B000GZSB9G,1,5.0,0.6597
B000GZSBZ0,1,5.0,0.793
B000GZSCKO,2,3.0,-0.1175
B000GZSCQ8,1,5.0,0.9861
B000GZSCW2,2,4.0,0.8348
B000GZSDPS,5,5.0,0.8538
B000GZSDSA,19,4.5263,0.6967
B000GZSDZI,5,2.6,0.5133
B000GZSI7G,3,5.0,0.8468
B000GZU7DO,2,5.0,0.8604
B000GZU7QQ,4,4.25,0.7663
B000GZU7SY,3,3.6667,0.9002
B000GZU7YS,1,5.0,0.4404
B000GZU8VU,4,4.75,0.3409
B000GZU92I,1,5.0,0.9405
B000GZU9E6,1,4.0,0.7906
B000GZUAEK,2,5.0,0.8828
B000GZUAFE,1,5.0,0.8957
B000GZUB1W,1,5.0,0.8402
B000GZUBAS,18,4.2222,0.7875
B000GZUBP8,1,5.0,0.8268
B000GZUFHW,1,3.0,-0.5859
B000GZW58E,2,4.5,0.8024
B000GZW5AC,1,3.0,0.8555
B000GZW5MA,1,5.0,0.9423
B000GZW5OS,12,4.0833,0.7487
B000GZW5RA,1,1.0,-0.7184
B000GZW8BI,1,4.0,0.9325
B000GZW8F4,1,1.0,0.7269
B000GZW8NG,1,5.0,0.7984
B000GZW9EY,2,4.5,0.6515
B000GZW9PI,1,1.0,0.9024
B000GZW9RQ,1,1.0,-0.2648
B000GZWDR2,1,5.0,0.8122
B000GZY6OA,1,5.0,0.9702
B000GZY8FC,3,5.0,0.8341
B000GZY8W0,2,5.0,0.9597
B000GZY942,1,5.0,0.8718
B000GZY98S,1,5.0,0.9168
B000GZY9AQ,1,1.0,0.9883
B000GZY9DS,1,5.0,0.9831
B000GZY9HY,5,5.0,0.8734
B000GZYAN2,9,4.7778,0.8808
B000GZYAT6,4,4.75,0.9283
B000GZYEG0,1,5.0,0.8779
B000H008GE,1,5.0,0.6369
B000H0HB96,1,5.0,0.9227
B000H0J9W8,2,4.5,0.9552
B000H0JBBC,1,5.0,0.765
B000H0JGN0,1,4.0,0.8591
B000H0NKMI,1,1.0,-0.4588
B000H0ZJHW,76,4.6974,0.8752
B000H0ZJIG,81,4.5309,0.8432
B000H0ZJNG,13,4.6154,0.9105
B000H1195C,3,4.3333,0.6711
B000H11B5A,1,5.0,0.8479
B000H11BJQ,1,5.0,0.8481
B000H11C6I,2,4.5,0.8952
B000H11CGS,2,5.0,0.7574
B000H11D9Y,2,5.0,0.9567
B000H11DF8,1,2.0,0.6597
B000H11EHU,1,5.0,0.5719
B000H1217M,74,4.6216,0.8651
B000H121DQ,14,4.5714,0.8973
B000H13270,1,3.0,0.8516
B000H136HG,2,2.0,0.0572
B000H136JY,2,5.0,0.779
B000H136W6,4,3.5,0.7251
B000H151ME,3,4.3333,0.8614
B000H153AE,1,5.0,0.7097
B000H153V8,1,5.0,0.7003
B000H153W2,2,4.0,0.4447
B000H154US,4,4.5,0.9527
B000H154WQ,2,4.5,0.9254
B000H1558E,4,4.0,0.4092
B000H155ZM,1,2.0,0.5273
B000H1567O,2,5.0,0.747
B000H16YMA,1,5.0,0.6369
B000H16ZW4,1,5.0,0.8271
B000H16ZX8,1,5.0,0.8771
B000H171AE,1,5.0,0.6124
B000H172DA,1,4.0,0.875
B000H172DU,5,5.0,0.6417
B000H1CO74,1,5.0,0.8689
B000H1VBLY,1,5.0,0.9451
B000H21VRM,2,4.5,0.9552
B000H221Q2,2,3.0,0.0546
B000H221VC,1,5.0,0.8834
B000H221Z8,1,5.0,0.9578
B000H2227K,1,5.0,0.8439
B000H222HU,2,5.0,0.438
B000H222R0,1,1.0,0.3612
B000H223BA,2,3.0,0.828
B000H223CO,1,5.0,0.5719
B000H223O2,8,4.875,0.8715
B000H224QE,1,1.0,-0.2568
B000H2251S,1,5.0,0.7003
B000H22522,1,1.0,0.25
B000H2256I,1,5.0,0.9022
B000H2259K,3,5.0,0.8873
B000H225TU,2,5.0,0.9604
B000H225YK,1,4.0,0.8176
B000H2264Y,1,5.0,0.8532
B000H2266C,2,5.0,0.6769
B000H2279I,1,5.0,0.9831
B000H227BG,6,4.0,0.7167
B000H227LQ,6,4.1667,0.6868
B000H227SY,2,5.0,0.9594
B000H2291O,1,1.0,0.6249
B000H22932,2,5.0,0.7181
B000H23UEO,1,5.0,0.9595
B000H23V02,2,5.0,0.66
B000H23VQQ,2,4.0,0.237
B000H23W7Y,1,5.0,0.8225
B000H23WHY,1,5.0,0.5267
B000H23X2S,2,4.5,0.3994
B000H23Y72,2,3.5,0.2359
B000H23YD6,1,5.0,0.9042
B000H23YN6,1,5.0,0.891
B000H23YNQ,1,5.0,0.9812
B000H23YWC,1,2.0,0.8578
B000H23YWM,4,3.25,0.4549
B000H23YX6,1,5.0,0.8271
B000H23YYU,1,5.0,0.9638
B000H23Z1C,5,3.8,0.7289
B000H23Z2G,1,5.0,0.6249
B000H23Z44,1,1.0,0.8869
B000H23Z94,2,5.0,0.7138
B000H23ZE4,5,4.8,0.4573
B000H23ZF8,3,5.0,0.8879
B000H23ZMQ,3,4.6667,0.8069
B000H23ZXA,1,2.0,-0.5994
B000H24052,1,5.0,0.8689
B000H2405M,6,5.0,0.9316
B000H2409S,2,5.0,0.9046
B000H240GG,1,5.0,0.4927
B000H241DS,19,3.9474,0.6159
B000H241TC,1,5.0,0.8591
B000H241XS,1,3.0,0.672
B000H25RQ8,2,5.0,0.7301
B000H25RUO,1,5.0,0.6997
B000H25S8U,2,5.0,0.1092
B000H25SIK,1,5.0,0.9442
B000H25SQW,3,4.6667,0.6462
B000H25U88,1,5.0,0.4404
B000H25UHY,1,2.0,0.8807
B000H25UK6,1,5.0,0.9349
B000H25UVK,2,5.0,0.902
B000H25VKK,1,5.0,0.1779
B000H25VR8,1,4.0,0.7976
B000H25VSM,2,3.0,0.3929
B000H25VVO,1,4.0,0.6486
B000H25VWI,1,5.0,0.9861
B000H25VY6,1,5.0,0.8807
B000H25W5E,2,5.0,0.9442
B000H25WMC,1,5.0,0.7351
B000H25WMW,3,5.0,0.9324
B000H25WNQ,5,4.0,0.6999
B000H25WP4,2,4.5,0.7892
B000H25WPE,1,5.0,0.9477
B000H25WXG,5,4.0,0.7239
B000H25WYA,1,2.0,0.7096
B000H25X30,1,5.0,0.6597
B000H25XG2,1,5.0,0.9856
B000H25XVW,1,3.0,0.7269
B000H25Y0M,2,4.5,0.763
B000H25YH0,1,5.0,0.9324
B000H26J7E,4,1.0,0.0029
B000H26JEW,8,4.375,0.8411
B000H27IJW,4,4.75,0.9255
B000H27ILU,1,3.0,-0.8519
B000H27IOW,1,5.0,0.2278
B000H27J5K,1,5.0,0.9274
B000H27JI2,1,5.0,0.9117
B000H27K04,1,5.0,0.7506
B000H27K86,1,5.0,0.947
B000H27KYA,3,4.3333,0.7376
B000H27L8A,3,4.3333,0.7807
B000H27LH6,1,3.0,-0.4588
B000H27M0M,5,4.6,0.923
B000H27MQG,7,2.7143,0.5412
B000H27MTS,2,5.0,0.945
B000H27N6U,2,4.0,0.6327
B000H27NC4,1,5.0,0.8402
B000H27NF6,1,3.0,-0.1531
B000H27NU6,19,4.7368,0.72
B000H27NWE,1,5.0,0.8122
B000H27NWO,7,4.1429,0.3733
B000H27O00,2,5.0,0.8972
B000H27O7I,2,5.0,0.9753
B000H27O82,4,4.0,0.7261
B000H27O8C,3,5.0,0.8785
B000H27ODM,2,3.5,0.6779
B000H27PB8,3,5.0,0.6641
B000H28ABW,1,5.0,0.4019
B000H28ADK,1,5.0,0.9791
B000H28AFI,1,5.0,0.9669
B000H28AG2,1,5.0,0.9818
B000H28AGM,2,5.0,0.9202
B000H2998U,11,4.3636,0.4518
B000H299AS,2,4.5,0.8953
B000H299JY,2,5.0,0.9266
B000H2B2BC,1,4.0,0.2401
B000H2DZS0,3,4.3333,0.9463
B000H2EH50,1,3.0,0.4404
B000H2EIPY,1,5.0,0.8834
B000H3BS1A,2,5.0,0.8418
B000H3CPP8,1,5.0,0.9337
B000H48FWY,1,5.0,0.9451
B000H48FX8,1,5.0,0.9694
B000H4C71Y,2,4.5,0.0
B000H4PU3Q,1,5.0,0.891
B000H4Q2GA,1,4.0,0.8658
B000H5DADW,11,4.4545,0.8585
B000H5RI12,1,5.0,0.872
B000H69AIU,1,5.0,0.9274
B000H6AX0E,3,4.6667,0.8685
B000H6E63E,1,5.0,0.946
B000H6HBN6,1,2.0,0.0
B000H6J76K,1,5.0,0.9674
B000H6JO1S,7,4.1429,0.7053
B000H6JPLW,1,5.0,-0.6808
B000H6O3TQ,2,2.5,0.7216
B000H6O3W8,2,2.5,0.572
B000H6PV4M,3,2.3333,0.4203
B000H6TTDQ,1,1.0,0.0
B000H6UX0Y,5,5.0,0.8852
B000H740UM,1,4.0,0.9485
B000H740UW,1,5.0,0.6908
B000H7CURW,1,5.0,0.765
B000H7D1HK,4,3.25,0.8724
B000H7D1J8,1,2.0,0.9242
B000H7D1LG,1,5.0,0.9638
B000H7D1N4,1,5.0,0.9674
B000H7EE0S,2,5.0,0.6769
B000H7EE1M,7,4.7143,0.8242
B000H7EE62,1,5.0,0.8625
B000H7ELTM,5,4.4,0.8564
B000H7ELTW,15,4.3333,0.7499
B000H7ELU6,1,4.0,0.9716
B000H7ENQS,1,1.0,-0.34
B000H7F5IS,3,4.6667,0.5995
B000H7F5J2,1,5.0,0.9477
B000H7F722,7,4.4286,0.9335
B000H7F78G,5,4.8,0.9086
B000H7F78Q,21,4.5238,0.8393
B000H7FZ10,1,5.0,0.9825
B000H7FZ24,1,5.0,0.7096
B000H7FZ3S,4,4.75,0.8748
B000H7FZ4C,3,4.3333,0.9118
B000H7G4CO,1,5.0,0.891
B000H7G988,1,5.0,0.9558
B000H7GQV8,3,2.6667,0.2402
B000H7GQVS,1,5.0,0.9635
B000H7GS5W,10,4.6,0.8854
B000H7GSDY,8,3.5,0.5976
B000H7K0WO,1,5.0,0.9552
B000H7K0WY,3,4.3333,0.1297
B000H7K5KQ,1,4.0,0.9468
B000H7KV96,1,5.0,0.8658
B000H7LVKY,61,4.7541,0.8336
B000H7MFVI,1,5.0,0.9022
B000H7MFWC,1,4.0,0.8979
B000H7MHIE,2,4.0,0.7725
B000H7MHIO,7,4.2857,0.8584
B000H7TT4E,1,1.0,0.4404
B000H7WQI0,1,1.0,0.6705
B000H82NJ6,1,1.0,0.0
B000H85GNQ,3,3.6667,0.6402
B000H89EWK,1,5.0,0.9869
B000H999IS,1,5.0,0.995
B000H999JW,1,5.0,0.2732
B000H999KQ,1,2.0,0.9001
B000H9AXHE,1,5.0,0.9583
B000H9CQSI,1,2.0,0.4939
B000H9K4KA,6,4.0,0.7796
B000H9NFR4,1,5.0,0.5106
B000HA3IAW,1,5.0,0.8126
B000HAAAKI,2,5.0,0.891
B000HAJZHM,3,4.6667,0.7952
B000HAJZM2,1,5.0,0.9607
B000HALT7Q,1,5.0,0.863
B000HALT80,7,4.7143,0.8371
B000HANUIC,1,5.0,0.7783
B000HB9TLI,3,2.6667,0.6176
B000HBAJ4O,1,3.0,0.7732
B000HBGOYS,3,5.0,0.4645
B000HBGP2Y,1,5.0,0.8456
B000HBIHK2,8,4.625,0.7014
B000HBIHLG,1,5.0,0.936
B000HBMBYK,1,5.0,0.8934
B000HBMBYU,7,4.7143,0.7764
B000HBMHVM,2,4.5,0.641
B000HBO134,3,4.3333,0.5728
B000HBO13Y,1,5.0,0.9432
B000HBO14I,2,5.0,0.6924
B000HBOCNI,2,5.0,0.9076
B000HBTL7U,2,5.0,0.8869
B000HBV9PW,5,3.8,0.8627
B000HBVA24,1,1.0,0.9169
B000HBWXUC,2,3.5,0.8212
B000HBWY5Q,1,4.0,0.4576
B000HBY6KC,7,3.8571,0.4293
B000HBY6UW,2,4.0,0.7484
B000HBY74M,2,5.0,0.4086
B000HCJ764,8,4.125,0.8708
B000HCKZGA,1,5.0,0.9908
B000HCMRF2,3,3.6667,0.9003
B000HCMRI4,3,2.6667,0.4966
B000HD3YDU,4,2.5,0.6653
B000HD3YMQ,3,4.6667,0.8583
B000HD5SG6,4,3.0,0.3049
B000HD7N7I,2,3.5,0.8606
B000HDCMJC,4,4.5,0.8537
B000HDCNBY,1,5.0,0.9231
B000HDCNDC,1,5.0,0.9785
B000HDCSTG,1,4.0,0.8655
B000HDEHSQ,2,3.5,0.0218
B000HDEIWG,1,5.0,0.9118
B000HDF6G8,1,5.0,-0.4401
B000HDGC7U,5,3.2,0.4953
B000HDGD9M,1,1.0,-0.2263
B000HDGDDI,3,2.3333,0.5478
B000HDGIDS,1,5.0,0.5574
B000HDHZ4E,1,4.0,0.5267
B000HDHZZI,2,5.0,0.8187
B000HDI5O8,31,4.2581,0.5551
B000HDI5OS,3,2.0,0.4441
B000HDJURO,1,1.0,-0.2732
B000HDJXF8,1,5.0,0.8439
B000HDJXGW,5,3.8,0.8615
B000HDJXH6,2,4.0,0.9402
B000HDJXLW,2,4.5,0.7904
B000HDJYA2,2,5.0,0.9324
B000HDJYDO,3,4.0,0.538
B000HDJYWA,1,5.0,0.8399
B000HDJYX4,3,5.0,0.7342
B000HDJZEM,4,4.0,0.9028
B000HDJZMO,2,5.0,0.6538
B000HDJZTM,1,2.0,0.9432
B000HDJZWO,16,4.875,0.766
B000HDK0D2,43,4.7209,0.7654
B000HDK0DC,39,4.4872,0.7904
B000HDK6TK,3,4.0,0.7406
B000HDKWXK,2,2.0,-0.2031
B000HDKWZI,12,4.1667,0.674
B000HDKZBY,2,5.0,0.9679
B000HDKZCS,12,3.3333,0.6368
B000HDKZJG,7,4.8571,0.9364
B000HDKZJQ,2,4.0,0.6597
B000HDKZK0,2,5.0,0.8266
B000HDKZKU,11,3.0,0.6668
B000HDL19E,1,5.0,0.9825
B000HDL1DU,2,5.0,0.795
B000HDL1FI,1,5.0,0.8862
B000HDL1J4,5,5.0,0.8823
B000HDL1LC,1,5.0,0.869
B000HDL1NU,2,5.0,0.7992
B000HDL1OY,1,1.0,0.9403
B000HDL1P8,4,5.0,0.423
B000HDL1RQ,5,4.2,0.8972
B000HDL1SA,1,5.0,0.719
B000HDL1T4,1,4.0,0.9287
B000HDLUUY,1,1.0,0.8225
B000HDMRN8,1,5.0,0.4153
B000HDMUMQ,1,5.0,0.5719
B000HDMUOE,2,3.0,0.6951
B000HDMUQ2,7,2.8571,0.6944
B000HDMV3E,12,4.4167,0.7849
B000HDMVNY,2,4.5,0.8627
B000HDMW8S,5,4.0,0.8664
B000HDMW9M,1,5.0,0.7217
B000HDMWAQ,1,4.0,0.7506
B000HDMWC4,4,5.0,0.8648
B000HDMXGO,2,4.5,0.2696
B000HDOLEG,1,5.0,0.323
B000HDONOY,1,5.0,0.9217
B000HDONP8,18,4.1667,0.8473
B000HDONQC,2,3.0,0.9144
B000HDOOL6,9,4.8889,0.8297
B000HDOP60,5,4.6,0.3594
B000HDOPHE,1,1.0,-0.4019
B000HDOPNS,1,5.0,0.9352
B000HDOPT2,1,5.0,0.9418
B000HDOPV0,9,4.6667,0.7649
B000HDOPYC,9,5.0,0.9446
B000HDOPYM,10,4.6,0.8248
B000HDOPZG,6,4.1667,0.7356
B000HDOQ5U,3,5.0,0.8746
B000HDVM9I,2,4.5,0.8572
B000HDVOY6,1,5.0,0.9774
B000HE5DEC,1,5.0,0.765
B000HE6FU8,2,1.5,0.8234
B000HE6PPS,1,5.0,0.875
B000HE6PR6,12,3.5,0.5295
B000HE8EWU,1,5.0,0.7964
B000HE8IEO,2,3.0,0.7988
B000HE8NDA,2,5.0,0.8289
B000HE8QM8,2,5.0,0.9651
B000HEA8Q0,1,5.0,0.9321
B000HEA946,4,5.0,0.9503
B000HEA95K,1,5.0,0.9349
B000HEA964,5,4.2,0.5685
B000HEC48A,7,3.5714,0.7025
B000HEPSSI,1,3.0,0.7202
B000HESDVW,6,4.1667,0.5319
B000HEUIB0,2,5.0,-0.134
B000HG7XK2,1,5.0,0.9588
B000HG84DM,4,4.25,0.8868
B000HG84E6,3,4.6667,0.8677
B000HG84EQ,7,3.5714,0.6548
B000HG8JNW,1,5.0,0.8777
B000HG8LI0,1,5.0,0.6249
B000HGA322,1,1.0,0.2944
B000HGA782,4,4.25,0.3742
B000HGC96K,3,2.6667,0.6019
B000HGC988,6,4.5,0.7843
B000HGE7RO,3,4.0,0.3325
B000HGEC56,2,5.0,0.8124
B000HH0C6S,1,2.0,-0.2023
B000HH7RNE,1,2.0,0.836
B000HH8O7C,5,4.6,0.5492
B000HHJL9M,1,3.0,0.1531
B000HHLWMG,1,4.0,0.9812
B000HHLZPK,1,5.0,0.802
B000HHLZPU,1,5.0,0.802
B000HHM2DE,1,5.0,0.9153
B000HHM5T0,4,2.0,-0.3101
B000HHO5HK,2,3.5,0.5095
B000HHO8EA,1,5.0,0.915
B000HHO8HW,1,1.0,0.5859
B000HHO9EE,7,4.1429,0.2488
B000HHOAP2,1,1.0,0.3612
B000HHPS3K,1,4.0,0.7287
B000HHQ5DC,1,1.0,0.5423
B000HHQH7G,1,2.0,0.7425
B000HHSBQQ,1,5.0,0.7964
B000HIFA8W,1,2.0,-0.7717
B000HIFAB4,2,5.0,0.5222
B000HIFALO,1,4.0,0.34
B000HIFB8Q,4,5.0,0.6042
B000HIHDXW,1,5.0,0.9799
B000HIHE2W,1,1.0,0.0665
B000HIHE40,1,1.0,0.0
B000HIHEL8,2,3.5,0.6155
B000HJ7AIY,25,2.6,0.1034
B000HJNAWY,1,2.0,0.0
B000HJNAXI,1,5.0,0.9393
B000HJPBGC,8,4.125,0.7396
B000HJRGQU,6,5.0,0.8881
B000HK9IKG,5,3.2,0.5802
B000HKF5SA,1,5.0,0.8807
B000HKFF94,1,3.0,0.8756
B000HKFJHW,7,4.8571,0.7858
B000HKHPGA,2,4.5,0.8046
B000HKHPME,1,5.0,0.9826
B000HKJJGE,1,1.0,0.5574
B000HKJOM8,7,2.0,0.6005
B000HL2L22,1,5.0,0.9132
B000HL5JNK,1,1.0,0.5687
B000HL892S,1,5.0,0.9545
B000HLCMFS,2,3.5,0.2633
B000HLH7AS,5,4.0,0.734
B000HLLDXU,1,1.0,-0.9517
B000HM2YR8,1,5.0,0.9584
B000HM503S,2,3.5,0.2294
B000HM9070,1,2.0,0.4404
B000HNF8ZW,2,5.0,0.3286
B000HNHDVY,1,5.0,0.9105
B000HP5FV2,3,5.0,0.9552
B000HP5GGG,2,4.5,0.5788
B000HP5H5Q,1,5.0,0.8555
B000HP5H8S,1,3.0,0.5423
B000HP5HB0,1,5.0,0.9936
B000HP5HF6,1,1.0,0.8625
B000HP5I32,1,4.0,0.4404
B000HP7KEW,2,5.0,0.6966
B000HP9M5W,1,5.0,0.9916
B000HPBR8W,4,4.75,0.7344
B000HPBRA0,4,5.0,0.7783
B000HPVH5U,1,5.0,0.5106
B000HPWNFS,2,3.0,0.2726
B000HPZM74,2,4.5,0.0446
B000HPZP5I,1,5.0,0.7096
B000HPZPC6,1,5.0,0.9423
B000HPZPJ4,1,5.0,0.9814
B000HQKPPW,1,5.0,0.296
B000HQKR50,1,5.0,0.2023
B000HQKRCS,1,5.0,0.7003
B000HQKTOY,1,5.0,0.4019
B000HQKXA4,1,4.0,0.9186
B000HQMLQS,2,5.0,0.9488
B000HQMLX6,4,5.0,0.5401
B000HQMSLQ,1,5.0,0.4007
B000HQMUCI,1,4.0,0.4767
B000HQMW9O,1,4.0,0.891
B000HQN5K4,2,3.5,0.8275
B000HQNBSU,7,3.7143,0.7996
B000HQND56,2,5.0,0.771
B000HQNE2S,2,4.5,0.8399
B000HQNJHI,1,5.0,0.9042
B000HQO2E2,2,3.5,0.8009
B000HQOSQE,1,5.0,0.9719
B000HQOSSM,1,1.0,0.6908
B000HQOVMK,1,5.0,0.9659
B000HQP2N2,3,1.0,-0.3163
B000HQPE6M,1,4.0,0.9682
B000HQPGEM,2,5.0,0.7844
B000HQPGF6,1,5.0,0.8272
B000HQPHGE,1,5.0,0.9575
B000HQPI8Q,2,2.0,0.6469
B000HQPIN6,3,4.3333,0.9511
B000HQPJ4Y,2,4.0,0.8166
B000HQPKCA,1,5.0,0.8402
B000HQQVH8,1,5.0,0.7783
B000HQQWO0,1,5.0,0.9675
B000HQQXMQ,1,2.0,0.3182
B000HQR1N6,1,5.0,0.765
B000HQR348,1,1.0,0.9444
B000HQR3ZM,1,2.0,-0.642
B000HQR9JW,1,5.0,0.9423
B000HQRAGE,1,5.0,0.7906
B000HQRCBC,1,5.0,0.5267
B000HQRCCG,5,5.0,0.5124
B000HQRE56,1,5.0,0.8885
B000HQRJP6,1,4.0,0.8519
B000HQRKJG,1,5.0,0.7096
B000HQRKYQ,6,4.5,0.6472
B000HQRM08,1,5.0,0.9574
B000HRRVKI,2,5.0,0.9449
B000HRVXR0,5,3.4,0.8215
B000HRVXUM,2,4.0,0.967
B000HRVXV6,6,4.1667,0.9403
B000HRW838,1,5.0,0.9022
B000HRZX6C,2,4.0,0.9268
B000HRZZM4,3,4.6667,0.9349
B000HS4WUE,1,1.0,0.0276
B000HTDFCE,6,4.1667,0.8687
B000HTFEVE,4,5.0,0.8072
B000HTGPSK,1,5.0,0.9638
B000HTJH58,15,4.5333,0.8078
B000HTKCVQ,2,4.0,0.746
B000HTKH52,2,4.5,0.8646
B000HTRTDA,2,2.5,0.6976
B000HVREQU,2,4.5,0.8516
B000HVTVJI,1,5.0,0.9616
B000HVVMQI,5,3.2,0.4539
B000HWSQKM,2,4.5,0.899
B000HWWQ8K,1,3.0,0.4588
B000HX8AC0,2,2.0,0.5405
B000HY21K6,1,5.0,0.4939
B000HY4RL2,1,3.0,0.91
B000HY57AW,1,3.0,0.8625
B000HY5A3Q,1,1.0,-0.7645
B000HYCLDI,1,5.0,0.891
B000HYE93S,1,5.0,0.0
B000HYG21K,1,5.0,0.9217
B000HYI2AO,2,4.0,0.4762
B000HYWD4A,1,5.0,0.9274
B000HZ6G6U,1,5.0,0.9538
B000HZ9CGQ,1,5.0,0.7964
B000HZ9D60,1,5.0,0.9633
B000HZ9FAO,1,5.0,0.34
B000HZ9HW0,1,5.0,0.9099
B000HZB76E,1,5.0,0.8655
B000HZEK1I,8,4.75,0.7056
B000HZEST2,1,5.0,0.9734
B000HZEZSG,1,5.0,0.8689
B000HZEZTA,3,5.0,0.6483
B000HZF1AM,3,4.6667,0.4804
B000HZF7II,1,5.0,0.9578
B000HZF7JC,1,5.0,0.9468
B000HZH8NA,12,5.0,0.9164
B000HZHV2S,1,3.0,0.5423
B000HZIBB8,1,5.0,0.8979
B000HZIII4,4,4.5,0.8142
B000HZIIJS,1,4.0,0.875
B000HZJRWK,3,4.6667,0.9125
B000HZJY3W,1,5.0,0.9001
B000HZLPPM,11,4.9091,0.7604
B000HZLPRU,5,5.0,0.8599
B000HZTBG2,1,4.0,0.9451
B000HZWZO2,1,5.0,0.91
B000I028FM,1,5.0,0.9661
B000I03RHA,1,4.0,0.9187
B000I03XEC,2,5.0,0.9089
B000I04D5K,8,4.125,0.6626
B000I05WLY,1,5.0,0.9949
B000I077P8,2,4.5,0.8803
B000I077PI,1,5.0,0.7964
B000I077RG,1,5.0,0.8658
B000I0780W,1,5.0,0.6249
B000I07884,1,5.0,0.9958
B000I0CLK4,2,4.0,0.7701
B000I0QDVC,1,5.0,0.9035
B000I0VLRS,2,4.5,0.9503
B000I1MBGC,1,4.0,0.939
B000I1MBO4,3,3.3333,0.4137
B000I1OLT2,36,4.6944,0.8692
B000I1OLTC,1,5.0,0.9841
B000I1PNR6,1,4.0,0.939
B000I1PZNI,2,4.5,0.8964
B000I1PZNS,2,3.5,0.4798
B000I1Q0IC,1,5.0,0.9538
B000I1QO5Q,1,1.0,0.3182
B000I1RGQC,10,5.0,0.9018
B000I1RHMU,16,4.3125,0.7766
B000I1T368,14,4.0714,0.6203
B000I1VO9M,1,4.0,0.9937
B000I1X3I2,1,5.0,0.9509
B000I1YJRG,2,2.0,0.1342
B000I200NC,2,5.0,0.8622
B000I200NW,3,3.6667,0.3608
B000I200OG,3,4.3333,0.622
B000I2MW7Y,2,5.0,0.5308
B000I2OOPW,1,5.0,0.9817
B000I2Q4LE,1,1.0,0.0
B000I2T9BG,1,5.0,0.9468
B000I2T9CA,1,5.0,0.8519
B000I2T9Y8,1,5.0,0.924
B000I3RLVK,2,5.0,0.9413
B000I3RLVU,1,5.0,0.9513
B000I3RLWE,4,3.25,0.5168
B000I3TA9G,1,1.0,0.0
B000I3UZJA,4,4.75,0.6502
B000I3XOPM,3,5.0,0.6811
B000I48STS,4,3.25,0.3886
B000I4DG18,1,5.0,0.9623
B000I4H2GS,1,5.0,0.7096
B000I4MLEG,2,4.5,0.9354
B000I4MQLE,1,5.0,0.7906
B000I4MRHW,1,5.0,0.5456
B000I4N9H4,1,5.0,0.9042
B000I4O824,3,3.6667,0.1079
B000I4O9XM,1,5.0,0.9719
B000I4P7UQ,1,5.0,0.8481
B000I4PXBO,2,5.0,0.9272
B000I4PXE6,1,4.0,0.9205
B000I4QDA4,1,5.0,0.8555
B000I4RICQ,1,5.0,0.9741
B000I4T41O,2,4.5,0.8987
B000I4T41Y,4,5.0,0.7001
B000I4T45U,1,1.0,0.7269
B000I4T8YW,2,4.0,0.0282
B000I4TTPK,1,1.0,0.3851
B000I4UZXK,1,5.0,0.7964
B000I4Y1SA,3,5.0,0.2998
B000I552GE,1,5.0,0.6597
B000I5DJRI,1,3.0,0.6908
B000I5FD1S,1,1.0,-0.0628
B000I5FD2M,1,4.0,0.7845
B000I5FD3Q,1,5.0,0.872
B000I5FN7C,2,5.0,0.9352
B000I5GWJK,1,5.0,0.6124
B000I5GWPE,1,5.0,0.9313
B000I5HBS6,2,3.0,0.7386
B000I5IDZ6,1,1.0,0.8948
B000I5IS2E,5,5.0,0.9508
B000I5KIO0,2,5.0,0.9623
B000I5MD8O,2,5.0,0.1569
B000I5NAI6,7,4.4286,0.8803
B000I5ZD22,1,4.0,0.8442
B000I5ZGH4,1,5.0,0.9814
B000I60JUW,12,4.75,0.7044
B000I60K06,1,5.0,0.8074
B000I612BC,4,3.75,0.5897
B000I612BM,4,3.0,0.1998
B000I612CG,1,5.0,0.8779
B000I62E6O,1,5.0,0.9136
B000I62E82,3,5.0,0.9041
B000I62KG8,1,4.0,0.8858
B000I62MC0,1,5.0,0.6369
B000I62U0O,1,5.0,0.9643
B000I62U5Y,1,5.0,0.91
B000I63LV6,1,1.0,-0.296
B000I63LZW,1,5.0,0.6597
B000I645SO,1,1.0,0.8555
B000I64LNI,1,5.0,0.802
B000I65JM0,1,5.0,0.9393
B000I660LY,10,4.2,0.67
B000I66258,2,5.0,0.807
B000I6625I,4,4.75,0.8946
B000I6626C,4,4.5,0.521
B000I66YI8,1,2.0,-0.3612
B000I67WVQ,1,5.0,0.5719
B000I6G2OO,1,5.0,0.6705
B000I6KQ8W,4,5.0,0.8799
B000I6MBIK,1,3.0,0.2263
B000I6MBKS,1,5.0,0.9716
B000I6MC20,1,5.0,0.9823
B000I6MC3E,1,5.0,0.7275
B000I6MCYI,1,5.0,0.6369
B000I6MD6U,1,4.0,0.9413
B000I6MDHY,1,3.0,0.1326
B000I6MDO2,3,4.6667,0.537
B000I6MDVK,2,4.5,0.8902
B000I6MEDW,2,5.0,0.9458
B000I6N1LG,1,5.0,0.9535
B000I6NO0Y,1,5.0,0.9393
B000I6O3B8,1,1.0,-0.6808
B000I6O3WW,3,4.0,0.1441
B000I6O462,1,4.0,0.886
B000I6O4RG,1,1.0,-0.6808
B000I6O4WQ,1,5.0,0.5719
B000I6O548,1,5.0,0.743
B000I6O5KW,1,5.0,0.6369
B000I6O5PW,1,3.0,0.6486
B000I6O6OC,1,5.0,0.5719
B000I6O6P6,1,5.0,0.9137
B000I6O6PG,2,5.0,0.894
B000I6O6RO,1,5.0,0.946
B000I6PX9O,1,5.0,0.8519
B000I6PXE4,1,5.0,0.802
B000I6PXFS,1,5.0,0.5719
B000I6PXLC,2,5.0,0.9109
B000I6PXYE,1,5.0,0.9643
B000I6PXYY,1,1.0,0.3612
B000I6PY4I,1,1.0,-0.3612
B000I6PYAC,2,5.0,0.7883
B000I6PYO8,1,5.0,0.7184
B000I6PZ1A,1,4.0,0.9733
B000I6PZIS,1,1.0,0.5423
B000I6PZRO,1,3.0,0.9682
B000I6PZVK,1,5.0,0.5719
B000I6RAEU,1,1.0,-0.7227
B000I6RB6C,1,4.0,0.8074
B000I6RBDU,1,5.0,0.9231
B000I6RC7K,1,4.0,0.9136
B000I6RC9I,2,3.0,0.1182
B000I6RCDE,2,5.0,0.8711
B000I6RCQ6,1,4.0,0.9948
B000I6RCQG,1,4.0,0.9873
B000I6RDLK,1,5.0,0.8807
B000I6RDXS,1,5.0,0.8402
B000I73KTI,2,4.0,0.7877
B000I7XGOC,2,5.0,0.8558
B000I82JUI,1,5.0,0.8555
B000I84EO2,1,5.0,0.9274
B000I94D24,1,3.0,-0.3744
B000I9IJEC,1,5.0,0.979
B000I9R0AG,1,5.0,0.9334
B000IBILV6,7,3.8571,0.4365
B000IBODHC,1,2.0,-0.7269
B000IBRBFI,1,5.0,0.9545
B000IC6C52,1,5.0,0.8696
B000ICO8GW,3,4.0,0.4462
B000ICPUYQ,3,3.3333,0.7793
B000ICPV4K,2,5.0,0.9553
B000ID273W,2,2.0,0.6705
B000ID34WU,4,5.0,0.8908
B000IDC8S6,1,5.0,0.9313
B000IDV120,1,5.0,-0.8129
B000IEC60A,1,5.0,0.8402
B000IEC64G,1,1.0,0.7351
B000IEC6X2,3,3.6667,0.9127
B000IEDUB4,3,1.0,0.3052
B000IEDUHS,3,3.6667,0.6641
B000IEDUTG,1,5.0,0.9698
B000IEFVFM,1,2.0,0.0516
B000IEFVGG,1,3.0,0.4141
B000IEFVSO,1,3.0,0.2263
B000IEFVUW,4,4.0,0.7873
B000IEFW7O,2,3.0,0.0561
B000IEHOM0,1,5.0,0.9701
B000IEHQV4,1,5.0,0.7602
B000IEHRLS,1,4.0,0.879
B000IETOAK,1,1.0,-0.6901
B000IEWVY6,1,3.0,-0.7269
B000IEYV6M,1,1.0,0.4404
B000IEZINW,2,5.0,0.8462
B000IEZKNU,2,5.0,0.0057
B000IF5GY2,1,5.0,0.6656
B000IGE40I,1,1.0,-0.8748
B000IHJEDE,16,3.25,0.4481
B000IHNCQO,27,3.1481,0.6296
B000IHVGMQ,1,5.0,0.9616
B000IHXJ6W,2,5.0,0.751
B000IHXML4,1,5.0,0.7089
B000IHXQ9W,1,3.0,0.3818
B000II0G9Y,1,5.0,0.7964
B000II0GCG,1,4.0,0.9252
B000II0GEO,1,5.0,0.4019
B000II27QE,5,4.4,0.8943
B000II4CN0,1,5.0,0.5821
B000II4EO2,2,5.0,0.5996
B000II4LOA,5,4.0,0.6219
B000IJKSAK,3,4.6667,0.9116
B000IJNTZG,1,5.0,0.5849
B000IK8SSS,2,5.0,0.8716
B000IK8TSC,1,1.0,0.8862
B000IKAL3S,1,5.0,0.9646
B000IKAMQO,1,5.0,0.9312
B000IKBDYO,1,5.0,0.7845
B000IKCOKQ,1,5.0,0.8203
B000IKCOLA,1,1.0,-0.204
B000IKCP9G,1,5.0,0.6249
B000IKDHJ8,1,5.0,0.9538
B000IKDIME,3,5.0,0.8313
B000IKEE9K,1,5.0,0.8555
B000IKEED6,1,1.0,-0.5267
B000IKEEQ8,1,1.0,-0.4541
B000IKEQDY,1,5.0,0.8658
B000IKF57K,2,4.5,0.1082
B000IKG0PG,1,5.0,0.9618
B000IKG3S0,1,1.0,0.8932
B000IKGG5U,2,4.5,0.7425
B000IKKBG0,1,5.0,0.9081
B000IKKBGK,3,5.0,0.8728
B000IL9LJW,1,2.0,-0.2914
B000ILA3FS,6,2.8333,0.4386
B000ILA4KW,2,5.0,0.6878
B000ILA5RO,7,3.4286,0.677
B000ILAWD6,3,2.6667,0.3581
B000ILDTJK,2,5.0,0.636
B000ILEITA,16,5.0,0.89
B000ILEIUE,13,4.0769,0.8105
B000ILEMAU,4,4.25,0.8412
B000ILEVWO,3,5.0,0.5934
B000ILEXOA,3,5.0,0.8899
B000ILEYTE,1,5.0,0.7717
B000ILGG0Y,1,5.0,0.9174
B000ILGG1I,2,5.0,0.8537
B000ILGIMA,1,5.0,0.6597
B000ILI60M,3,3.6667,0.9571
B000ILIHA6,11,5.0,0.8334
B000ILIJRM,1,5.0,0.9254
B000ILILLQ,40,4.575,0.8137
B000ILILM0,32,4.4062,0.8037
B000ILK9PM,6,3.6667,0.346
B000ILK9QG,4,4.0,0.7025
B000ILKXP8,1,5.0,0.765
B000ILLX3Y,1,2.0,0.7338
B000ILLX6G,2,3.5,0.2381
B000ILLX70,1,1.0,0.8519
B000ILMQF8,3,3.6667,0.6371
B000ILMQIA,3,4.6667,0.3671
B000ILMQL2,1,5.0,0.7918
B000IMJU3I,13,3.5385,0.5598
B000IMLJ46,12,3.3333,0.6466
B000IMPD3E,1,1.0,-0.296
B000IMSSB8,2,5.0,0.7894
B000IMWN82,1,5.0,0.9847
B000IMYNIA,1,5.0,0.9795
B000INIYJI,1,3.0,0.0
B000IOC7RW,3,5.0,0.5472
B000IOJTS2,1,2.0,0.5859
B000IPYWCE,1,5.0,-0.5859
B000IQWOJG,1,5.0,0.8555
B000ISZ310,3,5.0,0.9001
B000ITR9YS,1,5.0,0.9313
B000ITTA04,1,5.0,0.9694
B000ITTA7C,1,5.0,0.8481
B000ITUEBS,1,5.0,0.9596
B000ITUEDQ,1,5.0,0.7906
B000ITVLE2,1,5.0,0.9062
B000ITWWZ4,1,5.0,0.902
B000ITWX2G,2,3.0,0.6238
B000ITYSVK,1,5.0,0.8591
B000ITYSYC,1,3.0,0.7096
B000ITYT0K,1,2.0,0.7783
B000IUOBMA,1,1.0,-0.1531
B000IUPND6,6,3.1667,0.4806
B000IUSQDK,1,4.0,0.8979
B000IV13O8,2,5.0,0.9279
B000IVIR8S,2,5.0,0.6618
B000IW71BQ,7,4.7143,0.8788
B000IXRF6Q,2,2.0,0.0227
B000IXRF8O,2,5.0,0.8227
B000IXRFKW,3,5.0,0.9111
B000IXSLCI,1,5.0,0.9758
B000IXSME0,1,5.0,0.8807
B000IXSMI6,1,5.0,0.6124
B000IXSNBM,1,1.0,0.7128
B000IXSNEO,1,5.0,0.8271
B000IXUISS,1,1.0,0.3818
B000IXUJNM,1,5.0,0.6124
B000IXUJPK,1,2.0,0.9022
B000IXUK3Q,1,5.0,0.9493
B000IXUKAY,3,3.3333,0.4635
B000IXUKHW,1,5.0,0.6369
B000IXUKLS,3,5.0,0.351
B000IXUKS6,1,5.0,0.2023
B000IXWCQO,3,3.0,0.4359
B000IXWDKE,2,4.0,0.9265
B000IYYRXO,2,4.0,0.8916
B000IYYRZW,5,4.8,0.8242
B000IZ0OB2,2,3.0,0.6442
B000IZ0OC6,9,3.5556,0.5606
B000IZ24PG,1,2.0,0.8435
B000IZ3GSA,2,5.0,0.8234
B000IZ3GTO,4,4.25,0.8375
B000IZ3GVW,1,5.0,0.8934
B000IZ3GXA,1,1.0,0.7351
B000IZABLU,2,5.0,0.3881
B000IZGBW8,2,4.0,0.884
B000IZPWH8,2,3.0,0.4989
B000IZQ2PE,3,5.0,0.9732
B000IZRW80,2,5.0,0.8358
B000IZVO48,2,3.0,0.0479
B000J00OIO,2,3.0,0.2825
B000J05ME0,1,5.0,0.9186
B000J05MM2,1,5.0,0.9931
B000J0DJ3G,1,1.0,-0.3612
B000J0II1Y,1,4.0,-0.1063
B000J0IUL2,1,1.0,-0.2732
B000J0LUNM,1,2.0,-0.6808
B000J0NGCA,1,1.0,0.6249
B000J0NX8W,1,1.0,-0.2247
B000J0OW0K,1,3.0,0.7579
B000J0R11C,2,4.0,0.1305
B000J23YP2,4,5.0,0.7258
B000J2CLHO,1,2.0,0.0772
B000J2CLJ2,1,1.0,0.2247
B000J2CLPQ,2,5.0,0.9256
B000J2DHJA,2,2.5,0.918
B000J2DQ46,6,3.5,0.8718
B000J2DQ8M,2,1.0,-0.6627
B000J2DQJQ,9,4.2222,0.7176
B000J2DQK0,2,3.0,0.0775
B000J2FSLU,1,5.0,0.953
B000J2FSRE,1,4.0,0.9287
B000J2HJDA,1,5.0,0.6017
B000J2HRG4,2,3.0,0.6905
B000J2JKGO,3,5.0,0.6605
B000J2JKIC,2,5.0,0.808
B000J2O1XG,1,5.0,0.6808
B000J2TID4,1,5.0,0.9524
B000J2UNW4,1,2.0,0.9337
B000J31TLM,1,4.0,0.7351
B000J34JB4,1,4.0,0.9705
B000J34JBE,1,4.0,0.9538
B000J36M4Q,2,5.0,0.7905
B000J39TSM,1,4.0,0.8862
B000J39TSW,2,4.5,0.5726
B000J3A8H8,1,5.0,0.7506
B000J3AXAA,1,5.0,0.8779
B000J3FPSK,2,2.0,0.3338
B000J3GDRW,1,4.0,0.4588
B000J3K4V8,1,5.0,0.891
B000J41TB6,5,4.4,0.7411
B000J423MK,10,4.6,0.5683
B000J4CK50,1,5.0,0.1531
B000J4EPGW,10,4.2,0.81
B000J4GKZ6,1,5.0,0.8779
B000J4IDOC,5,3.4,0.7609
B000J4IDP6,3,4.0,0.8248
B000J4J0VM,1,1.0,0.5938
B000J5328I,1,5.0,0.8588
B000J5338M,6,3.5,0.6793
B000J5EF2K,9,3.3333,0.6253
B000J674BI,1,3.0,0.3862
B000J6EO9S,3,5.0,0.7224
B000J6GEQY,2,1.5,0.6956
B000JCNRE0,1,3.0,0.8204
B000JCR51Q,1,5.0,0.7269
B000JDJQK8,1,1.0,-0.7579
B000JDJQR6,1,3.0,-0.4767
B000JDJS42,1,5.0,0.5994
B000JE26YK,3,3.6667,0.7034
B000JEDCZM,1,5.0,0.9042
B000JF9YW6,2,2.5,0.9322
B000JFBYPQ,1,5.0,0.8176
B000JFBYQA,1,5.0,0.9136
B000JFBYRY,1,1.0,0.0
B000JFBZ0K,1,5.0,0.9657
B000JFDKVM,1,2.0,0.8807
B000JFDL7A,3,4.3333,0.7315
B000JFFOBG,1,5.0,0.5859
B000JFGHHQ,2,3.5,0.7648
B000JFGHL2,1,4.0,0.5859
B000JFH81K,2,3.0,0.35
B000JFH89W,1,5.0,0.9099
B000JFJ7NC,1,5.0,0.9612
B000JFJ7T6,2,3.0,0.701
B000JFKU9W,3,5.0,0.6843
B000JFKVUK,1,1.0,0.7717
B000JGJG28,3,4.3333,0.9286
B000JGLE0K,3,5.0,0.9082
B000JGLE0U,8,4.5,0.8379
B000JHL8I2,2,3.0,0.424
B000JI1TGC,1,5.0,0.91
B000JI41JE,1,5.0,0.9661
B000JI4D1K,1,4.0,0.8399
B000JI79P2,2,5.0,0.724
B000JI7YRA,1,4.0,0.9254
B000JIMSBC,2,5.0,0.8526
B000JIN1H2,12,3.8333,0.5764
B000JJHDVG,9,4.6667,0.9027
B000JJHSPW,2,5.0,0.8084
B000JJHSQG,1,5.0,0.9753
B000JJJLKM,1,5.0,0.9169
B000JJK0B6,7,4.5714,0.9092
B000JJLXAI,1,5.0,0.5267
B000JJLXAS,1,1.0,-0.4215
B000JJV9AW,1,2.0,0.0
B000JJXC70,1,5.0,0.802
B000JJYPYE,1,5.0,0.5267
B000JKB4VU,1,5.0,0.9531
B000JKCZXG,2,3.0,0.7177
B000JKJJHG,1,5.0,0.3818
B000JKPXU8,1,5.0,-0.0191
B000JKRPGS,1,4.0,0.1027
B000JL0JQK,1,4.0,0.9586
B000JL0NDO,1,5.0,0.8126
B000JL13AG,2,5.0,0.9581
B000JL2KQ2,1,5.0,0.765
B000JL4N2G,1,2.0,0.5719
B000JL6OG4,1,3.0,-0.0516
B000JL6Q0S,1,5.0,0.9062
B000JL8S4A,2,4.0,0.673
B000JL90TC,2,5.0,0.7434
B000JLB5LI,1,5.0,0.9835
B000JLB5NG,3,4.0,0.6315
B000JLESPI,1,2.0,0.7216
B000JLF3X4,1,4.0,0.5994
B000JLF8YS,2,3.5,0.7946
B000JLJEPW,1,1.0,0.0
B000JLLXVK,2,2.0,0.5775
B000JM646S,2,4.0,0.7872
B000JMAVPS,1,5.0,0.9381
B000JMAVSU,1,5.0,0.9477
B000JMAVU8,2,4.5,0.808
B000JMAVYO,4,4.75,0.8664
B000JMAVZI,2,5.0,0.9698
B000JMAXMY,1,4.0,0.4215
B000JMAXOC,2,5.0,0.885
B000JMBE3Q,1,5.0,0.9596
B000JMBE5Y,1,5.0,0.765
B000JMBE6I,1,5.0,0.9022
B000JMBE7C,4,5.0,0.8842
B000JMBE7M,3,4.6667,0.644
B000JMBE8G,1,5.0,0.8885
B000JMBE8Q,1,5.0,0.7351
B000JMBE9U,1,5.0,0.8555
B000JMBEAE,2,3.0,0.4718
B000JMBEAO,1,5.0,0.3612
B000JMBECW,1,5.0,0.0
B000JMBEEK,1,4.0,0.8834
B000JMBG0W,1,1.0,-0.0772
B000JMDGYG,2,2.5,0.5322
B000JMDGZ0,1,5.0,0.9694
B000JMDGZU,1,4.0,0.7351
B000JMDH5O,1,5.0,0.7522
B000JMDH9A,1,1.0,-0.1868
B000JMDH9U,1,5.0,0.936
B000JMDHBS,1,1.0,0.4391
B000JMDHCC,1,5.0,0.8481
B000JMDHFE,1,5.0,0.7003
B000JMDHFO,1,3.0,0.7559
B000JMDJ52,2,4.0,0.3498
B000JMDJ5C,1,3.0,0.844
B000JMFCSE,1,5.0,0.9393
B000JMFCV6,1,2.0,0.5719
B000JMFCXO,2,2.5,0.7254
B000JMHHV4,1,4.0,0.3612
B000JNMTN4,1,4.0,0.9682
B000JOE224,41,4.3415,0.7285
B000JP0RUO,2,5.0,0.9376
B000JPUGQE,1,5.0,0.9831
B000JQALA4,1,4.0,0.8809
B000JQALAE,3,4.6667,0.924
B000JQCJI6,1,5.0,0.9451
B000JQCJIG,3,5.0,0.8972
B000JQJQV4,1,5.0,0.9325
B000JRDF1A,2,3.5,0.9616
B000JRQQLG,1,5.0,0.6908
B000JSLYSU,2,3.5,0.8268
B000JSLZWK,1,4.0,0.4767
B000JSM0N8,1,5.0,0.802
B000JSM178,1,4.0,0.8074
B000JSO18K,4,5.0,0.5545
B000JSO76Q,3,3.3333,0.6615
B000JSOBSU,1,5.0,0.8442
B000JSQ282,1,5.0,0.8807
B000JSQ5YS,1,4.0,0.9217
B000JSQ66U,2,4.0,0.8313
B000JSQBK6,1,1.0,0.4019
B000JSQBRO,1,5.0,0.9337
B000JSQDK4,1,5.0,0.9726
B000JSQDT0,1,5.0,0.7426
B000JSQISQ,1,4.0,0.7845
B000JSQK8E,1,4.0,0.7351
B000JSQKA2,1,4.0,0.8519
B000JSQKL6,2,5.0,0.9208
B000JSQKS4,2,5.0,0.8214
B000JSSNFW,1,5.0,0.6901
B000JSSNUC,1,5.0,0.8519
B000JSSNW0,1,5.0,0.9337
B000JSSO38,1,2.0,-0.4019
B000JUFD8U,3,4.0,0.8257
B000JUFH90,1,5.0,0.4404
B000JV7JLS,2,3.5,0.8792
B000JVA8QQ,1,3.0,0.7269
B000JVAC30,1,5.0,0.7845
B000JVCE5Y,1,3.0,0.9923
B000JVCI96,2,5.0,0.4606
B000JVGMYI,2,4.5,0.9573
B000JVGN2E,2,5.0,0.741
B000JVGNP6,1,5.0,0.8771
B000JWCA02,2,5.0,0.9818
B000JWCA0M,1,5.0,0.5574
B000JWCA1G,3,2.3333,0.2608
B000JWCA1Q,3,4.6667,0.8841
B000JWCA2U,2,5.0,0.9482
B000JWCA3E,1,5.0,0.8074
B000JWEE6K,1,5.0,0.9531
B000JWEE74,1,5.0,0.8915
B000JWEE8S,4,3.0,0.252
B000JWGFQC,1,1.0,-0.8442
B000JWGFRG,1,5.0,0.7906
B000JWIC5O,2,5.0,0.9268
B000JWIC5Y,2,4.5,0.8382
B000JWIC72,1,5.0,0.9886
B000JWIC7C,1,1.0,0.7722
B000JWM7E6,5,3.0,0.1998
B000JWVVCU,1,5.0,0.8312
B000JWVVOS,1,4.0,0.9317
B000JWXXHQ,1,5.0,0.7351
B000JWZQGW,2,4.5,0.6338
B000JX09HW,2,5.0,0.9134
B000JX0A76,5,5.0,0.9028
B000JZ3576,6,4.1667,0.8422
B000JZ92DW,1,5.0,0.9685
B000JZ9ATS,4,3.75,0.6791
B000JZ9TEE,2,4.5,0.3454
B000JZA1VO,3,3.0,0.4202
B000JZDXUA,1,5.0,0.6597
B000JZDY0Y,2,4.5,0.7116
B000JZEABG,3,5.0,0.6755
B000JZMO46,1,5.0,0.8588
B000JZYM8C,12,4.1667,0.9047
B000JZYM8W,13,3.4615,0.6096
B000K12HQE,1,5.0,0.9657
B000K19RUS,1,5.0,0.901
B000K1R0C0,1,5.0,0.8442
B000K1R0DO,1,5.0,0.0
B000K2CSS0,1,1.0,0.9081
B000K2D5PK,1,3.0,-0.5667
B000K2EYO6,1,5.0,0.7807
B000K2GLW4,1,1.0,-0.7096
B000K2GM0U,2,3.0,0.2721
B000K2GM1O,2,3.5,0.619
B000K2GM82,1,1.0,0.34
B000K31F4M,1,5.0,0.8979
B000K4XEGI,1,5.0,0.8553
B000K4ZA56,1,5.0,0.9274
B000K5URAI,1,5.0,0.9657
B000K5US2A,2,4.5,0.4716
B000K6DVDM,1,5.0,0.886
B000K6X8KI,5,4.8,0.5671
B000K6Z22U,4,5.0,0.7175
B000K73F28,1,5.0,0.9516
B000K7644E,4,5.0,0.9056
B000K7H33K,1,3.0,0.2944
B000K89490,1,3.0,-0.4404
B000K8949K,1,4.0,0.9509
B000K8ATPI,5,5.0,0.5109
B000K8CIZW,1,5.0,0.4019
B000K8CPCS,1,1.0,0.936
B000K8ESAU,2,5.0,0.7234
B000K8ESB4,1,5.0,-0.5106
B000K8ESBE,1,5.0,-0.571
B000K8ESBO,1,2.0,0.7269
B000K8ESBY,1,5.0,0.8221
B000K8ID2E,15,4.0,0.4539
B000K8N6W6,2,5.0,0.8796
B000K8PNSG,2,4.0,0.8453
B000K8PO26,3,4.6667,0.7845
B000K8R2YO,1,3.0,-0.8176
B000K8R30W,1,5.0,0.9538
B000K8R320,2,4.0,0.133
B000K8R578,7,4.7143,0.8164
B000K8T3OQ,9,4.1111,0.5473
B000K8UL4C,16,4.375,0.7183
B000K8V02O,1,2.0,0.967
B000K8V0EM,1,5.0,0.5574
B000K8V0UG,2,5.0,0.9046
B000K8V1PA,4,4.75,0.8751
B000K8WI1Q,1,5.0,0.9529
B000K8WVYA,3,3.6667,0.92
B000K8XM2A,6,3.6667,0.8353
B000K8XM2K,1,5.0,0.9627
B000K8Z2AA,4,3.0,0.483
B000K8ZFPM,4,2.0,0.3489
B000K91E9M,1,5.0,0.4215
B000K91ECY,1,5.0,0.9709
B000K9BY6K,1,1.0,-0.2023
B000K9CDV0,5,3.4,0.3404
B000K9PNP8,1,4.0,0.765
B000K9Q5ZU,2,3.0,0.6155
B000K9X17A,1,3.0,0.3818
B000KA5AHS,2,4.5,0.7407
B000KA9PHY,1,5.0,0.8807
B000KAA72G,1,1.0,0.8928
B000KAAYEC,1,5.0,0.8481
B000KADHGE,1,4.0,-0.1803
B000KADHIW,1,4.0,0.9042
B000KADHMS,1,1.0,0.5106
B000KAHPYE,2,5.0,0.6163
B000KAJ51U,5,4.2,0.8742
B000KAKZ2I,2,3.0,0.7109
B000KB910Y,1,5.0,0.8934
B000KBD6NW,2,5.0,0.9458
B000KC0XJQ,1,5.0,0.4215
B000KCXKOQ,4,4.0,0.4344
B000KDJLTS,1,5.0,0.926
B000KDJS3W,2,4.5,0.9716
B000KDRJI8,1,5.0,0.9871
B000KDWUPK,1,5.0,0.9113
B000KDYPDK,1,3.0,0.8173
B000KDZDJ0,1,5.0,0.6901
B000KEIYYA,5,4.2,0.7223
B000KEJ9OE,1,1.0,0.197
B000KEJC2S,2,5.0,0.8455
B000KEJMRI,2,5.0,0.7257
B000KEJMS2,6,4.6667,0.5967
B000KEK6W8,1,5.0,0.0828
B000KEK6WI,1,5.0,0.9059
B000KEK6X2,2,3.0,0.6668
B000KELHNU,6,3.8333,0.5002
B000KELSYI,3,5.0,0.9166
B000KENKXA,8,4.625,0.8494
B000KENKYE,1,1.0,0.4843
B000KENKZ8,6,4.8333,0.8582
B000KEPB9Q,2,3.5,0.3312
B000KEPBBY,10,4.4,0.7815
B000KEPBCS,11,3.6364,0.6502
B000KEPBFU,1,5.0,0.9588
B000KEPBGO,5,4.8,0.776
B000KERGK8,1,5.0,0.9927
B000KETAGG,4,5.0,0.4747
B000KEVF1O,2,3.0,0.8048
B000KEVF3M,7,4.4286,0.684
B000KFS85E,1,1.0,0.8873
B000KFSJ08,1,5.0,0.7906
B000KFTGIM,5,4.4,0.7939
B000KFU13Q,1,1.0,0.4779
B000KFU6RW,1,4.0,0.9986
B000KFUBSQ,1,5.0,0.9042
B000KFVAE0,1,5.0,0.9869
B000KFVAF4,10,4.3,0.7711
B000KFWCE2,1,5.0,0.9884
B000KFXEWQ,13,4.0,0.7148
B000KFXEYE,8,3.875,0.8662
B000KFY0P6,1,5.0,0.9246
B000KFY5RO,1,5.0,0.8885
B000KFYD7Q,1,5.0,0.7713
B000KFZ3HK,1,4.0,0.9118
B000KFZ3LQ,1,5.0,0.6369
B000KGW27S,2,5.0,0.9126
B000KGW28M,6,5.0,0.8996
B000KGW2BY,7,4.0,0.508
B000KGW2C8,2,5.0,0.6859
B000KGW2EG,1,5.0,0.9246
B000KH4UUY,3,4.3333,0.7749
B000KHMWP4,1,1.0,-0.9352
B000KHMWQS,11,4.7273,0.8245
B000KHU6AM,1,5.0,0.3818
B000KHU6VG,1,5.0,0.5719
B000KHVHG4,1,5.0,0.8481
B000KHYU54,1,5.0,0.9628
B000KI0U4S,1,5.0,0.9313
B000KI7GTK,1,5.0,0.9948
B000KIDPXG,1,4.0,0.8807
B000KJ132U,1,4.0,0.836
B000KJ142E,1,1.0,0.872
B000KJ50B0,1,5.0,0.9764
B000KJ9DNQ,1,4.0,0.836
B000KJ9DQS,1,5.0,-0.4767
B000KJD9HC,1,4.0,0.8316
B000KJRF40,2,5.0,0.9717
B000KJS76A,5,3.8,0.4833
B000KJVIOI,5,4.0,0.8781
B000KK22Q0,2,2.5,0.1468
B000KK39CQ,4,4.25,0.9164
B000KK7M2E,1,4.0,0.7778
B000KK89WG,1,4.0,0.7778
B000KKAA82,1,2.0,-0.2824
B000KKAHDK,1,5.0,0.7741
B000KKOPLA,2,5.0,0.9187
B000KKQNJM,16,3.75,0.4796
B000KL3IE4,1,5.0,0.802
B000KL57E8,7,3.4286,0.8257
B000KLTM4O,1,5.0,0.7202
B000KLXS6W,1,5.0,0.8481
B000KLZ6JE,1,2.0,0.6412
B000KM1XP4,4,4.75,0.914
B000KNAX2M,1,5.0,0.128
B000KNB0NI,1,5.0,0.6808
B000KNB0OW,13,4.8462,0.8396
B000KNB0RE,2,5.0,0.875
B000KNB4WA,1,1.0,0.204
B000KNB7BS,1,4.0,0.8555
B000KNBDT4,2,5.0,0.9492
B000KNCZ2I,5,3.0,0.7405
B000KND8FG,1,5.0,0.9545
B000KND8RY,19,4.7895,0.7326
B000KNDF7M,5,5.0,0.6765
B000KNE954,1,5.0,0.954
B000KNF4EO,1,1.0,0.7031
B000KNFBJC,2,3.0,0.0978
B000KNFGNS,1,1.0,0.0
B000KNFJ0S,1,5.0,0.9966
B000KNGEES,1,5.0,0.8555
B000KNHDIY,1,3.0,0.8176
B000KNHF8M,1,2.0,0.9492
B000KNHFKU,6,4.6667,0.7311
B000KOQ9W4,1,1.0,-0.2658
B000KOQ9YM,1,1.0,-0.4005
B000KOQFB4,1,3.0,0.9321
B000KOQG2C,1,5.0,0.8687
B000KOQHAI,2,5.0,0.2044
B000KOQHWG,3,4.3333,0.2794
B000KOQI8O,1,5.0,0.9517
B000KOQJ1A,1,5.0,0.765
B000KOQJY2,1,5.0,0.9287
B000KOQLAE,1,5.0,0.9769
B000KOS800,1,5.0,0.9476
B000KOSBE8,1,5.0,-0.8779
B000KOSDY6,4,5.0,0.9132
B000KOSLG6,1,4.0,0.8625
B000KOSLGQ,3,2.6667,0.4537
B000KOSUG2,1,4.0,0.9246
B000KOSUVM,1,2.0,-0.5106
B000KOSXI2,1,5.0,0.6369
B000KOU90W,1,5.0,0.902
B000KOUGSC,1,5.0,0.9104
B000KOUIKI,1,4.0,0.9897
B000KOUJ1G,1,4.0,0.8176
B000KOUK6A,4,3.5,0.347
B000KOUK8I,1,3.0,0.7351
B000KOUKMY,2,5.0,0.8328
B000KOUL2I,1,5.0,0.9371
B000KOUPGK,1,4.0,0.9413
B000KOUY7A,1,4.0,-0.7351
B000KOUYGQ,6,4.5,0.6432
B000KOWAN6,2,5.0,0.9184
B000KOWAPY,1,5.0,0.9001
B000KOWCMU,3,5.0,0.7472
B000KOWEVY,1,5.0,0.9403
B000KOWF0Y,2,5.0,0.7938
B000KOWGHQ,1,3.0,0.5859
B000KOWHU2,1,4.0,0.6433
B000KOWJQE,4,5.0,0.6356
B000KOWMSE,2,5.0,0.555
B000KOWOSM,1,4.0,0.8442
B000KOWP5Y,1,5.0,0.8834
B000KOWQ8A,1,5.0,0.9992
B000KOWR8Y,1,4.0,0.8402
B000KPJ2K4,1,4.0,0.7579
B000KPMI6Y,1,5.0,0.5291
B000KPMKBC,2,5.0,0.734
B000KPMKK8,1,5.0,-0.1027
B000KPQPKE,1,5.0,0.8555
B000KPQZA4,1,5.0,0.8399
B000KPU474,1,5.0,0.891
B000KPXLSI,1,5.0,0.9476
B000KPXTZS,1,5.0,0.6908
B000KRD3TS,1,5.0,0.743
B000KRS5AA,1,3.0,0.6597
B000KS0ASY,1,5.0,0.8588
B000KS3L4E,2,5.0,0.8888
B000KSPX4U,2,3.5,0.1112
B000KSPX7C,8,3.75,0.5779
B000KSQ146,2,4.0,0.4892
B000KSRTM4,7,4.4286,0.4861
B000KSRX2A,3,3.0,0.3165
B000KSTY86,10,3.6,0.8597
B000KSTY90,2,4.5,0.9777
B000KSTYB8,1,2.0,0.8625
B000KSTYBS,10,4.1,0.8265
B000KSU6DS,1,5.0,0.8979
B000KSVLF0,3,3.0,0.3349
B000KSVLG4,2,5.0,0.8476
B000KSVLGO,1,4.0,0.9674
B000KSXMGG,1,2.0,0.7351
B000KT0IH6,1,5.0,0.9393
B000KTWAWC,2,4.5,0.8172
B000KTZ1VO,2,4.5,0.9918
B000KU1F0E,1,5.0,0.8268
B000KU1F2W,1,3.0,0.9657
B000KU3APM,1,5.0,0.128
B000KV61FC,90,3.6333,0.6403
B000KV7ZGQ,84,3.2262,0.697
B000KWTQ4O,1,4.0,0.6249
B000KXQG64,2,5.0,0.9368
B000KXZ8E0,8,5.0,0.5377
B000KY6IIY,1,2.0,-0.3612
B000KY6NQG,3,3.6667,0.9003
B000KYQXDY,2,4.5,0.8273
B000KZN58E,1,5.0,0.92
B000L1BP0W,1,5.0,0.9735
B000L1GRQO,1,3.0,0.91
B000L1K6BG,1,1.0,-0.1531
B000L3Q46U,1,5.0,0.9771
B000L3TYF8,2,5.0,0.7608
B000L6JNN8,1,5.0,0.9643
B000L6PU5I,1,4.0,0.4939
B000L6TS88,1,4.0,0.91
B000L7QJGG,3,3.3333,-0.1091
B000L7W9DS,1,5.0,0.7906
B000L87PEU,1,5.0,0.9274
B000L8CB76,2,3.5,0.863
B000L8FZMY,3,4.6667,0.6376
B000LA8ZE2,1,1.0,0.296
B000LAYC6C,1,5.0,0.5426
B000LB5PQC,1,3.0,0.9895
B000LB5QVQ,1,4.0,0.4939
B000LBGBP6,1,5.0,0.128
B000LBN8YS,14,4.7857,0.7633
B000LBU3GO,1,1.0,-0.4767
B000LBUGO8,1,5.0,0.9274
B000LBW62I,1,5.0,0.9696
B000LCCKFK,1,5.0,0.9698
B000LCEX6O,1,5.0,-0.4767
B000LCIO3M,2,5.0,0.7672
B000LDOMT6,2,5.0,0.93
B000LDOT58,8,4.875,0.8318
B000LDOUHU,4,4.5,0.8034
B000LDQNE8,1,5.0,0.9578
B000LDQWHG,6,4.5,0.7301
B000LDRWWU,9,4.6667,0.7166
B000LDTVI8,1,5.0,0.4588
B000LDXS2S,2,5.0,0.7295
B000LE33PE,1,5.0,0.0
B000LEBOIC,2,1.5,-0.0092
B000LEC37S,2,4.0,0.8432
B000LEDTRG,1,2.0,0.3167
B000LEDTZ8,1,4.0,0.8869
B000LEF97O,2,4.0,0.9156
B000LEH5BW,6,4.3333,0.4235
B000LEHP9Y,1,2.0,0.3167
B000LEHPGC,2,2.5,0.8498
B000LEQ0QS,1,5.0,0.9827
B000LFTC7G,1,4.0,0.836
B000LG2GU0,1,3.0,-0.0767
B000LG4BWG,1,1.0,-0.3612
B000LG6BBA,2,2.0,-0.219
B000LG8CVM,1,5.0,0.8885
B000LGIT42,1,5.0,0.8555
B000LIL028,1,5.0,0.9393
B000LIR4BO,1,5.0,0.9136
B000LJC5Q2,1,5.0,0.9377
B000LJC6GQ,2,5.0,0.7106
B000LJDPM0,2,3.0,0.388
B000LJDPPW,1,5.0,0.8555
B000LJDQ06,3,5.0,0.9115
B000LJDQ8I,2,5.0,0.8541
B000LJHPIU,3,2.6667,0.7013
B000LJHPKI,3,3.6667,0.9343
B000LJQAIG,3,5.0,0.865
B000LKTB90,13,4.3077,0.842
B000LKTBA4,2,3.5,0.7924
B000LKTBBI,1,5.0,0.8176
B000LKTBDQ,4,3.5,0.5832
B000LKTBMM,1,3.0,0.8622
B000LKTCVW,6,4.3333,0.654
B000LKTD84,1,5.0,0.2023
B000LKTDCA,1,1.0,0.0
B000LKTE7E,1,5.0,-0.7675
B000LKTET2,6,3.5,0.2176
B000LKTEYC,6,3.0,0.2225
B000LKTFHI,7,5.0,0.9336
B000LKTFUU,3,5.0,0.9456
B000LKTGMC,1,5.0,0.922
B000LKTHD0,1,5.0,0.9246
B000LKTJ10,1,5.0,0.7435
B000LKTJ1U,1,3.0,0.9189
B000LKTJ9C,6,4.5,0.7804
B000LKTJUG,2,5.0,0.329
B000LKTKCI,2,4.5,0.9468
B000LKTKQO,1,3.0,0.9837
B000LKTKTG,2,4.0,0.5442
B000LKTKZ0,2,5.0,0.897
B000LKTL0E,3,5.0,0.8917
B000LKTMLM,10,4.2,0.6473
B000LKTO9M,4,4.5,0.8139
B000LKTP9G,2,3.0,0.5933
B000LKTPCS,3,4.0,0.6839
B000LKTPV4,1,5.0,0.9555
B000LKTQAE,5,4.2,0.9231
B000LKTSO8,4,4.0,0.7874
B000LKTSZ2,1,3.0,0.9543
B000LKTSZM,1,4.0,0.4939
B000LKTTQK,3,3.6667,0.4226
B000LKTTTW,2,5.0,0.8827
B000LKTUGE,1,1.0,-0.8555
B000LKTUGY,3,3.3333,0.75
B000LKTVCC,11,4.9091,0.6568
B000LKTVUO,3,5.0,0.9369
B000LKTW5S,5,4.0,0.7505
B000LKTXHA,5,4.6,0.9339
B000LKTXMU,5,5.0,0.7123
B000LKTXNY,6,3.8333,0.3597
B000LKTXQG,7,4.4286,0.5611
B000LKTY7Y,3,4.6667,0.7554
B000LKTZ5U,3,4.3333,0.8853
B000LKTZ96,2,5.0,0.892
B000LKTZNM,1,5.0,0.7351
B000LKTZSM,2,5.0,0.9451
B000LKTZZA,2,3.5,0.9607
B000LKU03G,3,3.3333,0.246
B000LKU086,1,5.0,0.9962
B000LKU0NG,2,3.0,0.2669
B000LKU14E,1,5.0,0.6901
B000LKU16C,2,3.0,0.3026
B000LKU3A6,25,4.12,0.7733
B000LKU3DI,17,3.4706,0.6512
B000LKU3GU,1,4.0,0.7964
B000LKU3K6,24,4.0,0.8205
B000LKU3WY,4,3.75,0.6405
B000LKU3Y2,1,5.0,0.6249
B000LKU41E,2,5.0,0.8739
B000LKU4VE,1,1.0,0.9565
B000LKU4XM,2,3.0,0.9348
B000LKU59A,1,5.0,0.9588
B000LKU7ZW,2,3.5,0.6946
B000LKU874,1,5.0,0.9814
B000LKU8A6,1,3.0,0.3182
B000LKU8SI,1,5.0,0.9783
B000LKUA40,1,5.0,0.9744
B000LKUA7M,2,5.0,0.8428
B000LKUACW,1,5.0,0.8313
B000LKUAEK,1,5.0,0.8588
B000LKUAK4,11,4.0909,0.7597
B000LKUAKY,8,2.625,0.6232
B000LKUSTM,1,5.0,0.8655
B000LKUTIC,2,1.0,0.3565
B000LKUTIM,12,4.6667,0.6808
B000LKUTLE,1,5.0,0.9186
B000LKUTN2,5,4.4,0.9176
B000LKUTUK,2,5.0,0.9482
B000LKUTZK,1,1.0,-0.4019
B000LKUU1S,1,5.0,0.9712
B000LKUU68,1,5.0,0.5719
B000LKUU7W,1,5.0,0.9153
B000LKUVKI,2,5.0,0.7618
B000LKUXGU,1,5.0,0.3182
B000LKUYA0,3,3.6667,0.4066
B000LKUYGE,1,5.0,0.8807
B000LKUZEU,7,4.1429,0.4111
B000LKUZOU,4,4.75,0.7297
B000LKUZV8,3,4.3333,0.9746
B000LKV0PI,1,5.0,0.9823
B000LKV1TS,1,1.0,0.765
B000LKV1WU,1,5.0,0.9081
B000LKV1ZC,1,5.0,0.9741
B000LKV2KQ,8,4.875,0.8512
B000LKV2TC,2,1.5,0.0843
B000LKV2YW,1,5.0,0.6124
B000LKV3DC,2,5.0,0.9264
B000LKV40Y,1,4.0,0.9638
B000LKV4LS,1,5.0,0.923
B000LKV4QI,9,4.6667,0.7895
B000LKV6F2,3,3.6667,0.6119
B000LKV7LU,2,5.0,0.9608
B000LKV7Q0,6,3.3333,0.5448
B000LKV7QA,1,3.0,0.8807
B000LKV7T2,5,4.8,0.819
B000LKVAFI,2,4.0,0.8967
B000LKVAYO,1,5.0,0.9735
B000LKVB6Q,14,3.7143,0.6074
B000LKVBD4,1,4.0,0.9685
B000LKVBGG,2,5.0,0.8356
B000LKVCCO,2,4.0,0.8947
B000LKVD5U,48,3.6875,0.6429
B000LKVDLO,12,4.25,0.7959
B000LKVDO6,5,3.4,0.6651
B000LKVDUU,4,4.0,0.6687
B000LKVEC2,1,5.0,0.9561
B000LKVFBM,1,5.0,0.8689
B000LKVGV6,6,4.8333,0.8589
B000LKVH9W,1,5.0,0.8176
B000LKVHMY,2,4.0,0.8569
B000LKVHOW,4,4.5,0.9274
B000LKVHYC,5,4.2,0.6422
B000LKVHZG,3,3.6667,0.7742
B000LKVI14,1,5.0,0.8687
B000LKVIEG,9,3.7778,0.4466
B000LKVIVE,4,3.5,0.3052
B000LKVJ9U,1,5.0,0.9559
B000LKVJCC,6,4.5,0.7893
B000LKVL16,24,3.9583,0.804
B000LKVLMK,1,5.0,0.7003
B000LKVQXY,9,5.0,0.6092
B000LKVR3S,1,5.0,0.7845
B000LKVRI8,1,5.0,0.9337
B000LKVROW,3,4.0,0.6033
B000LKVRQA,3,5.0,0.9287
B000LKVRVA,9,2.7778,0.4363
B000LKVSDM,3,2.6667,0.5345
B000LKVSR8,1,5.0,0.9921
B000LKVSVO,1,5.0,0.6022
B000LKVT0O,1,5.0,0.8928
B000LKVT1I,1,5.0,0.9263
B000LKVT6S,1,1.0,0.3612
B000LKVT90,1,5.0,0.9062
B000LKVTB8,1,5.0,0.7717
B000LKVTCW,3,4.0,0.7675
B000LKW1DS,1,5.0,0.2484
B000LKWRXW,1,5.0,0.9607
B000LKWSG8,4,4.5,0.8123
B000LKWTJY,1,4.0,-0.25
B000LKWTY4,4,4.0,0.8888
B000LKWUXE,8,4.0,0.5899
B000LKWVFQ,9,4.1111,0.8077
B000LKWVGU,1,4.0,0.9853
B000LKWW1O,1,5.0,0.7436
B000LKWWDW,2,5.0,0.9866
B000LKWWGY,1,5.0,0.8779
B000LKWWLY,3,5.0,0.8598
B000LKWXA4,1,5.0,0.5829
B000LKWXMM,1,5.0,0.7964
B000LKWXRM,8,4.75,0.773
B000LKWXT0,4,3.75,0.7396
B000LKWXZ4,5,5.0,0.8753
B000LKX01K,3,4.3333,0.7241
B000LKX0HY,2,5.0,0.8064
B000LKX0WY,1,2.0,0.7881
B000LKX12I,1,1.0,-0.6292
B000LKX1F0,1,4.0,0.8625
B000LKX1HI,2,3.0,0.3152
B000LKX1LY,1,5.0,0.6808
B000LKX1SW,1,3.0,-0.0258
B000LKX1WI,3,1.6667,0.3923
B000LKX4FW,5,4.4,0.8615
B000LKX4IO,1,5.0,0.9001
B000LKX4JI,5,4.4,0.939
B000LKX4W0,2,5.0,0.6917
B000LKX4ZC,1,5.0,0.8885
B000LKX53S,4,4.75,0.8232
B000LKX682,1,5.0,0.9231
B000LKX6GY,2,4.5,0.919
B000LKX6K0,2,4.5,0.9644
B000LKX6R8,2,5.0,0.7386
B000LKX6RS,1,4.0,0.6369
B000LKX6SW,2,5.0,0.9178
B000LKX8YE,1,5.0,0.6697
B000LKX916,1,5.0,0.9254
B000LKXA2O,1,5.0,0.9517
B000LKXADS,5,4.8,0.6854
B000LKXAEW,2,4.0,0.6711
B000LKXBL4,44,4.0455,0.7641
B000LKXC3Q,4,4.25,0.7518
B000LKXCB8,13,3.6923,0.8453
B000LKXCD6,13,2.9231,0.6317
B000LKXDXU,3,5.0,0.8473
B000LKXF8S,2,3.5,0.3301
B000LKXFBK,3,4.3333,0.9111
B000LKXFMO,1,5.0,-0.17
B000LKXFTC,6,4.8333,0.7984
B000LKXG64,3,3.0,0.6031
B000LKXG8W,6,4.1667,0.9376
B000LKXGFU,3,4.3333,0.9643
B000LKXGKU,5,5.0,0.8836
B000LKXHUY,1,5.0,0.802
B000LKXHXQ,2,5.0,0.8659
B000LKXJEI,21,3.9524,0.6373
B000LKXJV6,1,5.0,0.7813
B000LKXJW0,6,4.8333,0.8002
B000LKXJZM,2,5.0,0.9236
B000LKXNG2,4,4.25,0.6865
B000LKXNY4,1,5.0,0.9413
B000LKXNZ8,1,1.0,0.1027
B000LKXO02,1,5.0,0.1779
B000LKXO6G,1,3.0,0.1477
B000LKXOE8,1,5.0,0.2263
B000LKXPD8,1,4.0,0.2023
B000LKXPOW,2,3.0,0.0339
B000LKXQ6O,1,4.0,0.6908
B000LKXQCS,9,3.0,0.6161
B000LKXQIM,2,5.0,0.8098
B000LKXQJQ,1,5.0,0.926
B000LKXQRS,2,1.0,0.8846
B000LKXRC2,1,5.0,0.936
B000LKXRIQ,2,3.0,0.8512
B000LKXRNG,2,4.0,0.8254
B000LKXRPY,2,5.0,0.2108
B000LKXRU4,1,5.0,0.8765
B000LKXRUO,1,4.0,0.8591
B000LKXRV8,1,5.0,0.9902
B000LKXRW2,9,4.6667,0.687
B000LKXRWC,1,5.0,0.802
B000LKXZI8,2,4.5,0.7706
B000LKXZKQ,2,5.0,0.934
B000LKYLH2,1,5.0,0.8586
B000LKYM12,1,5.0,0.8074
B000LKYNLG,2,3.5,0.497
B000LKYNXO,1,3.0,-0.9168
B000LKYO06,1,5.0,0.9231
B000LKYO2Y,1,5.0,0.9552
B000LKYPR8,1,5.0,0.9578
B000LKYPSW,2,4.5,0.8656
B000LKYQGS,1,5.0,0.7783
B000LKYQJ0,3,3.6667,0.5082
B000LKYQPO,1,5.0,0.9658
B000LKYRVC,1,4.0,0.9552
B000LKYRXK,4,5.0,0.8276
B000LKYS66,1,5.0,0.9851
B000LKYSAM,1,5.0,0.8402
B000LKYSOI,1,5.0,0.9545
B000LKYSPW,1,5.0,0.9001
B000LKYTOM,1,5.0,0.961
B000LKYTRY,2,5.0,0.952
B000LKYU5A,2,5.0,0.9513
B000LKYU9G,1,5.0,0.8555
B000LKYUAU,1,5.0,0.3182
B000LKYUN2,1,5.0,0.9118
B000LKYUOQ,1,5.0,0.7351
B000LKYV04,1,4.0,0.9747
B000LKYV22,1,1.0,-0.1689
B000LKYVJU,1,4.0,-0.1531
B000LKYWCG,2,4.0,0.0782
B000LKYWXA,1,4.0,0.9672
B000LKYWZI,6,3.8333,0.4871
B000LKYX48,10,3.9,0.8373
B000LKYX5C,1,2.0,0.7884
B000LKYXUC,1,2.0,-0.0772
B000LKYY6A,3,4.0,0.6927
B000LKYYBU,4,5.0,0.8875
B000LKYYMO,1,3.0,0.9501
B000LKYYT2,5,4.2,0.8408
B000LKYZDW,4,5.0,0.7935
B000LKZ0R2,7,5.0,0.7453
B000LKZ2SY,2,4.5,0.944
B000LKZ3GA,20,3.65,0.729
B000LKZ3I8,8,3.375,0.4067
B000LKZ3Q0,3,5.0,0.8979
B000LKZ4W8,1,5.0,0.5267
B000LKZ5XQ,13,4.0,0.8717
B000LKZ61W,8,4.0,0.6559
B000LKZ6EE,1,2.0,0.7906
B000LKZ7KC,7,3.8571,0.6782
B000LKZ7MA,2,5.0,0.94
B000LKZ7OI,5,4.2,0.3027
B000LKZ84C,6,5.0,0.5844
B000LKZ84W,2,5.0,0.8036
B000LKZ86K,8,4.375,0.8054
B000LKZ8B0,1,5.0,0.0
B000LKZ8RY,2,3.5,0.0395
B000LKZ8U6,1,5.0,0.9403
B000LKZ90A,3,5.0,0.8024
B000LKZ91Y,1,4.0,0.9531
B000LKZ93W,6,5.0,0.7449
B000LKZ94G,1,4.0,0.977
B000LKZ9IC,8,4.0,0.7987
B000LKZ9JG,3,5.0,0.8619
B000LKZ9KK,1,5.0,0.8908
B000LKZ9OQ,1,5.0,0.9825
B000LKZ9Q4,2,3.0,0.7392
B000LKZ9UA,2,5.0,0.906
B000LKZ9WS,1,1.0,0.6494
B000LKZA1I,16,3.9375,0.6537
B000LKZABI,3,5.0,0.8093
B000LKZAF4,1,5.0,0.9569
B000LKZB4Y,3,4.0,0.6962
B000LKZBI0,1,5.0,0.8957
B000LKZCPC,3,4.3333,0.8809
B000LKZCQQ,6,5.0,0.8678
B000LKZD4W,25,4.04,0.814
B000LKZDO2,6,3.6667,0.682
B000LKZDTW,5,2.6,0.4923
B000LKZEO6,6,2.8333,0.2084
B000LKZEP0,1,5.0,0.9118
B000LKZGNA,1,1.0,0.822
B000LKZGXK,3,4.6667,0.2076
B000LKZI60,1,5.0,0.6369
B000LKZJTG,2,5.0,0.8368
B000LKZK1S,1,5.0,0.9648
B000LKZK36,12,2.5833,0.4166
B000LKZK7C,2,3.0,0.3917
B000LKZK90,1,1.0,0.8225
B000LKZKM2,1,5.0,0.8934
B000LKZL76,8,4.75,0.809
B000LKZLCQ,7,4.1429,0.8196
B000LKZLJY,2,3.0,0.7234
B000LKZLQW,1,5.0,0.8316
B000LKZTOQ,1,4.0,0.0
B000LKZTR8,1,5.0,0.2975
B000LKZTSC,1,5.0,0.1027
B000LL0R92,9,2.7778,0.5101
B000LL0RB0,1,5.0,0.8591
B000LL0RC4,2,3.5,0.6793
B000LL0RE2,1,5.0,0.7493
B000LL0REC,1,5.0,0.659
B000LL0RFQ,4,4.5,0.8893
B000LL0RHE,2,3.5,0.5811
B000LL0RKG,8,4.375,0.6379
B000LL0ZIK,1,5.0,0.9249
B000LL27UY,1,5.0,0.9694
B000LL3PO6,4,3.25,0.61
B000LLHOA2,3,3.0,-0.1202
B000LLHQAA,1,5.0,0.8946
B000LLHQW8,1,5.0,0.8625
B000LLHRU4,1,1.0,0.9555
B000LLIUVO,1,5.0,0.908
B000LLIVKO,1,5.0,0.6444
B000LLIVO0,1,5.0,0.802
B000LLIX8E,1,4.0,0.9524
B000LLIYLK,1,1.0,0.9473
B000LLIYUQ,1,1.0,0.9081
B000LLK8WI,1,5.0,0.9819
B000LLK96S,1,5.0,0.8834
B000LLK9MM,1,5.0,0.8934
B000LLKB8Y,1,5.0,0.9532
B000LLKBN4,1,5.0,0.9705
B000LLKCBK,1,5.0,0.9349
B000LLKCV0,2,5.0,0.8224
B000LLM8DU,1,4.0,0.836
B000LLM98Y,1,3.0,0.5719
B000LLMALU,1,5.0,0.5423
B000LLMATM,1,1.0,0.5719
B000LLMAVA,2,5.0,0.9572
B000LLMAVU,2,4.5,0.9122
B000LLS410,1,5.0,0.8824
B000LLTJB4,3,5.0,0.3492
B000LLTY1O,1,5.0,0.5267
B000LLXBK4,1,3.0,0.886
B000LNC3YM,1,5.0,0.8779
B000LNUML8,1,5.0,0.9101
B000LNWIVU,4,2.75,0.3914
B000LO25RG,3,4.6667,0.7914
B000LO40AG,11,4.9091,0.553
B000LOAN66,4,5.0,0.1235
B000LP8CHM,2,4.5,0.6155
B000LPJSCA,1,5.0,0.8892
B000LQHP56,1,1.0,0.7351
B000LQHP6A,1,3.0,0.7783
B000LQHWVS,1,4.0,0.8074
B000LQHWYK,1,5.0,0.8072
B000LQJ644,1,3.0,0.8074
B000LQJ658,3,5.0,0.5734
B000LQJ6DK,4,5.0,0.6257
B000LQJ6UI,1,5.0,0.8316
B000LQJDK6,2,4.0,0.7134
B000LQJFYK,1,5.0,0.9661
B000LQJG9O,1,5.0,0.8979
B000LQJJQE,1,5.0,0.6705
B000LQJK0E,3,4.3333,0.2784
B000LQJKEU,1,4.0,0.9493
B000LQJKI6,4,4.5,0.7445
B000LQJKPE,1,5.0,0.6597
B000LQJKU4,1,4.0,0.9745
B000LQJL2Q,1,1.0,0.9337
B000LQJL6M,2,5.0,0.9104
B000LQJT1O,5,3.8,0.862
B000LQJT1Y,3,4.6667,0.9085
B000LQJT3C,2,5.0,0.9186
B000LQJT5A,3,4.3333,0.8525
B000LQJT5K,6,3.8333,0.4983
B000LQL9SK,1,5.0,0.9503
B000LQLGHE,1,5.0,0.9623
B000LQLGTW,1,2.0,0.9815
B000LQLHCS,1,5.0,0.4588
B000LQLMVY,4,4.75,0.8335
B000LQLMY6,1,3.0,0.4404
B000LQLNRM,1,5.0,0.946
B000LQLO1W,1,5.0,0.9571
B000LQLO76,1,5.0,0.9217
B000LQLV3S,11,4.8182,0.8759
B000LQLV56,1,3.0,0.4404
B000LQLV6U,4,4.0,0.3487
B000LQLV7E,10,4.4,0.627
B000LQMXF8,1,5.0,0.9153
B000LQMXRG,1,5.0,0.8807
B000LQN53C,1,5.0,0.128
B000LQN5MI,1,5.0,0.9545
B000LQN5TQ,1,5.0,0.8519
B000LQN5UA,1,5.0,0.6962
B000LQN67W,1,5.0,0.7533
B000LQN69K,1,5.0,0.8176
B000LQNB8G,1,5.0,0.946
B000LQNBUE,1,5.0,0.875
B000LQNBYA,3,4.6667,0.904
B000LQNC8A,1,5.0,0.5994
B000LQNCEE,4,5.0,0.868
B000LQNCRG,1,5.0,0.3818
B000LQNCY4,1,5.0,0.9828
B000LQNK50,13,3.9231,0.702
B000LQNK5A,7,4.7143,0.7334
B000LQNK5U,4,3.75,0.6588
B000LQNK6E,4,5.0,0.5043
B000LQNK6Y,2,3.5,0.3488
B000LQNK7S,1,5.0,0.8481
B000LQNK96,2,3.5,0.3184
B000LQOCH0,1,4.0,0.8532
B000LQOI8S,1,5.0,0.9468
B000LQOIII,1,4.0,0.8258
B000LQOIJC,2,3.0,0.4762
B000LQOIOW,1,1.0,0.8885
B000LQOIP6,1,4.0,0.9944
B000LQOJ32,2,3.5,0.9472
B000LQOJ6E,1,5.0,0.9083
B000LQOJAA,1,5.0,0.1779
B000LQORDE,32,4.6562,0.8256
B000LQORES,3,5.0,0.9481
B000LQORIY,2,5.0,0.714
B000LQORJS,9,4.4444,0.7656
B000LQPI00,2,5.0,0.9373
B000LQTTVY,1,5.0,0.9329
B000LR0KZC,1,5.0,0.91
B000LR0LXI,1,4.0,0.915
B000LR0M00,1,4.0,0.91
B000LR0M1E,2,2.5,0.8132
B000LR0M6O,1,5.0,0.765
B000LR0P9I,1,3.0,0.9901
B000LR2OTW,1,4.0,0.915
B000LR2OZQ,1,4.0,0.743
B000LR2PDM,2,4.5,0.4501
B000LR2R94,1,4.0,0.9989
B000LR4E6I,1,1.0,0.6575
B000LR4F7Q,3,5.0,0.8925
B000LR4FGC,1,5.0,0.9282
B000LR4FHG,1,1.0,0.8834
B000LR4FNU,1,5.0,0.765
B000LR4FWG,1,5.0,0.9601
B000LR4ROM,1,5.0,0.8591
B000LR7PAK,1,5.0,0.91
B000LR7PD2,1,5.0,0.91
B000LR7PF0,1,5.0,0.9231
B000LR7QEK,1,4.0,0.915
B000LR7QHW,3,3.3333,0.4813
B000LR7QMM,2,4.5,0.9191
B000LR7QNQ,1,1.0,0.8834
B000LR7QOA,1,4.0,0.743
B000LR7QRM,1,2.0,-0.2732
B000LR7SZM,1,1.0,-0.1027
B000LR7V22,1,1.0,-0.6801
B000LR7W1M,1,5.0,0.872
B000LR81NU,1,4.0,0.34
B000LRE2MO,1,5.0,0.836
B000LRFVHE,5,5.0,0.6325
B000LRFWHS,1,5.0,0.9201
B000LRFWN2,1,5.0,0.8442
B000LRFWRS,1,5.0,0.7269
B000LRFXOA,1,5.0,0.5719
B000LRFY7Q,1,5.0,0.9136
B000LRFYDU,1,5.0,0.9927
B000LRFYVC,5,3.8,0.1299
B000LRFZ1Q,1,4.0,0.9792
B000LRFZFC,1,5.0,0.5423
B000LRFZIY,1,5.0,0.7845
B000LRFZJ8,1,2.0,0.7278
B000LRFZW0,1,4.0,0.861
B000LRG04C,1,5.0,0.6249
B000LRG0JW,1,5.0,0.6597
B000LRG0W4,1,5.0,0.836
B000LRG196,1,5.0,0.969
B000LRGXLC,1,1.0,0.5859
B000LRH3XY,1,1.0,0.4588
B000LRH4JW,1,5.0,0.7496
B000LRH4LU,1,5.0,0.7648
B000LRH4MO,1,3.0,0.6369
B000LRH4V0,1,1.0,0.8692
B000LRH50U,3,4.0,0.6356
B000LRH57I,1,5.0,0.8016
B000LRH58W,3,2.3333,0.3264
B000LRH5DM,1,5.0,0.8908
B000LRH5WS,1,2.0,-0.0258
B000LRH61I,1,2.0,0.5994
B000LRH640,1,5.0,0.9501
B000LRH6DQ,3,5.0,0.8911
B000LRH726,1,5.0,0.979
B000LRH780,1,5.0,0.9748
B000LRH7GC,2,4.5,0.8042
B000LRH7HG,1,3.0,0.6244
B000LRH7SU,1,1.0,0.25
B000LRH80W,1,5.0,0.6369
B000LRH8V6,2,3.0,0.1444
B000LRH9EC,1,5.0,0.9313
B000LRH9GK,1,5.0,0.9586
B000LRH9GU,1,5.0,0.5994
B000LRH9SI,1,1.0,-0.128
B000LRHMQW,1,5.0,0.9169
B000LRIFU4,2,5.0,0.7404
B000LRIG3K,1,5.0,0.991
B000LRIGBM,1,1.0,-0.4019
B000LRIGE4,2,4.5,0.6252
B000LRIGJE,2,5.0,0.964
B000LRIGNK,1,5.0,0.8923
B000LRIH3O,1,5.0,0.9001
B000LRIH4I,1,4.0,0.8934
B000LRII9M,1,1.0,0.7269
B000LRIIA6,1,3.0,0.7906
B000LRIIC4,1,5.0,0.807
B000LRIIYW,1,5.0,0.0516
B000LRIJ3W,1,4.0,0.9694
B000LRIJ82,2,3.0,0.3038
B000LRIJC8,1,3.0,0.9405
B000LRIJPK,1,4.0,0.8316
B000LRIJVE,2,5.0,0.9354
B000LRIKUE,2,5.0,0.8314
B000LRIKXG,1,4.0,0.34
B000LRIKZY,1,5.0,0.8807
B000LRIL3U,2,5.0,0.9256
B000LRILJE,2,5.0,0.7715
B000LRILNK,1,2.0,0.5994
B000LRKLTW,2,5.0,0.2063
B000LRKLUQ,1,5.0,0.9413
B000LRKM0A,1,1.0,-0.0516
B000LRKM1O,1,5.0,0.8689
B000LRKM5K,1,2.0,-0.8885
B000LRKM96,1,3.0,0.3182
B000LRKMNC,1,5.0,0.9349
B000LRKMQE,1,5.0,0.9477
B000LRKN72,1,5.0,0.1139
B000LRKO1C,1,5.0,0.6543
B000LRKO8K,2,5.0,0.7814
B000LRKO9E,3,5.0,0.7
B000LRKOIA,1,5.0,0.9501
B000LRKOQ2,1,5.0,0.4404
B000LRKOWG,2,5.0,0.6422
B000LRKPCK,1,4.0,-0.2023
B000LRKQJW,1,5.0,0.8934
B000LRKQQA,1,5.0,0.6808
B000LRKR1E,1,5.0,0.9438
B000LRKR1O,1,5.0,0.6808
B000LRO5O4,7,4.1429,0.6765
B000LSIUOE,1,3.0,-0.4168
B000LSJKSY,1,5.0,0.9162
B000LSUOZW,2,2.0,-0.076
B000LSW56I,1,5.0,0.5413
B000LSZBKK,1,5.0,0.836
B000LT0SK2,3,2.6667,0.3622
B000LT0STS,14,3.2857,0.4096
B000LTIDR2,6,4.0,0.796
B000LTKYP6,1,5.0,0.9477
B000LTLJU0,1,5.0,0.9658
B000LTM29M,2,5.0,0.8196
B000LTNZ02,1,3.0,0.6705
B000LTO55Q,2,5.0,0.9218
B000LTTBW8,1,1.0,-0.765
B000LU146S,2,1.5,0.7423
B000LU8WD6,1,1.0,0.3612
B000LUC9DK,1,5.0,0.7964
B000LUP6LW,1,3.0,0.802
B000LURXOU,1,5.0,0.9769
B000LVM40M,1,4.0,0.8278
B000LVM4EI,1,5.0,0.9062
B000LVQK0W,2,5.0,0.0006
B000LVTWLG,1,2.0,0.5456
B000LWMOCE,1,5.0,0.4767
B000LXB9TC,2,5.0,0.9048
B000LXVFDC,1,5.0,0.9313
B000LZ1SAA,1,1.0,-0.8419
B000LZJPRS,1,5.0,0.8885
B000LZYV40,1,5.0,0.9506
B000M0ETJ6,1,5.0,0.8687
B000M0F58U,34,4.5294,0.619
B000M0ONJM,1,5.0,0.836
B000M15XPY,1,1.0,-0.8225
B000M1HQFY,2,3.5,0.5679
B000M1UF8E,1,4.0,0.9288
B000M2UNG2,4,4.5,0.8386
B000M2W0JA,1,5.0,0.9923
B000M2Y0HA,2,1.5,0.408
B000M36L9E,2,3.5,0.7318
B000M3J9VQ,4,5.0,0.6791
B000M4E5XC,1,5.0,-0.2732
B000M4EY42,1,5.0,0.0
B000M4GQRK,1,1.0,-0.7783
B000M5JUC2,1,2.0,0.3818
B000M5NOPQ,1,5.0,0.7902
B000M5QO30,1,3.0,0.9682
B000M5TTHI,3,5.0,0.9284
B000M5U684,1,5.0,0.9478
B000M5XMYY,1,5.0,0.9186
B000M5Y3BK,1,5.0,0.7717
B000M646KM,5,3.2,0.2201
B000M66G7S,1,5.0,0.875
B000M6CTZG,3,4.3333,0.8938
B000M6EP1M,1,4.0,0.9726
B000M6EP1W,1,5.0,0.9839
B000M6WIHU,1,1.0,0.9371
B000M7N0US,1,5.0,0.9349
B000M7NH8I,1,5.0,0.999
B000M7OWLE,1,5.0,0.8885
B000M7S6A2,2,4.5,0.9751
B000M7TH46,2,5.0,0.8738
B000M80VGS,1,5.0,0.9022
B000M8GBDK,3,4.0,0.8544
B000M8O0ME,1,3.0,-0.4015
B000M8O0MY,1,2.0,0.5859
B000M8O0NS,1,3.0,0.9371
B000M8XRFU,2,5.0,0.9419
B000M9JKCI,1,4.0,0.8777
B000M9LRPQ,1,2.0,0.8942
B000M9LRSI,1,5.0,0.9747
B000M9LRTC,1,5.0,0.9246
B000M9LRWO,1,2.0,0.4588
B000M9N1KK,2,5.0,0.7869
B000M9N1L4,1,4.0,0.8979
B000M9N1N2,1,1.0,-0.575
B000M9N1NW,2,5.0,0.9531
B000M9O5RI,2,4.5,0.7842
B000M9OE5G,1,4.0,0.8126
B000M9OE6K,2,3.5,0.8132
B000M9QA3U,1,2.0,0.6403
B000M9SD8K,2,3.5,0.8132
B000MAK3R8,1,5.0,0.7906
B000MAK3UA,5,4.4,0.6241
B000MAK3UK,6,3.3333,0.8408
B000MAK41I,2,5.0,0.9244
B000MALTCQ,1,1.0,-0.4588
B000MAM146,1,5.0,0.9153
B000MAM1KK,2,5.0,0.1746
B000MANBVS,1,5.0,0.5683
B000MANI4S,9,2.2222,0.5924
B000MANI5M,1,2.0,0.0
B000MANI6Q,1,5.0,0.8807
B000MANIMK,1,4.0,0.872
B000MAOJDW,3,3.6667,0.3228
B000MAOJO6,4,5.0,0.7961
B000MAOW3O,1,5.0,0.5423
B000MBN5TK,1,5.0,0.8979
B000MBRX6G,1,2.0,0.9883
B000MBTFKS,1,1.0,0.3612
B000MBZGBA,1,4.0,0.4033
B000MBZGC4,3,5.0,0.8898
B000MBZGCY,1,5.0,0.4927
B000MC2SR4,3,4.0,0.1487
B000MC8J1S,1,5.0,0.9907
B000MCXASA,1,1.0,0.4939
B000MD3O4O,4,4.0,0.5792
B000MD44T8,1,5.0,0.7269
B000MD48XU,1,5.0,0.8126
B000MD5TS8,1,5.0,0.5719
B000MD92C2,2,5.0,0.8288
B000MD92DG,1,3.0,0.886
B000MDAT2E,3,4.6667,0.7833
B000MDCDJ6,4,4.75,0.8015
B000MDCDJG,1,5.0,0.8515
B000MDCDOG,1,5.0,0.9785
B000MDHHGU,3,3.6667,0.6301
B000MDHHOC,1,5.0,0.9916
B000MF4CKM,1,5.0,0.7351
B000MFAOQ8,1,5.0,0.9758
B000MFJLZS,1,4.0,0.8934
B000MGOYH2,1,1.0,-0.4767
B000MGOZEO,12,4.4167,0.7451
B000MGOZF8,1,5.0,0.5106
B000MGR2XK,1,5.0,0.999
B000MGSJ5A,1,5.0,0.9256
B000MGSRBG,2,4.5,0.4593
B000MGWEZQ,8,4.375,0.4843
B000MGWIH0,10,4.4,0.773
B000MGXEL4,1,5.0,0.8591
B000MGZRVY,2,4.5,0.3918
B000MHCDS8,1,4.0,0.9489
B000MIAORE,1,5.0,0.9081
B000MIAOV0,2,2.0,0.0501
B000MIAOWE,5,4.8,0.8616
B000MIAOYC,3,5.0,0.7904
B000MICN9G,3,5.0,0.4434
B000MICPOY,3,4.3333,0.8209
B000MICPSA,9,3.6667,0.5573
B000MICPUI,6,2.1667,0.3809
B000MICPWQ,2,5.0,0.8645
B000MIDRKA,1,5.0,0.9904
B000MIDRMS,1,3.0,0.8271
B000MIDRNW,4,3.75,0.6125
B000MIDROQ,3,3.6667,0.8797
B000MIDVAG,2,3.5,0.7687
B000MIFRY4,5,3.2,0.7063
B000MIFS1G,1,2.0,0.4939
B000MIFS3Y,2,4.5,0.7082
B000MIFS5M,4,3.75,0.6347
B000MIR7ME,2,4.5,0.3348
B000MIT6U0,2,2.5,0.6988
B000MIT6VO,1,5.0,0.9794
B000MITDDK,1,5.0,0.5908
B000MJKTYG,1,5.0,0.9882
B000MJU090,1,5.0,0.9457
B000MK55VC,1,5.0,0.9923
B000MK6C28,1,2.0,0.7964
B000MKA6ZC,2,3.0,0.9528
B000MKA832,1,1.0,0.5239
B000ML4IUU,1,5.0,0.8591
B000ML4SFA,1,5.0,0.9716
B000ML8DBA,2,3.0,0.3534
B000MLG4K2,3,4.6667,0.7646
B000MLHU3M,1,5.0,0.9559
B000MLIZ22,1,5.0,0.9559
B000MLT5RG,2,4.5,0.4232
B000MM4SB8,1,5.0,0.3185
B000MM6QZ4,2,4.0,0.5279
B000MM6R1M,2,5.0,0.9708
B000MME6ZQ,2,3.5,0.6236
B000MMIWV0,1,5.0,0.8313
B000MMO8W2,10,4.3,0.6467
B000MN0NSE,1,5.0,0.9442
B000MN2EZY,1,5.0,0.7939
B000MN4JZW,1,5.0,0.7717
B000MN4Z38,2,5.0,0.9494
B000MN614Y,4,5.0,0.8792
B000MN6Y46,2,4.5,0.9042
B000MN910K,3,5.0,0.828
B000MNNELC,2,5.0,0.7241
B000MNRC1K,5,4.6,0.7373
B000MNRLLG,1,5.0,0.9337
B000MNSTI0,1,4.0,0.8555
B000MNT1FU,1,1.0,0.8689
B000MNUQZE,1,5.0,0.7096
B000MNWYZE,3,4.3333,0.4253
B000MO6724,1,5.0,0.836
B000MOB454,1,5.0,0.7579
B000MOCUKW,3,4.3333,0.8137
B000MOEUMS,3,4.3333,0.4282
B000MOEUNC,2,4.0,0.7309
B000MOGQI4,1,3.0,0.9287
B000MOGV0C,8,3.75,0.7027
B000MOLJMC,1,2.0,0.4404
B000MON1HI,1,5.0,0.6249
B000MP08VO,1,5.0,-0.0335
B000MP53G4,2,3.5,0.6027
B000MP84MO,2,3.0,0.2058
B000MPDRWQ,1,3.0,-0.6486
B000MPDRX0,2,4.5,0.9567
B000MPFJAO,1,2.0,0.5106
B000MPOF4K,1,5.0,0.984
B000MPOG0I,1,5.0,0.8957
B000MPOHQG,1,5.0,0.3612
B000MPQ4Q2,1,5.0,0.9741
B000MPRP3I,1,5.0,0.6597
B000MPRP3S,2,5.0,0.9164
B000MPRP4C,2,5.0,0.981
B000MQ5SWW,1,5.0,0.9857
B000MQ60LK,2,4.5,0.8693
B000MQHXRA,2,3.0,0.0543
B000MQSJB4,1,5.0,0.765
B000MQVM5O,2,5.0,0.6998
B000MR2PKO,1,5.0,0.8625
B000MREE4Y,1,5.0,0.8074
B000MRI24M,1,5.0,0.8885
B000MRR12Q,1,5.0,0.8658
B000MRTSB8,5,4.8,0.9566
B000MRU0PQ,2,5.0,0.8648
B000MS07ZS,2,5.0,0.7545
B000MS3YI0,1,5.0,0.8126
B000MS3YIA,1,5.0,0.9042
B000MS5MY4,1,5.0,0.8126
B000MS69WS,1,5.0,0.9136
B000MS6CK2,1,5.0,0.9516
B000MS798G,3,3.6667,0.2814
B000MS83LI,1,5.0,0.9915
B000MS918C,1,1.0,0.3612
B000MS9AJC,1,5.0,0.7351
B000MSFC9E,1,4.0,0.9973
B000MSFL9K,2,5.0,0.96
B000MSISQS,1,4.0,0.9844
B000MSQ9FK,1,4.0,0.7841
B000MSQ9G4,1,5.0,0.3612
B000MSS6C4,1,4.0,0.7003
B000MSXFWA,3,5.0,0.823
B000MT1QBG,4,4.5,0.4959
B000MT27XM,1,5.0,0.8442
B000MT4HVC,1,5.0,0.9349
B000MT4HWG,10,4.4,0.6773
B000MT5194,2,3.5,0.503
B000MT5F5O,2,4.0,0.8262
B000MT5GAI,1,1.0,0.6249
B000MT65OE,3,4.0,0.8391
B000MT6K6W,1,5.0,0.9655
B000MT8G64,3,3.6667,0.8137
B000MT9BH2,1,5.0,0.8591
B000MTA1EY,6,4.3333,0.3802
B000MTM0WK,5,4.4,0.4692
B000MTMQYW,1,2.0,0.7283
B000MTO5J6,1,5.0,0.9022
B000MTQIXM,2,4.0,0.9166
B000MTST70,5,3.8,0.7424
B000MTTLZ4,1,5.0,0.9628
B000MTU2DY,2,5.0,0.9318
B000MTY01Y,1,4.0,-0.5849
B000MUCEMU,1,5.0,0.9798
B000MUJPCC,1,5.0,0.6808
B000MUK2P6,1,5.0,0.3818
B000MUNUWI,2,1.5,0.5148
B000MUNXL6,1,1.0,0.5859
B000MUPCEW,1,5.0,0.936
B000MURJQG,2,3.5,0.951
B000MUT900,1,5.0,0.5106
B000MUT928,1,5.0,0.8658
B000MUU22O,1,5.0,0.9819
B000MUVBY2,1,5.0,0.5559
B000MUVBYW,1,5.0,0.9912
B000MVGVY6,5,4.4,0.4779
B000MVIGSK,2,5.0,0.8357
B000MVQQO6,2,2.5,0.7964
B000MW1MD0,2,3.5,0.9472
B000MW6JXI,4,4.5,0.7573
B000MWEXTK,4,5.0,0.5878
B000MWF93Y,2,5.0,0.9325
B000MWFJAM,1,4.0,0.5719
B000MWYAMU,8,2.75,0.3055
B000MX469G,2,5.0,0.967
B000MXEN7Q,4,4.0,0.7754
B000MXEN8K,1,5.0,0.9928
B000MXEN9O,10,4.3,0.6779
B000MXEN9Y,2,5.0,0.7497
B000MXENCG,3,3.6667,0.422
B000MXENDK,2,4.0,0.8536
B000MXENE4,2,5.0,0.9454
B000MXENG2,2,5.0,0.8228
B000MXGMCK,2,4.0,0.9409
B000MXGMFM,5,4.0,0.7187
B000MXGMHA,2,3.0,0.8522
B000MXGMI4,1,5.0,0.9574
B000MXGMIE,1,5.0,0.9868
B000MXGMJI,5,4.6,0.7523
B000MXHQQ6,4,3.25,0.7148
B000MXHQR0,9,3.4444,0.5778
B000MXHQS4,5,3.0,0.3215
B000MXHQTS,11,4.8182,0.8005
B000MXHQW0,3,5.0,0.7102
B000MXHQXO,1,5.0,0.6133
B000MXHQZW,5,5.0,0.8694
B000MXHR0G,2,5.0,0.508
B000MXHR1K,2,5.0,0.8759
B000MXHR24,4,5.0,0.7408
B000MXJR40,4,4.25,0.8109
B000MXJR4K,5,2.4,0.622
B000MXJR54,5,2.2,-0.1594
B000MXJR5Y,7,3.5714,0.5365
B000MXJR68,12,4.25,0.6422
B000MXJR72,6,3.3333,0.613
B000MXJR7C,6,4.0,0.589
B000MXJR8G,1,5.0,0.8451
B000MXJR9A,2,2.5,0.1713
B000MXTMXG,1,5.0,0.9545
B000MXVF86,1,5.0,0.8519
B000MXVFWM,1,5.0,0.8221
B000MXVIZG,1,1.0,0.7579
B000MXWWGU,1,4.0,0.9743
B000MXWXD2,2,4.0,0.7345
B000MXX04S,2,5.0,0.6978
B000MXYT0W,4,5.0,0.8656
B000MY5NW4,1,4.0,0.8349
B000MYFXG0,1,5.0,0.8885
B000MYJOR4,1,4.0,0.9245
B000MYW2ZA,4,4.0,0.2668
B000N0EZX0,1,5.0,0.93
B000N0T30K,1,5.0,0.3612
B000N0Y4EA,2,4.5,0.7803
B000N0Z0TS,2,5.0,0.9627
B000N1662M,2,5.0,0.8934
B000N17T4G,2,4.0,0.8584
B000N1AJ2A,2,4.0,0.0434
B000N1EP3O,1,5.0,0.9287
B000N2848K,1,5.0,0.6597
B000N2TLSW,1,5.0,0.8689
B000N2VR48,3,4.6667,0.727
B000N2XM4Q,6,4.0,0.7441
B000N2YY7U,1,5.0,0.9618
B000N30EBY,3,4.0,0.8383
B000N30EC8,5,4.6,0.8714
B000N32Z4I,2,5.0,0.8788
B000N33NSA,9,3.6667,0.8627
B000N33NSU,5,4.2,0.8843
B000N33SIU,2,5.0,0.9302
B000N351IA,2,4.5,0.8937
B000N351WQ,6,5.0,0.9158
B000N3528O,1,4.0,0.9612
B000N36F9E,1,5.0,0.9081
B000N36U44,1,5.0,0.5267
B000N36VB6,1,3.0,0.6348
B000N38LL4,1,5.0,0.8927
B000N38M8Q,1,5.0,-0.1531
B000N3DSL2,2,4.5,0.3217
B000N425II,1,5.0,0.128
B000N42A0G,4,4.25,0.4783
B000N43JHY,2,4.0,0.9407
B000N448HE,5,4.4,0.8578
B000N47ZXS,2,3.5,0.056
B000N49OWS,3,5.0,0.5913
B000N4K7MO,1,5.0,0.8779
B000N4LS04,1,5.0,0.9134
B000N4LSLI,1,4.0,0.6705
B000N4M6XC,3,4.0,0.5381
B000N4O388,2,3.0,0.6457
B000N4O8OC,1,5.0,0.0
B000N4VBUG,1,5.0,0.4215
B000N4WO5W,1,5.0,0.8625
B000N4WWS6,2,5.0,0.889
B000N4X47Y,1,5.0,0.8885
B000N4XIIY,2,4.0,0.6932
B000N4YJQY,2,4.0,0.7138
B000N4ZBTI,1,5.0,0.7184
B000N542KQ,2,5.0,0.9192
B000N543Y6,1,1.0,-0.7506
B000N55TC6,3,3.6667,0.8585
B000N55TP8,1,1.0,-0.1513
B000N55YQW,1,5.0,0.9136
B000N56UII,1,5.0,-0.4939
B000N5988C,3,5.0,0.5448
B000N5BNN0,3,4.6667,0.5179
B000N5MTUQ,1,5.0,0.9814
B000N5X4B4,3,4.3333,0.6616
B000N5XCPM,5,4.2,0.1151
B000N5XCWA,1,5.0,0.5267
B000N5XCXO,2,3.0,0.8203
B000N5XCYS,1,5.0,0.7951
B000N5XD3S,1,1.0,-0.4019
B000N5XZMW,1,4.0,0.6115
B000N5YXXC,1,4.0,0.7003
B000N5Z5YI,2,3.0,0.0859
B000N5ZHNW,1,2.0,0.0
B000N625Q8,1,5.0,0.8969
B000N62E46,1,5.0,0.9169
B000N62E4G,2,5.0,0.7518
B000N62E9G,1,3.0,0.9918
B000N62EKK,2,3.0,0.7048
B000N63ZJE,2,4.5,0.9023
B000N648JU,5,4.0,0.5459
B000N648KE,1,3.0,0.9477
B000N648QS,1,5.0,0.7096
B000N648YK,4,2.5,0.3286
B000N6BS8O,2,3.0,0.0184
B000N7NQPG,1,5.0,0.9521
B000N7VVKI,2,3.0,0.1414
B000N8CXQS,1,5.0,0.8625
B000N8EV8G,1,5.0,0.875
B000N8FGLC,4,4.0,0.8011
B000N8GL1Q,1,5.0,0.9723
B000N8IZFG,2,4.0,0.6501
B000N8JT6U,1,5.0,0.8789
B000N8MPUW,1,5.0,0.902
B000N8MTK8,1,5.0,0.5574
B000N8N45W,9,3.6667,0.4248
B000N8N7K4,3,4.6667,0.5402
B000N8OLCC,1,3.0,-0.5722
B000N8OPFA,2,3.0,0.5584
B000N8OUVY,2,4.5,0.8498
B000N8RCVO,1,5.0,0.9371
B000N99JMS,1,5.0,0.9022
B000N9IJQA,2,3.5,0.4259
B000N9N7I0,1,1.0,0.2732
B000N9O9VE,2,5.0,0.9097
B000N9VLJ2,1,5.0,0.8591
B000N9VPDO,1,4.0,0.4588
B000N9YF4K,2,3.0,0.4119
B000N9ZJZO,1,2.0,0.5574
B000NA0CNM,2,3.0,0.7816
B000NA9ODG,1,5.0,0.955
B000NAAGQA,2,4.5,0.8988
B000NABQXM,1,5.0,0.6586
B000NAZJOY,1,5.0,0.9913
B000NAZQLA,1,5.0,0.0
B000NB3VEI,1,5.0,0.9779
B000NB3VFM,1,5.0,0.8957
B000NB5AUG,1,4.0,0.7717
B000NBQUNW,40,4.25,0.5074
B000NBTFP2,2,4.0,0.3856
B000NBWO1E,9,4.4444,0.7342
B000NBYPEI,7,4.0,0.8361
B000NBYPFM,2,4.5,0.9528
B000NCEHX6,1,2.0,0.0
B000NCMQIE,1,3.0,0.3724
B000NCQ1VW,1,4.0,0.5719
B000NCQJ5K,1,4.0,0.9413
B000NCS2C8,1,5.0,0.4215
B000NCULCC,1,4.0,0.7203
B000NCVJK0,1,5.0,0.0
B000NCVTDM,1,5.0,0.8479
B000NCW0BC,2,5.0,0.6486
B000NCXRSM,1,5.0,0.9325
B000NCYMR2,1,5.0,0.9657
B000ND0CMK,1,5.0,0.5095
B000ND3JBG,1,5.0,0.4404
B000ND7E6M,2,3.5,0.684
B000ND7E6W,1,5.0,0.9857
B000ND7E7G,2,4.5,0.6338
B000NDHW50,1,5.0,0.9781
B000NES0G4,5,5.0,0.9118
B000NF2J4W,1,5.0,0.8834
B000NF69K2,1,5.0,0.8834
B000NF86SU,1,5.0,0.9295
B000NGNEKY,13,3.5385,0.4481
B000NGP8TY,11,4.0909,0.6117
B000NGP8UI,10,4.6,0.8136
B000NGPVQY,1,5.0,0.4215
B000NGQ9VK,13,3.8462,0.5322
B000NHSQNS,1,3.0,0.8979
B000NHXY8U,1,5.0,0.7845
B000NHYNNU,9,4.2222,0.5244
B000NHZK96,3,5.0,0.7825
B000NIC8OK,1,5.0,0.6997
B000NIFO96,20,4.4,0.5951
B000NIHZMU,2,5.0,0.6558
B000NIL5ZS,2,4.0,0.9027
B000NIMZ20,1,1.0,0.6597
B000NIP11M,1,5.0,0.25
B000NJ413A,3,4.6667,0.8419
B000NJEMFC,1,5.0,0.9729
B000NJF1UM,4,4.0,0.8816
B000NJH4KC,3,3.0,0.8161
B000NJH4KM,4,3.75,0.8027
B000NJH4KW,2,5.0,0.91
B000NKB3BM,2,5.0,0.4865
B000NKFX40,2,2.5,0.2608
B000NKFX4U,2,5.0,0.2866
B000NKFX54,3,3.0,-0.2591
B000NKFX86,2,5.0,0.6774
B000NKJM6A,1,5.0,0.8402
B000NKL6HS,1,5.0,0.8316
B000NKVYL6,1,5.0,0.9552
B000NKWGJK,1,5.0,0.9477
B000NL514Q,1,5.0,0.9726
B000NLA51A,2,4.0,0.597
B000NLJTGM,1,5.0,0.7841
B000NM1BHQ,1,2.0,0.34
B000NM1RD4,2,3.0,0.9152
B000NM8UXY,1,5.0,0.9118
B000NMCEEA,1,4.0,0.8442
B000NMCEJK,1,2.0,0.7184
B000NMCEU4,2,5.0,0.714
B000NMCFNU,1,5.0,0.8807
B000NMCHJC,1,5.0,0.8779
B000NMCJV8,1,4.0,0.3182
B000NMCOYK,8,3.75,0.8236
B000NMCP1W,1,4.0,0.5719
B000NMCPZS,2,5.0,0.8088
B000NMCQ7A,1,5.0,0.8126
B000NMCQ9S,2,3.5,0.3283
B000NMCQXO,1,4.0,0.9698
B000NMCRDI,1,5.0,0.8481
B000NMCRVK,1,5.0,0.9835
B000NMCSF0,6,4.0,0.8708
B000NMDVEW,1,1.0,-0.7923
B000NMDVUQ,1,2.0,0.2732
B000NMDW4Q,1,5.0,0.7717
B000NMDWSM,1,3.0,0.6086
B000NMDZS4,1,5.0,0.9349
B000NMDZU2,1,4.0,0.765
B000NME05Q,3,4.3333,0.764
B000NME0EM,1,5.0,0.4404
B000NME0QK,2,5.0,0.8135
B000NME60U,1,5.0,0.8481
B000NME632,5,3.2,0.5572
B000NME65K,1,5.0,0.9409
B000NME71I,1,5.0,0.7096
B000NME76I,1,5.0,0.8268
B000NME7F4,2,5.0,0.7798
B000NME80S,1,5.0,0.3671
B000NME92K,1,2.0,0.4939
B000NME9AW,1,3.0,0.0
B000NMF7E4,1,5.0,-0.2263
B000NMF7IK,2,4.5,0.864
B000NMFXAW,1,3.0,-0.3818
B000NMFXHU,1,4.0,-0.4767
B000NMFXNY,1,5.0,0.7717
B000NMFY56,1,5.0,0.9732
B000NMFYRY,1,5.0,0.2023
B000NMFZQE,1,2.0,0.5719
B000NMG0WC,2,5.0,0.5652
B000NMG17G,1,1.0,0.3612
B000NMG1DU,1,4.0,-0.1531
B000NMG1UI,1,5.0,0.5106
B000NMG2FM,1,5.0,0.7717
B000NMG2NO,2,3.0,0.551
B000NMG8GU,1,1.0,0.8316
B000NMG93W,1,4.0,0.9477
B000NMG99Q,1,5.0,0.8591
B000NMG9VO,1,5.0,0.8442
B000NMGB4E,1,3.0,-0.6369
B000NMGBAI,1,5.0,0.9432
B000NMGBWQ,1,5.0,0.8271
B000NMGC3Y,1,5.0,0.9423
B000NMH4NQ,1,5.0,0.4777
B000NMHHD8,1,5.0,0.7351
B000NMHUXU,1,5.0,0.4939
B000NMHVUM,1,5.0,0.9578
B000NMHY7W,5,4.8,0.8672
B000NMHYH2,2,5.0,0.917
B000NMHYO0,9,4.5556,0.4094
B000NMI4QM,4,3.25,0.3266
B000NMI4ZS,4,5.0,0.8918
B000NMI598,1,2.0,0.875
B000NMI5DE,1,5.0,0.9423
B000NMI5L6,1,5.0,0.9459
B000NMI6LU,2,4.0,0.8399
B000NMI6OM,1,4.0,0.9633
B000NMI7CI,1,5.0,0.8332
B000NMI7PA,1,5.0,0.9022
B000NMI7VO,2,4.0,0.3225
B000NMJ6AK,1,2.0,0.932
B000NMJWZO,108,4.8241,0.8704
B000NMK0EQ,3,5.0,0.7793
B000NMK4NI,1,1.0,-0.8141
B000NMK4O2,1,1.0,-0.2732
B000NMKCRQ,3,4.3333,0.875
B000NN5GQW,1,5.0,0.9923
B000NN5GWG,1,5.0,0.5719
B000NNB1I4,1,2.0,0.5994
B000NNB6H0,1,4.0,0.9524
B000NNCMG4,1,5.0,0.9559
B000NNEESI,1,5.0,0.9042
B000NNGIUK,2,5.0,0.9615
B000NNGOMW,1,5.0,0.9623
B000NNGQRA,1,5.0,0.9337
B000NNSCBS,1,5.0,0.9403
B000NO00HQ,1,1.0,0.4767
B000NO5CC4,1,5.0,0.9723
B000NO5CJW,1,5.0,0.8667
B000NO5CRY,1,5.0,0.9493
B000NO72EU,1,5.0,0.6214
B000NO72RC,1,5.0,0.6705
B000NO72TK,2,4.5,0.7064
B000NO72UE,2,5.0,0.3345
B000NO93PQ,1,5.0,0.836
B000NO943C,5,4.2,0.7784
B000NO9H7U,1,3.0,0.9182
B000NOEE0K,1,4.0,0.1832
B000NOXBWW,2,5.0,0.9242
B000NOXC0I,1,5.0,0.8155
B000NOYZV8,4,4.75,0.7928
B000NP1060,2,5.0,0.9402
B000NP10GU,3,4.0,0.9471
B000NP30V8,1,5.0,0.6124
B000NP30XQ,3,4.6667,0.8605
B000NP5A7K,1,5.0,0.34
B000NPEP7G,1,4.0,0.7003
B000NPSB7Q,1,4.0,0.3182
B000NPZUBG,1,5.0,0.9217
B000NQ4JQC,4,5.0,0.7184
B000NQ6TRY,2,5.0,0.68
B000NQB0EQ,1,5.0,0.9712
B000NQFMHC,1,4.0,0.9451
B000NR4LGE,1,5.0,0.9914
B000NRB1M6,1,5.0,0.6597
B000NRG4TQ,1,1.0,0.128
B000NRXQH4,1,5.0,0.8625
B000NSFGVM,1,1.0,0.4019
B000NSG9GI,2,4.5,0.6406
B000NSGM42,1,5.0,0.9201
B000NSJ5U0,1,5.0,0.8225
B000NSZ4Q4,1,5.0,0.7269
B000NT182C,1,5.0,0.4588
B000NT35N2,1,5.0,0.7003
B000NU3ZYU,1,5.0,0.9231
B000NU4VSO,2,5.0,0.9825
B000NU8H0C,3,3.3333,0.9404
B000NUOH7E,1,5.0,0.9488
B000NUYTEK,1,5.0,0.8074
B000NV7IZQ,1,2.0,0.6808
B000NV82MY,1,5.0,0.9186
B000NV82WO,1,5.0,0.9001
B000NV837S,1,5.0,0.7845
B000NV83EG,15,4.4,0.6212
B000NV83SM,1,5.0,0.985
B000NV9VF6,1,5.0,0.9442
B000NV9VQA,2,3.0,0.6017
B000NV9VQU,1,5.0,0.8967
B000NV9VR4,1,5.0,0.8932
B000NVAJI4,2,5.0,0.7829
B000NVBBZE,1,4.0,0.4939
B000NVBVCC,4,4.0,0.8278
B000NVBVCW,1,5.0,0.9186
B000NVBVIQ,8,4.375,0.8977
B000NVD9DG,1,5.0,0.9393
B000NVD9EK,2,3.5,0.5225
B000NVDZ0I,3,5.0,0.7234
B000NVFDT4,1,4.0,0.3612
B000NVFDX0,1,5.0,0.1779
B000NVU4Q6,1,5.0,0.9729
B000NVU7ZY,1,5.0,0.0603
B000NVYBP6,1,5.0,0.875
B000NVZJWK,1,2.0,0.926
B000NW14L4,1,5.0,0.9562
B000NW4B78,1,4.0,0.8896
B000NW8AQ6,2,5.0,0.6662
B000NW8QOW,4,5.0,0.8312
B000NW9B5U,1,5.0,0.8481
B000NW9XNK,3,3.3333,0.565
B000NWCZYY,2,5.0,0.7117
B000NWYKG0,2,4.0,0.588
B000NX0MF2,3,5.0,0.9144
B000NX0MGQ,1,5.0,0.8965
B000NX3E2K,1,5.0,0.8965
B000NXS2AY,1,4.0,0.8316
B000NXW1C4,1,4.0,0.9062
B000NXYMT4,1,4.0,0.9886
B000NY3122,1,5.0,0.8731
B000NY31EA,1,5.0,0.868
B000NY31I6,1,5.0,0.8176
B000NY31M2,1,5.0,0.9246
B000NY31NG,1,5.0,0.9001
B000NY3226,2,5.0,0.8941
B000NY3A8C,2,5.0,0.7974
B000NY3A8M,1,1.0,-0.4767
B000NY4S6A,1,5.0,0.5859
B000NY4S9W,1,5.0,0.9565
B000NY4SA6,1,5.0,0.9468
B000NY4SC4,1,5.0,0.8481
B000NY4SV0,2,4.0,0.5834
B000NY4SZQ,1,5.0,0.8519
B000NY4T2S,1,5.0,0.9501
B000NY510M,1,1.0,0.5423
B000NY510W,1,5.0,0.9068
B000NY6P7K,1,3.0,-0.0018
B000NY6P9I,2,5.0,0.8844
B000NY6PDO,1,5.0,0.7717
B000NY6PRA,1,5.0,0.9022
B000NY6Q10,1,5.0,0.988
B000NY6Q74,1,5.0,0.9153
B000NY6Q8I,1,5.0,0.7184
B000NY6QBK,1,5.0,0.9136
B000NY6QH4,1,1.0,0.3612
B000NY8NWA,1,2.0,0.8271
B000NY8O3S,1,5.0,0.8402
B000NY8O9W,1,5.0,0.9042
B000NY8OJW,1,4.0,0.9423
B000NY8OLK,4,1.0,0.7998
B000NY8OVK,1,5.0,0.0854
B000NY9QLC,1,5.0,0.9538
B000NYY6SU,1,5.0,0.7579
B000NZJXU0,1,3.0,0.4404
B000NZVYF2,1,5.0,0.9055
B000O160KE,2,1.0,-0.1993
B000O2APH2,1,5.0,0.9274
B000O2EBGI,1,1.0,0.8126
B000O2EV8G,16,4.25,0.7435
B000O37ENO,1,4.0,0.9472
B000O37FLA,1,3.0,0.5106
B000O393QK,3,4.3333,0.6313
B000O39NFG,2,4.5,0.9608
B000O3D2JY,2,5.0,0.8358
B000O3EDA6,1,5.0,0.9517
B000O3KMKG,2,5.0,0.3236
B000O3QD2C,1,4.0,0.6597
B000O3S3K2,3,3.6667,0.645
B000O5DI1E,15,4.9333,0.6792
B000O5DI3W,5,5.0,0.6586
B000O5E1Y2,1,4.0,0.9274
B000O5FTYI,1,5.0,-0.2975
B000O5H0EU,1,5.0,0.7452
B000O5JII6,2,3.5,0.87
B000O62JZY,2,5.0,0.6357
B000O62KBM,3,5.0,0.9359
B000O6IC46,1,5.0,0.8555
B000O7IVKK,7,3.5714,0.6556
B000O7JRDK,1,5.0,0.9878
B000O7M2AK,2,3.5,0.969
B000O7V3QO,1,5.0,0.6249
B000O7WDMM,1,5.0,0.0
B000O7Z71G,10,3.5,0.7087
B000O807YM,2,5.0,0.8516
B000O82BEG,1,5.0,0.9841
B000O88OXI,2,5.0,0.9141
B000O8EVXU,3,2.3333,0.3789
B000O8UP76,1,5.0,0.9652
B000O9GAPG,2,4.5,0.2815
B000O9NG2Q,1,4.0,0.9589
B000O9RELA,2,5.0,0.7386
B000O9T4FY,4,5.0,0.7321
B000O9T6NE,5,4.0,0.4124
B000O9T6NO,2,4.5,0.8035
B000O9TJWW,1,5.0,0.765
B000O9VGF0,1,1.0,0.3612
B000O9VGFA,1,5.0,0.8795
B000O9WEY2,1,5.0,0.7579
B000O9Y62A,2,5.0,0.7816
B000O9YW3I,1,5.0,-0.1027
B000OA2G08,1,5.0,0.7783
B000OA75QS,1,5.0,0.9456
B000OAK1UA,1,5.0,0.8479
B000OB4ESY,1,5.0,0.6249
B000OBYNQW,1,4.0,0.355
B000OBZZ1Y,1,5.0,0.91
B000OC27S2,2,5.0,0.7037
B000OC283G,1,5.0,0.9643
B000OC2B9M,6,5.0,0.7834
B000OC2NOK,1,5.0,0.5106
B000OC3V1O,1,5.0,0.5423
B000OC49MY,1,5.0,0.9923
B000OC5RAM,1,5.0,0.7096
B000OC7N68,2,5.0,0.9676
B000OC7NB8,3,5.0,0.4866
B000OCLVIO,1,4.0,0.9607
B000OCO76M,1,2.0,0.5106
B000OCOE7E,1,5.0,0.2928
B000OCQ6DY,4,2.5,0.6528
B000OCRNCW,4,4.25,0.7621
B000OCTIZC,1,5.0,0.9664
B000OCTJE2,1,5.0,0.967
B000ODH4BG,14,4.7857,0.7695
B000ODQJSK,1,5.0,0.9597
B000ODRY9I,2,5.0,0.7836
B000ODTCFM,1,3.0,0.6908
B000ODTJRI,1,5.0,0.9022
B000ODTJYG,1,5.0,0.9356
B000ODTOC8,3,4.6667,0.9002
B000ODV1M4,1,5.0,0.8595
B000ODW8JO,1,5.0,0.6124
B000OF71Y4,2,4.0,0.4532
B000OF7CMK,2,4.0,0.4532
B000OF7MBG,1,3.0,0.9063
B000OF7XL0,1,3.0,0.7003
B000OF9IPE,1,4.0,0.9022
B000OFAVAU,1,1.0,-0.4404
B000OFIUHQ,1,1.0,0.1372
B000OFSH1U,1,5.0,0.9493
B000OGQDLU,1,5.0,0.6901
B000OH35Z6,6,4.3333,0.6577
B000OH57ZW,12,5.0,0.8719
B000OH73FO,3,3.0,0.9237
B000OHBAE4,3,4.3333,0.8608
B000OIINEI,1,4.0,0.908
B000OIMSL2,1,5.0,0.9231
B000OIT8T2,2,5.0,0.884
B000OIVEKI,1,1.0,-0.6281
B000OIWY8Y,2,5.0,0.9029
B000OIXDS4,1,4.0,0.3818
B000OIXDZW,1,5.0,0.3262
B000OIXE10,1,5.0,0.9346
B000OIXE56,1,5.0,0.9468
B000OIZIVY,1,5.0,0.5423
B000OJ1GUK,1,1.0,0.0772
B000OJ1H36,2,5.0,0.8528
B000OJ1H9K,1,5.0,0.296
B000OJ1HCM,1,5.0,0.872
B000OK2AG8,2,3.0,0.8781
B000OK48CC,1,5.0,0.4767
B000OK7UDG,1,5.0,0.9462
B000OK7XAQ,1,5.0,0.9022
B000OK7XHO,1,5.0,0.9709
B000OK8616,2,4.0,0.8518
B000OKRCUM,1,5.0,0.9903
B000OKZBFU,1,4.0,0.7184
B000OLB23O,1,5.0,0.8442
B000OLBA9A,2,5.0,0.9298
B000OLIXO0,5,4.8,0.7382
B000OMIW3G,1,3.0,-0.0772
B000OMJWXU,2,5.0,0.8392
B000OMKAO0,1,5.0,0.9935
B000OMMYNK,1,4.0,0.835
B000OMWKAC,1,4.0,0.9055
B000OO5K3O,2,3.0,0.2908
B000OP4BH4,1,4.0,0.9001
B000OP5G1E,1,5.0,0.9246
B000OPBY5G,1,5.0,0.9517
B000OQ2DJQ,43,4.7209,0.6334
B000OQ2DL4,41,4.4878,0.6122
B000OQ4A3S,12,3.4167,0.3027
B000OQ66LM,1,5.0,0.9371
B000OQBL0I,1,2.0,0.9337
B000OQWAS0,3,5.0,0.8817
B000OQX5C0,1,5.0,0.7717
B000OQXXOA,2,5.0,0.9222
B000OQXXV8,1,5.0,0.9324
B000OQZNTS,2,3.5,0.8531
B000OR77I2,2,5.0,0.8875
B000ORSIJ4,11,4.9091,0.8114
B000ORWG6K,1,2.0,0.9727
B000ORXYYS,3,4.6667,0.8838
B000ORY230,10,4.5,0.7783
B000OS8RKS,1,2.0,-0.4019
B000OSGASE,1,5.0,-0.3412
B000OSJJ1E,2,4.5,0.755
B000OSL2J6,5,5.0,0.7894
B000OSOMDO,1,5.0,0.991
B000OTA6B0,1,5.0,0.9468
B000OTZXAO,1,5.0,0.9565
B000OU5EFW,3,3.6667,0.3979
B000OU5EJS,2,5.0,0.7931
B000OU5EKC,3,5.0,0.6932
B000OUNXXW,1,5.0,0.5719
B000OUOYH6,1,5.0,0.8885
B000OUPSZI,1,5.0,0.939
B000OUPSZS,2,4.0,0.3568
B000OUV6P4,1,5.0,0.7845
B000OUX2QA,5,4.4,0.6579
B000OV08FC,3,4.6667,0.8975
B000OV3WPK,2,5.0,0.9786
B000OV5NBG,5,5.0,0.753
B000OV8OTY,10,4.2,0.2233
B000OWB3R8,1,5.0,0.9708
B000OWDOHK,1,5.0,0.9638
B000OWEOHY,1,5.0,0.8807
B000OWEYWE,3,5.0,0.8879
B000OWF7YI,3,4.3333,0.8756
B000OWG5D0,1,5.0,0.9022
B000OX2GSC,1,5.0,0.8625
B000OX3YY2,5,4.0,0.9056
B000OX8AKK,1,5.0,0.743
B000OXACCE,1,4.0,0.8402
B000OXCYKC,1,3.0,0.7964
B000OXI60O,1,5.0,0.7717
B000OYIDMY,6,4.0,0.6034
B000OYKC1O,2,3.0,0.7444
B000OYMGMC,5,3.4,0.3614
B000OZ06N2,1,2.0,0.802
B000OZFECU,7,4.7143,0.6482
B000OZJ3EK,1,4.0,0.9022
B000OZP7CM,2,4.5,0.6948
B000OZUUP6,1,5.0,0.8481
B000P00HXA,1,5.0,0.1832
B000P03CNC,2,4.5,0.5678
B000P07YA4,2,5.0,0.9298
B000P09RJ0,1,4.0,0.4588
B000P09RJA,3,4.6667,0.7531
B000P0OL50,1,5.0,0.8555
B000P0QHOI,5,4.8,0.745
B000P0SCKK,5,2.8,0.6666
B000P0SPMK,1,5.0,0.9804
B000P0TYJ8,1,1.0,0.0
B000P0VRW0,3,4.0,0.965
B000P0VRYI,1,5.0,0.8643
B000P0ZI9I,1,5.0,0.9352
B000P15IEC,1,1.0,-0.4767
B000P15IGU,1,1.0,0.4588
B000P16ZS0,4,5.0,0.9243
B000P17700,2,5.0,0.955
B000P1GDLE,1,5.0,0.9864
B000P35ZY8,1,5.0,0.5423
B000P3G5O2,2,3.0,0.4158
B000P3L4M0,1,5.0,0.9918
B000P3L7TA,4,4.75,0.5505
B000P3T4HW,9,2.3333,0.766
B000P3U70K,2,4.5,0.2831
B000P3ZJ2Q,3,4.6667,0.9413
B000P41A28,4,5.0,0.7259
B000P41A46,4,3.25,0.309
B000P49A0W,3,3.3333,0.9867
B000P49A1Q,3,3.0,0.9008
B000P4JGBK,2,4.5,0.8128
B000P4XZF8,1,5.0,0.8955
B000P4Y8E0,1,5.0,0.93
B000P4Y8G8,4,4.0,0.552
B000P4Y8KO,4,4.25,0.9732
B000P4ZUB0,2,5.0,0.8813
B000P504ZG,4,3.25,0.7352
B000P52FLW,24,4.2917,0.818
B000P52FO4,3,5.0,0.8963
B000P54HVS,18,4.7222,0.836
B000P54HZY,2,3.0,0.7162
B000P55XAC,2,3.0,0.5558
B000P56I7Y,1,5.0,0.8957
B000P56P18,1,2.0,0.1531
B000P57KMQ,2,2.5,0.9506
B000P583YU,2,5.0,0.9553
B000P5NWOQ,1,5.0,0.9001
B000P5OXYY,1,5.0,0.8442
B000P5Y0WY,5,4.6,0.7483
B000P62XWC,1,5.0,0.9042
B000P65108,1,2.0,0.3182
B000P6MSOU,7,4.1429,0.5566
B000P6XDT4,1,5.0,0.6249
B000P7345G,1,5.0,0.9468
B000P75GNY,1,4.0,-0.1027
B000P77GPK,2,5.0,0.8631
B000P7GDU4,1,5.0,0.8957
B000P7HFJ2,1,5.0,0.8481
B000P7J8BU,1,5.0,0.5719
B000P8HPCI,5,4.8,0.8792
B000P9K34E,1,5.0,0.971
B000P9XE90,1,5.0,0.9202
B000PADT6C,1,5.0,0.9601
B000PAM5CQ,2,4.5,0.9476
B000PAQ75C,5,5.0,0.879
B000PAWEZ4,1,5.0,0.9674
B000PBFCL6,1,4.0,0.7184
B000PBHDG8,3,4.0,0.6297
B000PBHER6,1,4.0,0.7003
B000PBJ66I,1,3.0,0.765
B000PBQ65C,2,2.0,0.2397
B000PBRWC8,1,4.0,0.0094
B000PBRWDM,1,4.0,0.9501
B000PBXKI8,1,5.0,0.7906
B000PCZIRI,1,4.0,0.9118
B000PD56RY,1,5.0,0.9403
B000PDBA8I,1,4.0,-0.0516
B000PDD0CW,2,5.0,0.3592
B000PDD2DO,2,4.5,0.6276
B000PDFS8Q,2,4.0,0.7085
B000PDFTLM,1,5.0,0.9836
B000PDHH0I,1,1.0,-0.7184
B000PDHNJI,1,5.0,0.9552
B000PDLBBO,4,4.25,0.6624
B000PDN3E2,2,3.5,0.3565
B000PDN3J2,1,2.0,0.7269
B000PDN3MO,1,5.0,0.9607
B000PDNZEU,2,5.0,0.7792
B000PDPXX6,1,5.0,0.6369
B000PDRYPQ,1,5.0,0.8555
B000PDU99Y,2,5.0,0.9066
B000PDWBKO,86,4.3372,0.8183
B000PDY3HI,75,4.48,0.7929
B000PDY3P0,59,4.5085,0.7761
B000PE4EZI,1,5.0,0.743
B000PE84EK,1,5.0,0.6901
B000PEAMP4,3,5.0,0.879
B000PEC41Y,1,1.0,0.6705
B000PEDTSQ,1,5.0,0.8822
B000PEDTT0,1,5.0,0.4588
B000PEEBYC,1,2.0,0.5939
B000PEEH9G,1,5.0,0.9274
B000PEFNE4,2,5.0,0.7462
B000PEFNGC,1,5.0,0.9728
B000PEFPSS,1,5.0,0.9118
B000PESOZO,1,3.0,-0.0258
B000PFEWEA,3,3.3333,0.8125
B000PG1D1O,2,3.0,0.0688
B000PG8KGU,2,5.0,0.2108
B000PGA8WY,4,5.0,0.9102
B000PGE032,5,1.2,-0.3724
B000PGHLNS,2,4.0,0.2044
B000PGJ4LA,3,3.6667,0.3661
B000PGJI0C,1,2.0,-0.128
B000PGQQES,1,5.0,0.9638
B000PGQQFC,21,4.7143,0.8989
B000PGW24G,1,5.0,0.9485
B000PHMR1I,1,5.0,0.9545
B000PHMX2Q,2,2.5,0.086
B000PHN63Q,5,3.8,0.8153
B000PHQ3XG,1,5.0,0.91
B000PHQ48U,1,5.0,0.7906
B000PHRYUC,1,5.0,0.3818
B000PI6LOQ,1,3.0,0.8481
B000PIB6FA,1,5.0,0.9923
B000PIJI50,1,5.0,0.9338
B000PILF24,5,5.0,0.7255
B000PIMSWA,1,4.0,-0.0258
B000PIMWGM,1,5.0,0.9986
B000PINZIG,1,4.0,0.7964
B000PIQF8S,1,1.0,-0.7165
B000PIX39M,1,1.0,0.5994
B000PJ8FDU,1,5.0,0.959
B000PJ8RY2,5,4.6,0.5198
B000PJAQR8,1,5.0,0.3612
B000PJC1I0,1,1.0,0.6124
B000PJFH0E,2,5.0,0.1439
B000PJIGVG,3,4.0,0.5776
B000PJMRWU,8,4.625,0.6866
B000PKFW3U,1,2.0,0.0
B000PKFZ0A,1,3.0,0.9099
B000PKFZH8,2,3.5,0.1406
B000PKJ4RA,1,1.0,0.0516
B000PKJ4YS,1,5.0,0.9382
B000PKLFVI,2,4.0,0.8116
B000PKMMQU,1,1.0,-0.1779
B000PKMMYM,1,4.0,0.7003
B000PKUT6U,1,5.0,0.8225
B000PKYG1Y,3,4.3333,0.6732
B000PKZBAY,2,5.0,0.7652
B000PL5VQM,1,5.0,0.3591
B000PLRJJE,1,1.0,0.5423
B000PMC7GI,16,3.3125,0.6996
B000PMHLZK,7,4.0,0.7688
B000PMJLJO,12,3.25,0.6616
B000PNIPPO,1,5.0,0.9087
B000PNKJWQ,1,5.0,0.8742
B000PNKJYE,2,1.0,-0.3265
B000PNM0ZA,1,5.0,0.9719
B000PNM10Y,3,4.6667,0.8736
B000PNM118,1,5.0,0.9062
B000PNM1IG,1,5.0,0.6369
B000PNX07M,1,5.0,0.7096
B000POUIOE,2,5.0,0.9426
B000PP0WGM,1,4.0,0.5859
B000PQQKZI,1,5.0,0.968
B000PRH790,1,3.0,0.6486
B000PSBZPQ,1,5.0,0.6369
B000PSFW9Q,1,5.0,0.9742
B000PSNJXC,1,5.0,0.9979
B000PSPREG,1,5.0,0.8519
B000PSTGKW,14,4.6429,0.7466
B000PT0ATC,1,5.0,0.9324
B000PU6QXA,1,5.0,0.7351
B000PUOPTM,1,5.0,0.9412
B000PUOR5Y,1,5.0,0.9042
B000PUQPA4,1,4.0,0.7964
B000PURJT0,1,5.0,0.7579
B000PUS4TO,1,2.0,-0.0258
B000PUTHCM,1,5.0,0.0
B000PUTHP4,1,4.0,0.9501
B000PUXBMY,1,3.0,0.9399
B000PVPXWY,1,4.0,0.9818
B000PVVG3O,1,4.0,0.9911
B000PVVG7A,1,4.0,0.9531
B000PVX0KG,1,5.0,0.9869
B000PVX84E,1,5.0,0.9799
B000PW05OO,2,3.0,0.8404
B000PW05RQ,5,5.0,0.9353
B000PWIR12,2,3.0,0.7402
B000PWKNUK,1,5.0,0.7506
B000PWO4A0,1,5.0,0.93
B000PWTCBQ,2,5.0,0.7418
B000PWTQ26,1,5.0,0.8399
B000PWTXE2,4,4.5,0.5054
B000PWWQP0,3,2.6667,0.4572
B000PWYIOW,2,2.5,0.69
B000PWYJP0,1,5.0,0.8807
B000PXTLES,1,5.0,0.7269
B000PXU73W,1,5.0,0.8957
B000PXXQNK,1,5.0,0.7964
B000PXXVCQ,1,4.0,0.9513
B000PXZZQG,1,5.0,0.9186
B000PY89AO,1,5.0,0.765
B000PY89CW,1,4.0,0.8591
B000PY8XNM,1,5.0,0.8625
B000PYAGFU,1,5.0,0.7964
B000PZQUZO,5,3.4,0.3241
B000Q09UM8,1,1.0,0.5859
B000Q0IMOK,7,5.0,0.8745
B000Q0T8R0,1,5.0,0.9801
B000Q0WUNO,2,5.0,0.892
B000Q0WXE0,3,5.0,0.8107
B000Q12I08,1,5.0,0.9636
B000Q19PEK,1,5.0,0.0
B000Q1PQA2,1,5.0,0.9118
B000Q2EKQC,1,5.0,0.836
B000Q2RONS,1,5.0,0.9081
B000Q2UAZC,1,4.0,0.296
B000Q3E4U8,2,5.0,0.8774
B000Q3PTXO,1,5.0,0.7506
B000Q3Q9D8,1,5.0,-0.6939
B000Q555EK,6,4.0,0.7835
B000Q56OYU,1,4.0,0.8932
B000Q5NSAS,2,5.0,0.89
B000Q5X876,44,4.3864,0.8494
B000Q5X8DK,32,4.3438,0.8187
B000Q611U6,30,4.6,0.8063
B000Q61NYA,1,5.0,0.6682
B000Q665B6,1,5.0,0.9524
B000Q6ECIO,4,4.5,0.4529
B000Q6I5CS,4,4.75,0.7814
B000Q6K3DC,3,2.6667,0.1358
B000Q6KUV2,1,5.0,0.4588
B000Q6R05G,2,5.0,0.8638
B000Q6XR0S,17,4.7647,0.8792
B000Q6XR1W,3,4.0,0.6636
B000Q6XR2G,2,5.0,0.1977
B000Q71L28,1,5.0,0.8481
B000Q71L50,25,4.6,0.8682
B000Q71L5U,14,4.2857,0.8319
B000Q738VU,8,3.375,0.6068
B000Q75336,9,4.0,0.9069
B000Q75354,19,4.4737,0.8242
B000Q7535Y,15,4.8,0.8695
B000Q7BOBQ,1,5.0,0.8834
B000Q7G5Y2,1,4.0,0.802
B000Q7GU06,1,2.0,0.774
B000Q7P98A,1,5.0,0.9423
B000Q84XZO,1,5.0,0.8555
B000Q86EME,1,5.0,0.8271
B000Q86EN8,1,5.0,0.9715
B000Q8DQF2,1,5.0,0.9618
B000Q8UYV6,2,5.0,0.3506
B000Q92QIE,5,4.2,0.487
B000Q9TSIU,2,5.0,0.9611
B000QAA0WM,1,1.0,0.4939
B000QAETZ6,2,3.5,0.7096
B000QAWN0E,1,5.0,0.6369
B000QAWN2C,1,5.0,0.765
B000QAYRIK,1,5.0,0.765
B000QB0WRO,1,5.0,0.5719
B000QB0XDC,1,5.0,0.7906
B000QB3K8W,1,5.0,0.93
B000QB72N6,1,4.0,0.9081
B000QC3PMW,2,5.0,0.7348
B000QC406C,2,5.0,0.8648
B000QC495O,1,5.0,0.908
B000QCBH0O,2,5.0,0.955
B000QCOALC,3,3.3333,0.6882
B000QDNIKU,5,3.8,0.8679
B000QE7K7G,1,5.0,0.8519
B000QEQVBW,2,4.0,0.8241
B000QF7KIO,2,3.0,0.7154
B000QF7KK2,6,4.5,0.8117
B000QF90PA,6,4.5,0.6266
B000QFOHBC,3,4.6667,0.7189
B000QFOXTS,3,5.0,0.835
B000QFPY8C,2,4.5,0.9534
B000QFRJSA,3,3.6667,0.6246
B000QFSOGG,3,3.6667,0.6705
B000QFUB12,1,2.0,0.1999
B000QGCMTK,1,4.0,0.8894
B000QGCMZE,1,5.0,0.9702
B000QGG1M4,3,3.3333,0.3804
B000QGI83E,1,5.0,0.8957
B000QGJTNM,1,5.0,0.6369
B000QH2UDM,1,5.0,0.9118
B000QH8QUS,2,5.0,0.8049
B000QHF3CC,1,5.0,0.875
B000QIHWKM,1,5.0,0.8625
B000QIX2L0,2,2.5,0.815
B000QJ1YDW,1,5.0,0.8935
B000QKNYP2,1,5.0,0.9666
B000QKWDRW,2,5.0,0.8222
B000QNNX6O,1,4.0,0.8834
B000QNR2WA,1,1.0,0.8979
B000QOIRW8,1,5.0,0.9242
B000QRZNSQ,1,5.0,0.9812
B000QSESMC,1,5.0,0.9595
B000QSGOMO,1,5.0,0.5423
B000QSK3H6,1,1.0,0.34
B000QSK9XO,1,5.0,-0.1531
B000QSLUF0,3,2.3333,-0.1208
B000QSLYK6,1,4.0,0.8593
B000QSM0LS,1,5.0,0.9287
B000QSM0MW,3,3.6667,0.8767
B000QSN1ZW,1,1.0,0.4404
B000QSN21K,1,2.0,0.0516
B000QSN26U,1,5.0,0.9569
B000QSN2M4,3,4.6667,0.7005
B000QSN7P6,20,4.0,0.6375
B000QSNCYC,4,5.0,0.8502
B000QSON4K,45,4.6667,0.6524
B000QSOOV2,1,2.0,0.8225
B000QSOOZS,1,5.0,0.9152
B000QSOP5W,2,4.5,0.3126
B000QSOQFQ,6,4.5,0.8183
B000QSQSHU,1,5.0,0.3581
B000QSQTD8,1,5.0,0.1581
B000QSQTRY,2,5.0,0.9368
B000QSS2C4,1,3.0,0.8768
B000QSUZKQ,1,2.0,-0.128
B000QT5ZGO,3,2.0,0.2956
B000QTTQIW,1,5.0,0.9501
B000QTXANY,1,3.0,0.7717
B000QU3JM0,4,5.0,0.8018
B000QUTRLW,5,5.0,0.757
B000QUXXR6,6,4.0,0.5187
B000QUZ9C8,1,5.0,0.9774
B000QUZ9GE,6,4.3333,0.7132
B000QUZEBY,1,5.0,0.7178
B000QV0GNE,2,5.0,0.8534
B000QV0GOI,1,5.0,0.9118
B000QV0K9E,2,5.0,0.9333
B000QV0M1A,2,3.0,-0.3919
B000QV0M2E,2,5.0,0.5858
B000QV0M8I,1,3.0,0.4019
B000QV0MA6,2,4.5,0.7041
B000QV0MD8,2,4.5,0.7497
B000QV0ME2,1,5.0,0.9735
B000QV0MEW,1,5.0,0.6597
B000QV0NLY,1,5.0,0.9022
B000QV2GNW,6,4.3333,0.8256
B000QV2GRS,6,4.5,0.7985
B000QV2GSM,1,5.0,0.9661
B000QV2H36,1,2.0,-0.6486
B000QV2HQ8,1,5.0,0.6801
B000QV4J5K,1,1.0,0.6486
B000QV4U4U,7,4.5714,0.7928
B000QV5198,1,4.0,0.9002
B000QV8KNW,1,4.0,0.8271
B000QVE9EG,3,5.0,0.8476
B000QWAF6G,1,4.0,0.9463
B000QX4TBC,1,5.0,0.9684
B000QXAUNS,1,1.0,0.8878
B000QXYGLK,1,5.0,0.9584
B000QY9YDY,4,3.0,0.8387
B000QYE4IE,1,5.0,0.8126
B000QYIHAA,1,4.0,0.872
B000QYKOVA,1,4.0,0.9134
B000QYM6O8,2,5.0,0.8032
B000QZOYG0,1,4.0,0.5994
B000R0526A,1,5.0,0.1779
B000R11F4W,1,5.0,0.8834
B000R1BPOC,2,5.0,0.9538
B000R2BLH2,1,1.0,0.5859
B000R2BP9Q,1,1.0,0.5859
B000R2DUXK,1,4.0,0.886
B000R30U5A,1,2.0,-0.6808
B000R30UDW,1,3.0,0.8591
B000R32F6M,1,5.0,0.962
B000R3P3S4,1,5.0,0.5859
B000R46M9M,3,3.6667,0.2175
B000R4CJQ2,1,1.0,0.5858
B000R4DWC2,1,4.0,0.9931
B000R4G4PO,2,4.5,0.4834
B000R4G4TU,3,4.6667,0.8472
B000R4G75G,2,3.0,0.5992
B000R4HQOW,1,3.0,0.7096
B000R4HQPG,2,4.0,0.8275
B000R4STCK,1,5.0,0.4404
B000R4USAQ,3,3.6667,0.6954
B000R5MZW4,2,5.0,0.9498
B000R7RJ46,1,5.0,0.9136
B000R7RJHI,1,5.0,0.8176
B000R7RLCQ,4,4.0,-0.183
B000R7RODW,1,4.0,0.3818
B000R7TE9Y,2,4.5,0.7874
B000R7X45O,1,1.0,-0.7906
B000R7XBF2,3,5.0,0.9215
B000R7XFDK,1,5.0,0.9735
B000R8VHES,3,5.0,0.7505
B000R8YIFI,2,5.0,0.7006
B000R8YIH6,1,1.0,-0.9081
B000R8YIIA,1,5.0,0.986
B000R8ZYLK,1,5.0,0.9571
B000R923TU,4,4.0,0.416
B000R923UE,2,3.0,0.0114
B000R95EA0,1,4.0,0.9785
B000R99HAS,1,1.0,-0.34
B000R9P996,2,5.0,0.7763
B000R9P99G,1,4.0,0.8658
B000R9X5TW,1,5.0,0.2716
B000R9YZ46,1,5.0,0.9422
B000RAA9EU,1,5.0,0.8727
B000RADXO8,1,5.0,0.9251
B000RBESKA,1,5.0,0.8625
B000RC4188,1,5.0,0.9847
B000RCKSSA,1,5.0,0.9531
B000RCKSTE,9,4.7778,0.5746
B000RDIDVS,1,4.0,0.1779
B000RDLP9U,1,5.0,0.9513
B000RDN3WC,1,3.0,0.4404
B000RDQHBQ,1,5.0,-0.1045
B000RDRTJA,2,5.0,0.9472
B000RE5N5Q,2,2.5,0.2309
B000RE6GLG,4,3.0,0.0669
B000RE7MUK,1,1.0,0.0772
B000RE7QIS,2,3.0,0.0657
B000RE93ZC,4,3.0,0.0412
B000RE96FY,3,3.0,0.1553
B000REI2X6,30,3.9333,0.4769
B000RFS57I,8,4.125,0.7532
B000RG6TES,1,4.0,0.9231
B000RH2VZS,1,5.0,0.8807
B000RH4FG6,9,4.5556,0.7227
B000RHSUZS,1,4.0,0.6901
B000RHSVM0,1,5.0,0.9112
B000RHSVN4,1,5.0,0.6249
B000RHSW4M,1,5.0,0.6705
B000RHSX96,2,5.0,0.418
B000RHSX9G,1,5.0,0.8481
B000RHSY0O,1,4.0,0.9118
B000RHSYK4,1,5.0,0.7184
B000RHT0B6,1,5.0,0.8522
B000RHUUU6,2,5.0,0.7856
B000RHUV6Y,1,5.0,0.6369
B000RHUVSM,4,5.0,0.7946
B000RHUW18,1,2.0,0.9559
B000RHUW4K,1,5.0,0.765
B000RHUWIQ,3,4.6667,0.9118
B000RHUWMC,4,5.0,0.894
B000RHUWPO,2,5.0,0.0644
B000RHUYC0,3,4.6667,0.755
B000RHUYD4,1,5.0,0.9274
B000RHUYDY,1,5.0,0.886
B000RHUYJ8,1,1.0,-0.25
B000RHUZI8,1,5.0,0.7351
B000RHUZII,1,2.0,0.8495
B000RHV08M,1,5.0,0.8555
B000RHVE9W,2,3.5,0.4824
B000RHVF0K,1,5.0,0.8126
B000RHVGHW,1,2.0,0.3612
B000RHVGNG,1,4.0,0.9459
B000RHVH44,1,5.0,0.8591
B000RHVH58,1,5.0,0.5106
B000RHVHJ4,1,2.0,-0.9423
B000RHVIPC,1,5.0,0.9184
B000RHVJ8S,1,3.0,0.3182
B000RHVJB0,1,5.0,0.8075
B000RHVJG0,1,5.0,0.986
B000RHVJZ6,1,1.0,-0.7906
B000RHXGNE,1,4.0,0.9201
B000RHXH6K,1,5.0,0.8442
B000RHXHNI,1,5.0,0.9926
B000RHXHRO,1,5.0,0.8883
B000RHXHXS,1,5.0,0.9186
B000RHXI1O,2,3.0,0.7589
B000RHXI2S,1,5.0,0.9552
B000RHXI32,3,4.3333,0.6363
B000RHXI3C,1,5.0,-0.4939
B000RHXI8C,1,5.0,0.7783
B000RHXIF0,1,5.0,0.9825
B000RHXIQO,1,5.0,0.9578
B000RHXIR8,1,5.0,0.6249
B000RHXIT6,2,2.5,0.201
B000RHXJY0,1,5.0,0.3612
B000RHXKC6,3,5.0,0.8822
B000RHXKDA,2,5.0,0.8489
B000RHXLXE,1,5.0,0.5719
B000RHY1YW,1,4.0,0.6527
B000RHZWNG,2,3.0,0.3764
B000RI1FDG,7,4.2857,0.6727
B000RI1W8E,34,4.0294,0.6978
B000RI1W9I,9,4.1111,0.527
B000RI1W9S,4,4.0,0.822
B000RI3SKY,1,5.0,0.2263
B000RI3T0I,1,5.0,-0.0772
B000RI3YQ2,1,5.0,0.9709
B000RI40UQ,4,5.0,0.5853
B000RI4BBO,3,5.0,0.4701
B000RI4BWS,1,5.0,0.8316
B000RI4DOE,4,4.5,0.88
B000RI4LQ4,1,4.0,0.7351
B000RI4T70,1,5.0,0.6887
B000RI873W,1,5.0,0.9584
B000RI8CU0,1,5.0,0.6901
B000RI8GI8,1,5.0,0.91
B000RI8NV8,1,4.0,0.9904
B000RIAJS8,2,3.5,0.1333
B000RJ4ZK0,3,5.0,0.7982
B000RJ51OY,1,4.0,0.9628
B000RJ8ZGA,1,5.0,0.8126
B000RJARJS,1,5.0,0.9732
B000RJATFK,1,5.0,0.9839
B000RJMBJM,1,1.0,0.0
B000RJRFNO,2,5.0,0.7777
B000RJRXI6,1,5.0,0.8555
B000RJU8VU,1,1.0,0.7351
B000RJVO0O,1,5.0,0.8932
B000RJY68G,1,5.0,0.7096
B000RJZ7BQ,1,5.0,0.9732
B000RKX8HK,1,5.0,0.9545
B000RL2W0I,3,3.6667,0.5071
B000RL53PE,7,5.0,0.7987
B000RL88YW,1,3.0,0.4404
B000RLBDNU,1,5.0,0.3182
B000RLOB2K,1,3.0,0.9805
B000RMOBKQ,1,5.0,0.875
B000RMTOVW,1,5.0,0.8957
B000RNCKQ2,1,2.0,0.2263
B000RNHAF8,2,4.5,0.2635
B000RNW5WQ,5,4.2,0.9314
B000RO3AO2,1,3.0,0.3612
B000ROR8QS,4,4.25,0.6024
B000ROR8U4,1,3.0,0.9485
B000ROR8Z4,6,4.1667,0.8395
B000RP29IO,5,3.8,0.8487
B000RP37SA,6,4.5,0.7542
B000RP385C,3,5.0,0.8997
B000RP4V76,1,5.0,0.9723
B000RPGKP2,1,5.0,0.9711
B000RQMQAO,1,4.0,0.8934
B000RQPV1A,2,4.5,0.8354
B000RQPXHC,3,4.0,0.9046
B000RRG0ZU,1,5.0,0.9337
B000RRG104,1,5.0,0.8834
B000RRKN4E,1,5.0,0.6124
B000RT9G2M,1,5.0,0.8288
B000RT9JCE,1,5.0,0.8934
B000RUCZVU,1,4.0,0.8402
B000RUD2WQ,2,3.0,0.2698
B000RUF8GY,4,1.75,-0.5138
B000RUI0MS,2,4.0,0.6752
B000RUIICU,1,1.0,0.2263
B000RW7XVU,1,4.0,0.7351
B000RW8LWU,1,4.0,0.7717
B000RWGA6E,1,5.0,-0.8225
B000RWJMJQ,1,5.0,0.6249
B000RX83UO,1,5.0,0.9792
B000RXA5GY,1,4.0,0.9186
B000RXESL2,1,5.0,0.966
B000RXH0Q2,1,5.0,0.9839
B000RY5EVO,1,5.0,0.7506
B000RY6VKC,1,5.0,0.9168
B000RY8Z88,1,5.0,0.9565
B000RYBDLE,2,5.0,0.3512
B000RYNNJY,1,5.0,0.7579
B000RYPITW,1,5.0,0.8779
B000RYPP5E,1,5.0,-0.0516
B000RYU5B8,1,4.0,0.2716
B000RZAJL8,6,4.8333,0.6127
B000RZDLD6,4,5.0,0.7822
B000RZNY5G,2,5.0,0.648
B000RZSPTG,2,5.0,0.8911
B000S0XFNQ,6,5.0,0.7014
B000S11CD0,1,5.0,0.5709
B000S11CTY,1,5.0,0.5956
B000S15BMS,1,4.0,0.8271
B000S15C0E,1,5.0,0.9186
B000S15L0U,1,5.0,0.9682
B000S16NLQ,1,3.0,0.6249
B000S16WRQ,2,5.0,0.8948
B000S16XV6,1,5.0,0.5849
B000S1JVEM,2,5.0,0.8291
B000S2K1XQ,1,5.0,0.8578
B000S4BBA6,1,5.0,0.6249
B000S4CYAM,1,5.0,0.9753
B000S4D09G,2,5.0,0.9513
B000S4D5IM,1,4.0,0.0
B000S4DAF0,5,4.4,0.7239
B000S4ED9W,1,5.0,0.9231
B000S4EICE,1,5.0,0.1779
B000S4EIX8,1,5.0,0.969
B000S4EMH0,1,5.0,0.8176
B000S4GCNM,2,5.0,0.9432
B000S4GD4A,1,5.0,0.9571
B000S4HTWA,1,5.0,0.8503
B000S4I0ZK,1,5.0,0.9345
B000S5VEU2,1,5.0,0.6597
B000S671XU,1,5.0,0.9189
B000S67220,1,5.0,0.9517
B000S67NZ6,3,4.3333,0.8936
B000S6908Y,2,4.5,0.7645
B000S690A2,2,5.0,0.9247
B000S6CCJ8,3,5.0,0.9097
B000S806VM,2,5.0,0.1236
B000S81E2C,1,1.0,-0.0056
B000S83NA8,2,4.5,0.9028
B000S83R2M,2,4.5,0.871
B000S83YCK,1,5.0,0.891
B000S83YCU,1,5.0,0.9862
B000S85ADQ,1,5.0,0.9246
B000S85LDK,1,5.0,0.9235
B000S89GGI,2,5.0,0.9196
B000S92OZ2,1,4.0,0.6674
B000S92PO2,2,4.0,0.3689
B000S94EXC,1,4.0,0.9531
B000S95OLS,2,5.0,0.8886
B000S97K5Q,2,4.0,0.9552
B000S97K9M,2,5.0,0.7273
B000S97KBA,1,5.0,0.9509
B000S9IGVI,3,4.6667,0.9539
B000S9IJN8,5,5.0,0.8486
B000S9RM4K,1,5.0,0.851
B000SAFNPE,3,5.0,0.908
B000SAFOLW,1,5.0,0.7346
B000SAHOZQ,1,2.0,0.5759
B000SAHPAK,1,5.0,0.9413
B000SAJC1A,1,5.0,0.3612
B000SALATM,1,5.0,0.8934
B000SANRL6,1,5.0,0.9584
B000SANRX4,1,5.0,0.5719
B000SANS1U,1,4.0,0.7579
B000SANS2E,1,1.0,-0.5563
B000SANS60,1,1.0,-0.4215
B000SANS9W,1,2.0,0.7096
B000SANTI2,1,3.0,0.6051
B000SANU6I,2,3.0,0.3083
B000SANU7C,11,4.9091,0.8531
B000SANU8Q,1,5.0,0.6486
B000SANUA4,6,4.5,0.7149
B000SANUAE,1,5.0,0.8519
B000SANUAO,1,4.0,0.6249
B000SANUB8,2,3.0,0.485
B000SANUEU,1,1.0,0.6369
B000SANUI6,1,5.0,0.9468
B000SANUJ0,3,4.6667,0.8825
B000SAO95E,1,5.0,0.836
B000SAOKIU,1,5.0,0.4588
B000SAPV6A,1,5.0,0.9455
B000SAPV9W,1,5.0,0.9217
B000SAPVAQ,1,1.0,0.5423
B000SAPW9Q,1,3.0,0.4019
B000SAPWZK,1,5.0,0.9371
B000SAPX6S,5,5.0,0.8672
B000SAPX7W,2,1.0,0.6098
B000SAPX8G,2,2.0,0.4998
B000SAPXEU,4,5.0,0.8847
B000SAPXF4,2,4.5,0.5788
B000SAPXFO,9,4.0,0.5848
B000SAPXGS,4,3.75,0.4219
B000SAPXN6,2,4.5,0.8454
B000SAPXNQ,3,4.6667,0.9744
B000SAPXPY,5,5.0,0.4834
B000SAPXRW,1,5.0,0.7906
B000SAPXSQ,1,4.0,0.9368
B000SAPXWC,2,4.5,0.6223
B000SAQACE,1,5.0,0.6597
B000SAQCWC,1,5.0,0.9867
B000SARHCQ,1,5.0,0.9619
B000SARHDK,1,5.0,0.7783
B000SARHSU,1,5.0,0.9612
B000SARJF6,8,3.125,0.4536
B000SARJFG,1,1.0,0.6597
B000SARJHY,2,4.0,0.7558
B000SARJLA,3,5.0,0.9489
B000SARJM4,7,4.0,0.6538
B000SARJMY,1,3.0,0.836
B000SARJO2,2,1.5,-0.0044
B000SARJPG,1,5.0,0.9694
B000SARJQK,1,2.0,-0.3818
B000SARJRY,3,5.0,0.7669
B000SARJT2,3,4.3333,0.6782
B000SARJVA,1,5.0,0.9719
B000SARK1Y,2,2.0,0.6418
B000SARZ2S,2,5.0,0.9584
B000SARZ46,3,5.0,0.8823
B000SARZ64,4,3.75,0.9222
B000SARZ9Q,2,5.0,0.9536
B000SARZAU,1,5.0,0.7184
B000SATFZ8,1,5.0,0.765
B000SATGHK,6,5.0,0.8107
B000SATGRU,1,1.0,0.0
B000SATGXE,1,1.0,0.576
B000SATIBO,1,4.0,0.836
B000SATICI,4,3.0,0.7158
B000SATID2,2,3.5,0.6365
B000SATIE6,16,4.1875,0.7767
B000SATIEG,5,4.2,0.9487
B000SATIFA,13,3.9231,0.5825
B000SATIG4,1,1.0,0.6486
B000SATIGO,8,4.0,0.782
B000SATILO,4,5.0,0.8193
B000SATIMI,4,5.0,0.939
B000SATIMS,1,5.0,0.9022
B000SATIN2,1,5.0,0.6597
B000SATINC,1,5.0,0.9666
B000SATINM,1,1.0,0.5003
B000SATIOQ,2,5.0,0.8888
B000SATIS2,2,4.0,0.9371
B000SATIV4,1,5.0,0.9646
B000SATIZA,29,4.6552,0.8162
B000SATUWG,6,3.3333,0.2908
B000SATXK0,1,5.0,0.8555
B000SAUVC4,1,5.0,0.7906
B000SAVJVG,1,2.0,-0.3182
B000SAVWR2,10,4.1,0.8406
B000SAXQ7Q,1,5.0,0.8519
B000SDINBC,1,5.0,0.8545
B000SDIO3E,2,3.0,-0.2962
B000SDKDM4,36,4.3056,0.8016
B000SDMFC0,15,3.8667,0.7707
B000SDMFHA,5,3.0,0.789
B000SDO5YQ,14,4.0,0.7812
B000SDO6PO,4,4.5,0.7809
B000SDX1NW,1,1.0,0.836
B000SE2T3O,1,4.0,0.6486
B000SE7BYG,1,5.0,0.886
B000SEJ8L0,1,5.0,0.9944
B000SEOI10,1,5.0,0.93
B000SJ3RNA,3,5.0,0.0333
B000SJHUFG,2,3.0,0.9056
B000SKS8JM,3,1.6667,0.6819
B000SKWR9Y,1,1.0,0.0
B000SLZU6K,1,4.0,0.3182
B000SMN0DO,13,4.6154,0.878
B000SMN6LK,1,5.0,0.8137
B000SMWSXW,2,4.5,0.7018
B000SMYTWU,4,4.0,0.8054
B000SNCM9G,1,5.0,0.9246
B000SP1CTU,1,3.0,0.4215
B000SP1CWW,9,3.8889,0.526
B000SP1WX6,2,4.0,0.8971
B000SP5SO0,1,4.0,0.6705
B000SQFGRS,2,5.0,0.8603
B000SQIE0E,4,3.5,0.5674
B000SQK3RG,1,4.0,0.9677
B000SQLQ0Y,5,3.2,0.5338
B000SQN3OG,4,3.5,0.8382
B000SR10YA,3,5.0,0.8848
B000SR1392,1,3.0,0.1754
B000SR1QKI,2,3.5,0.8748
B000SSNM1I,3,3.6667,0.4203
B000SSNS5S,1,2.0,0.8249
B000SSPV5S,2,4.5,0.871
B000SSTZVY,1,5.0,0.8402
B000SSVW9M,1,5.0,0.0
B000SSXTAM,2,4.5,0.7998
B000ST61FQ,2,5.0,0.7839
B000ST7Q82,1,3.0,0.4685
B000ST8UG4,1,5.0,0.8192
B000ST9FTU,2,5.0,0.4467
B000ST9GCQ,5,3.0,0.7466
B000STWOWA,1,5.0,-0.0516
B000STZRTW,2,4.0,0.7386
B000STZS28,1,5.0,0.6369
B000SU1LUU,9,4.6667,0.764
B000SU201O,14,4.9286,0.6557
B000SU6S9Y,1,5.0,0.7719
B000SU8LN0,1,1.0,0.7423
B000SUKHZ0,2,5.0,0.9406
B000SV572C,2,4.5,0.9714
B000SV5DKS,4,4.0,0.3544
B000SV8ZLM,1,5.0,0.9565
B000SV8ZNU,1,1.0,0.765
B000SV90J8,1,5.0,0.9451
B000SVFAHE,3,5.0,0.8385
B000SVHBYO,2,5.0,0.5782
B000SVRVC6,1,5.0,0.9633
B000SW1FO0,1,5.0,0.9686
B000SW2PJ4,1,5.0,0.8779
B000SW4KPQ,1,5.0,0.8748
B000SW4LVY,1,5.0,0.6697
B000SW4NZI,1,5.0,0.9729
B000SWTE02,2,5.0,0.5762
B000SWTKV0,10,4.8,0.7661
B000SWVDD8,2,5.0,0.8624
B000SWVKAE,3,4.0,0.6403
B000SWVPV8,4,3.75,0.4904
B000SXXJMK,2,5.0,0.4778
B000T2CXCM,2,4.0,0.7243
B000T2JDWK,4,5.0,0.8098
B000T3OYOQ,1,3.0,0.6249
B000T44J68,1,5.0,0.9274
B000T49SQ4,1,5.0,0.3612
B000T69MKO,1,1.0,0.6808
B000T6AHW6,3,4.6667,0.8777
B000T6AHWG,2,2.5,0.9673
B000T6DIWC,1,2.0,0.4195
B000T7HFZW,1,5.0,0.9758
B000T7J53C,1,2.0,0.5994
B000T81VA6,1,2.0,0.888
B000T83JIS,1,2.0,0.888
B000T8TEZU,6,2.3333,0.5724
B000T8W2G8,1,5.0,0.9413
B000TA4C28,2,4.0,0.928
B000TA4LZQ,1,4.0,0.1779
B000TAFH6I,1,5.0,0.7964
B000TAZPYM,3,3.6667,0.8215
B000TBHEIQ,1,1.0,0.7906
B000TBOHYA,1,5.0,0.9732
B000TD3PAK,1,5.0,0.6486
B000TD3PCI,1,5.0,0.6486
B000TDDQTK,1,5.0,0.9494
B000TEYRMO,1,2.0,0.5423
B000TFITG8,1,1.0,-0.8679
B000TFKMSG,1,5.0,0.8402
B000TFSM92,4,5.0,0.7171
B000TG8HCI,1,4.0,0.5267
B000TGBULI,2,4.0,0.9438
B000TGX6M4,2,4.5,0.8518
B000TIOQC6,1,5.0,0.9643
B000TIXX4I,1,5.0,-0.2755
B000TIZP5I,10,4.8,0.6692
B000TK6LBS,17,4.7059,0.7992
B000TKA3F8,1,5.0,0.872
B000TM6MWY,2,2.5,-0.1115
B000TMKST2,3,3.6667,0.7523
B000TMS0QA,2,4.5,0.9072
B000TMS9LG,3,1.6667,0.0035
B000TMYMS0,2,3.0,0.0161
B000TMZI74,1,1.0,0.4404
B000TN189K,2,3.5,0.3128
B000TNZWP6,1,5.0,0.9325
B000TOB8QW,2,2.0,0.889
B000TQBEFK,2,4.0,0.956
B000TQC148,3,5.0,0.811
B000TQEWM2,45,4.3111,0.6896
B000TQFSGQ,1,5.0,0.8979
B000TQH2A6,1,1.0,0.7713
B000TRFGGM,7,4.5714,0.7068
B000TRHKGG,1,2.0,0.0
B000TS56V6,2,5.0,0.858
B000TSI79Y,1,5.0,0.926
B000TTDDWE,8,5.0,0.7831
B000TTPQBA,2,5.0,0.2816
B000TUET26,2,3.0,0.6535
B000TUIZHQ,1,5.0,0.9835
B000TUM7PM,2,4.5,0.7262
B000TUNQYI,1,5.0,0.8442
B000TUNS50,1,3.0,0.6901
B000TV4W2C,1,5.0,0.9652
B000TV8NR2,3,5.0,0.1875
B000TV8RIW,5,4.8,0.8518
B000TV8STA,4,5.0,0.87
B000TVD0OI,1,1.0,0.6705
B000TVHLD4,1,5.0,0.8834
B000TVQVNA,3,3.0,0.341
B000TVX8SG,1,4.0,0.2023
B000TVYC4U,1,5.0,0.8479
B000TW28YA,1,3.0,0.9225
B000TW4R7Q,1,3.0,0.9757
B000TWQ7TC,1,5.0,0.9081
B000TYF4DA,2,3.0,-0.1001
B000TZ1S2A,7,4.1429,0.8831
B000TZ70TA,1,5.0,0.9919
B000TZ8WEC,14,4.4286,0.666
B000U0CP08,1,5.0,0.7425
B000U0HJMC,1,5.0,0.8176
B000U0MTMW,2,5.0,0.9212
B000U676C4,1,5.0,0.7964
B000U6JFXW,2,5.0,0.9043
B000U8Z4RQ,2,3.5,0.2616
B000U8Z4VW,6,3.1667,0.7883
B000U90MNG,2,2.5,0.1665
B000U92L26,1,5.0,0.8807
B000U94MN2,2,4.5,0.2851
B000U96JEC,14,3.7143,0.6423
B000U9V58M,1,2.0,0.7845
B000U9V59Q,1,1.0,0.5141
B000U9V5BY,1,5.0,0.8442
B000U9WZ1I,1,5.0,0.8176
B000U9WZ2W,1,2.0,0.3832
B000U9WZ72,1,2.0,0.7845
B000U9YPW0,1,5.0,0.8316
B000U9YPY8,1,5.0,0.0
B000U9YQ6U,2,3.0,-0.0272
B000U9YQ74,1,5.0,0.7003
B000UA0QCM,1,1.0,0.8271
B000UA0QDQ,2,5.0,0.744
B000UA0QEK,1,2.0,0.7003
B000UA2MW4,1,1.0,0.2263
B000UA2MY2,2,3.0,-0.022
B000UA2MYW,1,1.0,0.5267
B000UA2N00,1,4.0,0.9432
B000UA2N32,1,4.0,0.7506
B000UBD88A,97,4.3093,0.6669
B000UBDKII,12,4.0,0.6894
B000UBH9YE,17,4.3529,0.6137
B000UBJL4U,2,3.0,0.2787
B000UBL0UI,5,3.8,0.6713
B000UBMO4Y,3,4.0,0.6755
B000UBOFV4,2,5.0,0.6612
B000UBPTQE,2,5.0,0.8894
B000UCOQV2,2,5.0,0.1849
B000UCOQXA,1,5.0,0.5859
B000UD2COE,1,5.0,0.9898
B000UG3FD8,1,2.0,0.802
B000UG5E0U,1,1.0,0.25
B000UG5E1E,1,5.0,0.9652
B000UGGVXY,1,1.0,0.0
B000UGUWZM,1,5.0,0.7003
B000UGXWOA,2,1.5,-0.0689
B000UGXWPE,1,1.0,-0.5719
B000UGXWQ8,2,3.0,-0.0689
B000UGZT00,3,3.0,0.6241
B000UGZT3W,1,5.0,0.9545
B000UH16LU,1,5.0,0.9758
B000UH3QWW,3,3.6667,0.6744
B000UH3R1W,6,4.8333,0.958
B000UH9KYA,1,5.0,0.765
B000UHAM3S,1,5.0,0.8957
B000UHAMBK,1,1.0,0.3182
B000UHC31W,1,5.0,0.8977
B000UHC3WG,1,5.0,0.9781
B000UHCC04,1,5.0,0.8442
B000UHE6XU,1,4.0,0.8074
B000UI8K5Y,1,4.0,0.9477
B000UI8K72,2,4.0,0.3611
B000UIAI18,1,5.0,0.9728
B000UJ5LKK,1,5.0,0.9824
B000UJ88LO,1,3.0,0.0258
B000UJREH8,4,3.75,0.7656
B000UJREM8,4,3.25,0.3968
B000UJTZ8O,5,3.6,0.1959
B000UJUWC2,1,4.0,0.1761
B000UJW0W2,4,2.0,0.3869
B000UK3G2Y,2,5.0,0.0252
B000UK7D1Y,1,5.0,0.7906
B000UK7DYG,1,5.0,0.7783
B000UL61VG,1,5.0,0.7845
B000UM1RPU,1,5.0,0.9442
B000UMC36W,1,5.0,0.9217
B000UOAG3M,2,2.0,0.689
B000UOF0YW,4,4.0,0.8079
B000UOFW9K,4,3.25,0.8721
B000UOHJ6O,2,5.0,0.864
B000UPALJ0,4,4.0,0.909
B000UPALKO,2,5.0,0.7588
B000UPNK9S,6,3.6667,0.5994
B000UQ4HBM,1,4.0,0.9493
B000USKLEM,1,4.0,0.7351
B000UTOU9I,2,1.0,0.0
B000UU8KA2,1,5.0,0.7845
B000UU8KHA,1,4.0,0.9592
B000UUA7K8,1,5.0,0.9136
B000UUH0US,2,5.0,0.9647
B000UUIYHQ,7,4.4286,0.6968
B000UUWECC,51,3.5882,0.6618
B000UUYOPW,2,1.0,0.3828
B000UV70M0,1,5.0,0.9661
B000UV9IB6,1,3.0,0.981
B000UVBYRM,39,4.6923,0.8003
B000UVEZVO,1,3.0,0.8271
B000UVK9CI,1,5.0,0.9217
B000UVKX9C,1,5.0,0.7783
B000UVKZXQ,7,3.1429,0.498
B000UVUHQQ,1,4.0,0.8402
B000UVW59S,1,5.0,0.7717
B000UVZRES,1,5.0,0.7717
B000UW1PJS,1,2.0,0.2516
B000UW4NFG,1,5.0,0.8591
B000UW5LGQ,1,5.0,0.7964
B000UWCZGK,1,2.0,0.8527
B000UWCZLA,2,3.0,0.4706
B000UWE0AO,2,3.0,0.9
B000UWKMDI,1,4.0,0.7506
B000UX3BGC,1,5.0,0.8669
B000UX73XY,1,4.0,0.4404
B000UX9PMQ,1,5.0,0.9835
B000UXA0KM,1,5.0,0.7964
B000UXA3HM,2,3.0,0.7212
B000UXBOOI,4,4.25,0.8378
B000UXDHGQ,1,5.0,0.5994
B000UXDKMM,1,5.0,0.5719
B000UXFI2M,3,4.3333,0.8925
B000UXH9X8,1,1.0,-0.8225
B000UXHA14,1,4.0,0.9246
B000UXHCYO,2,5.0,0.8234
B000UXODLO,1,5.0,0.2263
B000UXRIAM,1,2.0,0.8141
B000UXTA9O,2,2.0,0.7235
B000UXTAAI,1,1.0,0.7533
B000UXUKHA,1,5.0,0.659
B000UXUKIO,1,5.0,-0.4404
B000UXUKIY,1,1.0,0.0
B000UXUKKW,1,2.0,0.8982
B000UXUKM0,1,4.0,0.872
B000UXVIYE,1,4.0,0.9442
B000UXVIZS,1,4.0,-0.7269
B000UXVJ02,1,5.0,0.6486
B000UXVJ1Q,1,1.0,-0.4588
B000UXW95G,2,3.0,0.1512
B000UXW97E,1,5.0,0.9423
B000UXW988,3,3.0,0.6644
B000UXWQE0,1,5.0,0.8689
B000UXWQMC,2,3.0,0.5048
B000UXX6XA,1,4.0,0.8555
B000UXY2EC,9,4.1111,0.3696
B000UXY2EM,2,5.0,0.9136
B000UXY2FQ,2,3.5,0.7567
B000UXY2HY,1,4.0,0.0
B000UXY2IS,1,4.0,-0.6997
B000UXY2J2,3,4.0,0.81
B000UXYJTA,2,3.0,0.4926
B000UXYJUE,1,4.0,0.1027
B000UXZ1PQ,5,4.8,0.9097
B000UY0JIY,2,2.5,0.1654
B000UY0JUC,1,3.0,0.9432
B000UY2TU0,1,5.0,0.836
B000UY877E,1,5.0,0.5719
B000UYC2K2,1,5.0,0.9711
B000UYIPXU,7,3.7143,0.325
B000UYIPYY,11,4.7273,0.5721
B000UYIPZS,9,4.1111,0.8265
B000UYIQ5M,1,5.0,0.9442
B000UZLQG2,7,4.4286,0.9176
B000UZP92Y,1,5.0,0.7269
B000UZS23M,1,3.0,0.8779
B000UZVPKE,1,4.0,0.4404
B000UZVPKO,3,4.6667,0.7032
B000UZVQD0,1,1.0,0.7579
B000UZVQDA,1,5.0,0.91
B000UZWWHO,2,4.5,0.8311
B000UZZICA,1,5.0,0.9766
B000UZZICU,1,5.0,0.926
B000V0CW5A,5,2.8,0.6164
B000V0CW5K,5,3.8,0.8809
B000V0DHBS,2,2.0,0.6471
B000V0EZZ0,3,3.3333,0.6499
B000V0F00O,3,3.6667,0.7709
B000V0FKUO,2,5.0,0.911
B000V0H4A8,7,4.7143,0.9087
B000V0HPIE,5,4.0,0.7777
B000V0KUXG,2,5.0,0.95
B000V0QW3S,1,2.0,0.9826
B000V12QFK,2,5.0,0.7666
B000V12QFU,1,5.0,0.9747
B000V1423O,1,5.0,0.802
B000V17MJA,4,4.75,0.8474
B000V17ML8,7,4.5714,0.8267
B000V17MLI,5,4.4,0.6326
B000V17MLS,35,4.6,0.8509
B000V18TQU,2,4.5,0.937
B000V1AWBK,6,4.5,0.8584
B000V1AWBU,1,5.0,0.8591
B000V1AWCY,1,3.0,-0.7269
B000V1D19A,8,4.5,0.6984
B000V1ECO8,1,5.0,0.7579
B000V1FHO2,3,3.6667,0.8075
B000V1FI5U,1,5.0,0.9565
B000V1HG6E,4,4.0,0.7166
B000V1IMD0,1,5.0,0.9272
B000V1JVAI,4,3.0,0.0144
B000V1JVBC,2,3.5,0.7204
B000V1JVC6,4,3.5,0.8218
B000V1JVCG,2,2.5,0.7725
B000V1LWUA,1,5.0,0.3612
B000V1LXU4,2,4.0,0.8956
B000V1O28E,4,3.5,0.8544
B000V1O28Y,3,3.6667,0.4356
B000V1O3ZQ,5,5.0,0.7493
B000V1O40U,5,4.6,0.7832
B000V1P422,2,4.5,0.9022
B000V1R9P2,1,5.0,0.7269
B000V1RBRS,4,5.0,0.8906
B000V1RBSC,1,2.0,0.7717
B000V1U83W,1,1.0,0.9056
B000V1UUZ8,1,5.0,0.5423
B000V1WXH6,2,3.0,0.0795
B000V1WXJO,2,2.0,-0.1542
B000V20606,4,3.75,0.5675
B000V228I4,1,3.0,-0.3041
B000V228KC,3,4.0,0.9593
B000V2H1P4,2,5.0,0.8864
B000V36U3M,1,5.0,0.8555
B000V4PW6M,1,5.0,0.7845
B000V4VES2,1,3.0,0.6815
B000V4VEXM,1,5.0,0.9638
B000V4WPB2,1,5.0,0.5719
B000V53HCM,1,5.0,0.6124
B000V5IM8G,1,5.0,0.8558
B000V5X0MO,1,5.0,0.7964
B000V604JA,1,5.0,0.8479
B000V60API,1,5.0,0.8658
B000V6FTTU,5,3.8,0.4909
B000V6FTZE,1,4.0,0.7096
B000V6FTZO,1,5.0,0.9836
B000V6FTZY,3,1.3333,0.2739
B000V6FU08,6,4.6667,0.7428
B000V6FU0I,1,5.0,0.9633
B000V6FU12,1,1.0,-0.2732
B000V6GAMK,1,5.0,0.9392
B000V6HQPA,1,4.0,0.968
B000V6HQPK,2,4.5,0.9652
B000V6HQPU,1,2.0,0.6901
B000V6HQQ4,5,2.6,0.7293
B000V6L2BY,1,3.0,-0.5574
B000V6L2FK,1,4.0,0.9583
B000V6MY8E,1,5.0,0.7003
B000V6VWWI,1,5.0,0.9822
B000V71Q0K,1,5.0,0.2263
B000V71Q3M,1,1.0,0.3612
B000V760SS,2,4.0,0.4308
B000V762EA,4,4.0,0.8072
B000V762K4,1,5.0,0.9246
B000V76YOS,1,4.0,0.6948
B000V7710O,4,3.0,0.2986
B000V78TDM,3,3.6667,0.7688
B000V7CXE8,1,5.0,0.926
B000V7J0L2,1,5.0,0.3182
B000V7MCBC,2,4.5,0.3876
B000V7MWMG,1,5.0,0.9485
B000V7N4JQ,1,4.0,0.932
B000V7OUWG,1,3.0,-0.7579
B000V7QWLI,4,3.0,0.4638
B000V7SUPY,2,1.0,0.5563
B000V7SV1W,3,3.0,0.8342
B000V7W686,1,4.0,0.8411
B000V8XXWS,3,4.3333,0.7296
B000V91JMI,1,5.0,0.9501
B000V91N6A,1,5.0,0.9451
B000V93804,1,1.0,0.222
B000V93BVK,2,1.0,0.6938
B000V93BW4,3,4.6667,0.8829
B000V94SK8,4,5.0,0.8351
B000V94SKI,2,4.5,0.9386
B000V94YH0,2,2.0,0.8194
B000V94YHA,1,5.0,0.8779
B000V96C4I,5,5.0,0.7565
B000V96C66,2,5.0,0.8958
B000V992TU,1,4.0,0.8934
B000V992WC,2,3.5,0.3406
B000V9CLE8,1,5.0,-0.3893
B000V9CLH0,6,5.0,0.8492
B000V9E8VM,1,5.0,-0.5994
B000V9EIIU,6,4.0,0.6365
B000V9EIJY,1,5.0,0.9019
B000V9EIK8,1,5.0,0.9493
B000V9EIKI,1,1.0,0.4215
B000V9G1EE,1,5.0,0.872
B000V9LPTK,1,2.0,-0.1935
B000V9LPUO,4,5.0,0.7401
B000V9LPWC,1,4.0,0.8176
B000V9NFLQ,2,5.0,0.9544
B000V9NKYS,3,3.6667,0.001
B000V9PGR2,1,4.0,0.5314
B000V9PGSG,7,4.2857,0.9134
B000V9PGWC,1,4.0,0.9971
B000V9PH3A,4,3.5,0.8709
B000V9PH4O,10,3.9,0.6516
B000V9R2S8,1,2.0,0.659
B000V9R9KO,2,4.0,0.781
B000V9R9Q8,1,4.0,0.4215
B000V9SMXC,2,5.0,0.6884
B000V9SN5E,3,4.3333,0.9218
B000V9SN72,1,5.0,0.765
B000V9VLOO,9,4.3333,0.645
B000V9WKJO,1,4.0,0.8979
B000V9WSLY,5,4.8,0.7459
B000VA09A0,1,5.0,0.9723
B000VA0PU4,1,5.0,0.8934
B000VA3YVG,5,4.4,0.7615
B000VA5LZI,4,4.25,0.876
B000VB335C,1,5.0,-0.6525
B000VB4RZ2,1,5.0,-0.5
B000VBSFLY,2,3.5,0.1849
B000VBSL3Q,6,4.6667,0.8798
B000VBVZRK,1,5.0,0.9712
B000VBWLEQ,3,4.0,0.89
B000VBX4R4,2,3.0,0.6114
B000VBYI7Y,2,4.5,0.8556
B000VBZWQU,1,4.0,0.3182
B000VCQFG0,1,5.0,0.6369
B000VD6N5M,2,4.5,0.778
B000VD8HS8,1,5.0,0.864
B000VD8I1O,2,5.0,0.7704
B000VDEGY2,3,4.3333,0.6174
B000VDKZ1K,1,1.0,0.8519
B000VDL7RG,7,4.4286,0.8131
B000VDN1B6,1,5.0,0.5096
B000VDNB34,2,5.0,0.7824
B000VDNXVO,1,5.0,0.91
B000VDP11Y,1,5.0,0.891
B000VDP13M,2,5.0,0.9788
B000VDP16O,1,5.0,0.9477
B000VDQ0UA,1,4.0,0.9788
B000VDWYXC,1,5.0,0.8176
B000VG9KH2,1,5.0,0.9726
B000VGCSLC,2,5.0,0.3124
B000VGI5NC,1,2.0,0.4804
B000VH3MYI,1,5.0,0.9663
B000VH55V6,2,5.0,0.862
B000VHAN6S,1,5.0,0.5267
B000VHFFO8,5,4.0,0.3204
B000VHGD0S,1,3.0,0.9618
B000VHJPKI,7,3.2857,0.6558
B000VHZ84A,4,5.0,0.8028
B000VI3JCC,3,4.6667,0.7065
B000VI6YL0,1,5.0,0.9854
B000VI89KO,2,4.5,0.8424
B000VI8XW8,1,5.0,0.4939
B000VICB76,1,2.0,0.8059
B000VICU72,1,3.0,-0.0258
B000VIFCYU,12,4.4167,0.4648
B000VIGCR6,1,5.0,0.8275
B000VIHUKY,1,5.0,0.9042
B000VIKCZO,1,5.0,0.9762
B000VILCQ2,1,5.0,0.9001
B000VILOBK,2,4.5,0.7779
B000VIMPJ0,1,5.0,0.7984
B000VIOQNS,1,5.0,0.9747
B000VIQSQQ,1,5.0,0.6361
B000VIQSTS,1,4.0,0.6597
B000VJD5LQ,1,5.0,0.3182
B000VJHD9Q,1,2.0,0.2732
B000VJMSGE,2,5.0,0.9357
B000VJRAP8,1,3.0,0.5423
B000VJRP0S,2,5.0,0.982
B000VJUIN4,4,5.0,0.9664
B000VJVCL6,1,5.0,0.91
B000VJX8QI,1,1.0,0.2732
B000VJYMKE,1,1.0,-0.4019
B000VJYTZM,44,4.1818,0.4989
B000VJYU3S,2,3.5,-0.3953
B000VK08OC,36,4.4722,0.3864
B000VK2UDE,1,5.0,0.9381
B000VK2W6O,4,5.0,0.8669
B000VK2WPA,1,4.0,0.7902
B000VK2WZA,2,5.0,0.6749
B000VK339O,6,3.8333,0.825
B000VK339Y,12,3.9167,0.6195
B000VK33C6,31,4.5161,0.802
B000VK3QNC,2,5.0,0.8383
B000VK3ZGU,1,2.0,0.0
B000VK4AZ0,1,4.0,0.9534
B000VK4AZU,1,5.0,0.0
B000VK4BT0,1,2.0,0.9887
B000VK4CT4,3,3.6667,0.3951
B000VK4CTO,2,4.5,0.8833
B000VK4DCU,1,5.0,0.9225
B000VK4E6A,1,5.0,0.9231
B000VK4EVA,1,5.0,0.9186
B000VK4EZG,1,5.0,0.7506
B000VK4F00,1,4.0,0.0
B000VK4F5A,3,4.6667,0.955
B000VK4K2S,18,4.3333,0.5712
B000VK4K3W,13,3.8462,0.7552
B000VK4K50,3,5.0,0.8992
B000VK5SYC,2,4.0,0.0852
B000VK6ML0,1,5.0,0.9756
B000VK6NDC,4,3.5,0.3916
B000VK6O72,1,4.0,0.4767
B000VK6P1C,2,4.5,0.8869
B000VK6TD6,5,3.4,0.7909
B000VK6TGI,12,4.1667,0.7765
B000VK6TKE,3,5.0,0.9315
B000VK6TKO,23,4.2174,0.717
B000VK88IA,3,4.6667,0.7199
B000VK89F2,1,4.0,0.9617
B000VK89U2,1,5.0,0.8316
B000VK89UM,4,3.75,0.87
B000VK8A0Q,1,5.0,0.9531
B000VK8A4W,2,4.5,0.6759
B000VK8AA6,2,5.0,0.7194
B000VK8AVK,95,4.1158,0.7258
B000VK8CFE,1,3.0,-0.5719
B000VK8HCW,16,3.0,0.378
B000VK8HJ0,14,4.2857,0.7519
B000VK9SI4,1,4.0,0.6808
B000VK9VQI,1,3.0,0.7906
B000VK9VQS,2,4.5,0.9203
B000VK9XQ6,1,1.0,0.5423
B000VKA5LS,1,4.0,0.617
B000VKA680,2,5.0,0.8474
B000VKA68A,1,4.0,0.9421
B000VKA6GC,2,5.0,0.9462
B000VKA6I0,2,5.0,0.8034
B000VKA6ZS,6,3.3333,0.5323
B000VKA7Q6,3,3.6667,0.8053
B000VKA92I,20,4.5,0.5388
B000VKADQK,14,4.3571,0.6582
B000VKADRY,3,4.6667,0.6651
B000VKADSS,12,4.0,0.7546
B000VKYKTG,3,5.0,0.8042
B000VKYMUS,1,5.0,0.921
B000VLSWI0,1,1.0,0.891
B000VLVDU4,1,5.0,0.0516
B000VLVF5W,1,5.0,0.936
B000VM2FV4,1,5.0,0.8271
B000VM7HFS,2,3.5,0.6898
B000VMBE8E,6,4.3333,0.7457
B000VMDB7Q,15,3.6,0.8296
B000VMI8W4,3,5.0,0.9256
B000VMLFOM,1,5.0,0.9501
B000VNNSEG,2,5.0,0.8952
B000VNOTQC,2,4.5,0.5642
B000VNR9LO,2,5.0,0.8042
B000VNTY7Q,1,5.0,0.5719
B000VOJOM0,1,5.0,0.4201
B000VPD6MS,1,5.0,0.946
B000VPIYB6,1,5.0,0.9099
B000VPKYSW,1,2.0,-0.1531
B000VPRGCO,1,5.0,0.926
B000VPVO9U,1,5.0,0.9781
B000VPWWIC,1,2.0,0.34
B000VQ9I92,1,3.0,0.1531
B000VQBF98,1,5.0,0.872
B000VQBIPY,5,4.6,0.8256
B000VQD4Z6,4,5.0,0.5475
B000VRI1T4,1,5.0,0.7506
B000VRLS5I,2,5.0,0.4494
B000VRT26A,1,5.0,0.9349
B000VS8O86,1,5.0,0.7717
B000VSDA3A,4,4.0,0.3869
B000VSDBNE,1,4.0,0.7485
B000VSDCH4,1,5.0,0.7184
B000VSDFRG,1,5.0,0.9565
B000VSDNMS,1,5.0,0.743
B000VSFMCW,3,4.3333,0.8377
B000VTFITS,1,5.0,0.7691
B000VTFIWK,2,5.0,0.7935
B000VTIJ4E,4,4.0,0.945
B000VTOE3E,1,5.0,0.9852
B000VTQB6W,12,4.8333,0.755
B000VTR1G6,4,4.5,0.6866
B000VTRCB0,1,5.0,0.6369
B000VTRI32,16,4.75,0.7054
B000VTRI3C,4,4.75,0.6837
B000VTT2PE,1,5.0,0.9869
B000VTTAMY,16,4.75,0.8235
B000VUCG6K,1,5.0,0.6808
B000VULA5S,1,5.0,0.0
B000VUP64O,1,5.0,0.4019
B000VVJ2MK,1,2.0,0.7184
B000VVOCRK,2,5.0,0.8674
B000VVP2II,6,4.8333,0.8452
B000VVP2JM,1,4.0,0.743
B000VVP2LK,5,3.8,0.0748
B000VVT9IC,6,3.3333,0.5236
B000VVT9IM,4,4.5,0.8954
B000VVT9LE,3,4.3333,0.8152
B000VVTTPA,2,5.0,0.8387
B000VVVJ6W,3,5.0,0.5497
B000VVY0WW,3,5.0,0.9112
B000VVY0X6,1,5.0,0.8126
B000VVY0XG,1,1.0,0.0
B000VVY0YK,1,5.0,0.4303
B000VW6FTM,1,5.0,0.926
B000VXB11I,1,5.0,0.6908
B000VXFRLI,1,5.0,0.4588
B000VXMOAK,2,5.0,0.2647
B000VXWJR8,1,1.0,0.6124
B000VXYV6K,11,3.4545,0.454
B000VY16AS,1,5.0,0.7096
B000VY8MK0,1,2.0,-0.5769
B000VYC0JE,1,3.0,0.7351
B000VYD0MA,4,4.75,-0.0405
B000VYP3PW,1,5.0,0.4215
B000VYP4EM,2,5.0,0.6535
B000VYP4EW,1,4.0,0.9618
B000VYQI60,1,5.0,0.9169
B000VZ8DJ4,1,5.0,0.5719
B000VZK96O,2,5.0,0.8902
B000VZNH0O,1,5.0,0.8074
B000VZPYFA,1,5.0,0.945
B000VZQTXG,3,4.6667,0.5743
B000VZR3RC,1,2.0,0.9623
B000VZSNS0,2,5.0,0.6911
B000VZSRWM,7,4.1429,0.3518
B000VZSYCK,1,4.0,0.9876
B000VZSYR0,2,5.0,0.8364
B000VZTTQ0,3,5.0,0.7457
B000VZVVNO,1,5.0,0.6369
B000VZW0OI,1,5.0,0.9382
B000VZXNZI,1,5.0,0.9493
B000VZXO0M,1,5.0,0.9674
B000VZZS9M,1,5.0,0.9259
B000W09XZG,1,5.0,0.6249
B000W0A78S,8,4.0,0.8655
B000W1MIQG,1,5.0,0.5719
B000W255II,1,5.0,0.8689
B000W283DC,4,4.0,0.8948
B000W2GXKC,5,4.4,0.6377
B000W2VVZY,1,2.0,0.9196
B000W4MJRG,1,2.0,0.8442
B000W4OQRW,6,4.5,0.89
B000W4OUCS,2,5.0,0.7574
B000W522KO,3,3.6667,0.955
B000W59DQU,1,4.0,0.8074
B000W5AQ98,1,5.0,0.0996
B000W5BS9K,2,5.0,0.9398
B000W5FOX6,1,1.0,0.6486
B000W5I8KM,6,4.3333,0.8576
B000W5JAXQ,1,5.0,0.7717
B000W5N12C,1,5.0,0.9524
B000W5P0KI,3,3.6667,-0.0046
B000W5P0RQ,1,1.0,-0.4767
B000W5QS9U,1,5.0,0.8225
B000W5QSYA,1,5.0,0.997
B000W5QSZE,2,5.0,0.9062
B000W5QT3A,3,4.3333,0.9132
B000W5SLB8,22,4.4091,0.8012
B000W5SLEU,16,4.125,0.7423
B000W5SLHW,19,4.5263,0.9098
B000W5U5H6,2,4.5,0.8969
B000W5U5RG,1,1.0,0.8774
B000W63NRY,1,5.0,0.765
B000W642B0,1,1.0,0.836
B000W655AW,1,5.0,0.9348
B000W67CWQ,1,5.0,0.9545
B000W6Z3ZE,1,4.0,0.4019
B000W77S60,3,4.6667,0.7557
B000W79R5A,1,5.0,0.8957
B000W7GXZ2,1,4.0,0.9393
B000W7PUOW,2,4.0,0.9314
B000W7PURO,1,1.0,0.7845
B000W7PUS8,3,5.0,0.9242
B000W7R7NE,4,4.75,0.771
B000W7T4US,1,3.0,0.7096
B000W7T4Y4,1,5.0,0.5106
B000W7TCS2,3,5.0,0.5718
B000W7V7PI,1,4.0,0.9337
B000W7V7X0,2,5.0,0.9354
B000W7VD0W,2,5.0,0.6166
B000W7WQX0,7,4.7143,0.7234
B000W7WRCA,1,4.0,0.8225
B000W7WRFC,2,4.5,0.6348
B000W7WRGG,1,3.0,0.7906
B000W8R77Y,1,5.0,0.8402
B000W8UVEU,1,3.0,0.6597
B000W8XOT4,1,5.0,0.3859
B000W8XYP8,1,5.0,0.8169
B000WAC1F0,3,4.6667,0.4573
B000WAC1N2,1,5.0,0.9062
B000WAFJ0E,2,3.0,0.3439
B000WAVRBY,1,3.0,0.7351
B000WB1YSE,29,3.9655,0.5734
B000WBH938,1,1.0,0.9413
B000WBM7BC,1,5.0,0.7003
B000WCW75C,2,5.0,0.897
B000WE7VOW,1,5.0,0.7783
B000WECTGW,1,5.0,0.9186
B000WEKOQE,3,5.0,0.5667
B000WEMG8S,1,1.0,0.4019
B000WEMH5K,1,1.0,-0.1027
B000WEMIFY,1,4.0,0.6597
B000WEMJ2G,1,5.0,0.9231
B000WEPI1K,3,3.3333,0.8422
B000WER5RA,1,1.0,-0.8555
B000WFEKQ8,1,4.0,0.3612
B000WFEMHK,2,3.0,0.4781
B000WFEN74,27,3.6667,0.7491
B000WFEODW,5,4.0,0.6634
B000WFEOPA,1,5.0,0.6597
B000WFGOX0,8,4.625,0.711
B000WFGSUY,2,5.0,0.7712
B000WFIQE0,1,5.0,0.9477
B000WFIYQU,1,1.0,0.9732
B000WFKEO0,1,5.0,0.9729
B000WFKGR0,11,4.7273,0.6807
B000WFKGV6,1,5.0,0.9153
B000WFKH1K,1,5.0,-0.3818
B000WFKHN8,1,1.0,0.802
B000WFKI82,27,4.037,0.7923
B000WFKJ7W,1,4.0,0.8074
B000WFKO8Q,2,5.0,0.0486
B000WFKTWM,1,5.0,0.9179
B000WFKUOY,1,5.0,0.765
B000WFKUWG,1,5.0,0.6697
B000WFKW5Q,1,5.0,0.4939
B000WFKWDI,27,3.5556,0.7626
B000WFKZA8,1,5.0,0.8752
B000WFL0HK,1,2.0,-0.5423
B000WFLOCQ,1,1.0,0.8442
B000WFLONA,1,5.0,0.8176
B000WFLQ1K,1,4.0,0.8689
B000WFLUK2,1,5.0,0.9118
B000WFLXWW,2,4.5,0.9512
B000WFLZ84,1,5.0,0.8687
B000WFM9QQ,10,4.9,0.9015
B000WFMCFE,5,4.4,0.9337
B000WFMFPQ,1,4.0,0.861
B000WFMIEO,1,2.0,0.0258
B000WFN0VO,31,4.5161,0.7737
B000WFNB6S,2,3.5,0.7829
B000WFNFBE,2,5.0,0.9421
B000WFNLP4,5,5.0,0.8059
B000WFNO6A,3,2.3333,0.539
B000WFNO9C,2,1.0,0.0
B000WFNQ6S,2,4.5,0.9732
B000WFNW4O,15,4.6667,0.8485
B000WFORH0,34,4.1471,0.8468
B000WFPH5G,13,5.0,0.8895
B000WFPJIG,22,3.7727,0.7579
B000WFPN1E,1,5.0,0.7574
B000WFPNVE,1,5.0,0.8438
B000WFPOHW,1,5.0,0.9762
B000WFPPDK,2,5.0,0.6506
B000WFRN1C,3,3.6667,0.8381
B000WFRN9E,4,4.5,0.7177
B000WFRNU8,1,5.0,0.9776
B000WFRNV2,1,5.0,0.9665
B000WFRQ96,1,5.0,0.7269
B000WFRQQ4,24,4.625,0.7708
B000WFRRWW,1,5.0,0.9217
B000WFRUP6,6,4.5,0.7487
B000WFRWXG,3,5.0,0.8822
B000WFRYWU,13,4.6154,0.8368
B000WFS9G0,11,4.8182,0.8738
B000WFSBC2,1,5.0,0.9459
B000WFSKK0,11,4.9091,0.8321
B000WFSQQS,1,5.0,0.8459
B000WFU8O6,25,4.52,0.7374
B000WFUFNK,1,5.0,0.9273
B000WFUL3E,17,3.9412,0.7473
B000WFZO22,1,1.0,0.7845
B000WG5AWK,1,5.0,0.5267
B000WG5GZG,1,2.0,0.8555
B000WG6URO,1,5.0,0.9042
B000WG851I,2,4.5,0.9696
B000WH4PQQ,1,5.0,0.7906
B000WH63ZC,2,4.0,0.4474
B000WH9LSI,2,4.5,0.9334
B000WHOB5G,1,5.0,0.5106
B000WHPNI0,3,3.6667,0.7793
B000WJ6C42,1,5.0,0.919
B000WJIJ1Q,1,5.0,0.9325
B000WJLSE6,1,5.0,0.7783
B000WJN6QO,1,5.0,0.9169
B000WJNX3A,3,5.0,0.5763
B000WK3F9Q,1,5.0,0.8926
B000WKXVLI,4,4.5,0.7995
B000WKZPSK,2,5.0,0.8452
B000WL167S,1,5.0,0.8271
B000WL179U,1,3.0,0.802
B000WL39JQ,2,3.5,0.8122
B000WL58J0,3,4.6667,0.7341
B000WLIAPE,1,2.0,-0.0516
B000WLSK54,1,4.0,0.7783
B000WLXMVQ,8,3.375,0.6614
B000WMNIT6,1,5.0,0.4404
B000WMPGDW,2,5.0,0.4557
B000WMRNA6,1,1.0,-0.4767
B000WMU2HM,2,5.0,0.6833
B000WN0S7K,1,5.0,0.8885
B000WN0T74,1,5.0,0.7845
B000WN1FV8,3,4.6667,0.9046
B000WN468M,4,4.0,0.8455
B000WN47JU,1,5.0,0.835
B000WN5L5E,4,4.0,0.893
B000WNGPD6,2,3.0,0.8552
B000WNJ73Q,4,5.0,0.9171
B000WNLC66,3,2.0,0.6674
B000WNZD0W,2,5.0,0.818
B000WO1HYC,1,5.0,0.9153
B000WODGPA,1,5.0,0.25
B000WOIZ6K,1,5.0,0.8807
B000WOL3FU,1,5.0,0.9965
B000WOL3QE,1,5.0,0.9965
B000WQ1AYC,1,5.0,0.0
B000WR0MQS,1,3.0,0.8126
B000WR4A48,1,5.0,0.9402
B000WR4IRW,2,5.0,0.9515
B000WR4LMY,1,5.0,0.9022
B000WR8NSM,1,5.0,0.7003
B000WR8PGC,1,3.0,0.6353
B000WR8PQC,1,5.0,0.7783
B000WS00PU,1,1.0,0.0
B000WS0GPO,1,4.0,0.4019
B000WS1KHM,1,5.0,0.9559
B000WS3APW,1,5.0,-0.7941
B000WSHV1Q,5,5.0,0.6712
B000WSX1I8,1,5.0,0.8718
B000WSX9PI,1,5.0,-0.6486
B000WT6D5K,1,5.0,0.9881
B000WT93TS,1,5.0,0.5106
B000WTAL8U,1,1.0,0.9747
B000WTB2DS,1,5.0,0.6798
B000WTEJC4,3,2.6667,0.3979
B000WUVGZG,1,5.0,0.0
B000WUVZCK,8,3.375,0.6504
B000WV153I,12,4.5833,0.7432
B000WVW5MI,1,5.0,0.9229
B000WVY4PE,39,4.5897,0.6349
B000WVYB8Y,35,4.5143,0.7261
B000WVZPD4,1,5.0,0.0
B000WW2M8Y,1,5.0,0.8271
B000WW6VZO,1,5.0,0.9393
B000WXEMOU,2,4.5,0.7545
B000WXTLR8,1,5.0,0.9674
B000WY7SB8,1,4.0,0.9238
B000WY96Q8,1,1.0,-0.802
B000WY9JS8,1,5.0,0.765
B000WYE4CO,1,1.0,0.3036
B000WZ1VQU,3,4.3333,0.5513
B000WZPX1E,1,2.0,0.0772
B000WZZVI4,2,3.5,0.4945
B000X07LOA,1,1.0,0.4404
B000X0BIEO,1,3.0,0.9666
B000X0W84I,1,1.0,0.5106
B000X0Z9CQ,1,2.0,0.4019
B000X1CC02,4,4.0,0.6822
B000X1F9XY,6,3.1667,0.662
B000X1GFN2,3,5.0,0.0769
B000X1L3C0,4,4.75,0.4783
B000X1L3D4,2,5.0,0.7375
B000X1Q1G8,36,1.5278,0.1442
B000X1SBBQ,1,5.0,0.9728
B000X1SQ3O,1,4.0,0.9076
B000X1STJU,2,3.0,0.2532
B000X1T24G,1,5.0,0.7096
B000X1U0LA,1,4.0,0.8543
B000X1XAH6,1,4.0,0.8957
B000X2CWTM,2,5.0,0.7478
B000X3IPQA,4,5.0,0.6081
B000X4JRI4,1,5.0,0.875
B000X4JVCQ,1,5.0,0.8316
B000X5Q984,3,2.6667,0.8498
B000X5YM7O,3,2.3333,-0.3116
B000X60V82,5,2.4,0.2844
B000X61W9O,1,5.0,0.9423
B000X65LY6,1,5.0,0.7964
B000X958MS,4,3.25,0.6039
B000X98Z5A,2,5.0,0.9622
B000X9CX1W,1,5.0,0.9001
B000X9CX26,2,5.0,0.6869
B000X9D8ZM,4,2.0,0.3103
B000X9F2CO,2,4.5,0.9818
B000X9K3DC,2,5.0,0.972
B000X9NRKS,10,4.0,0.7183
B000X9TRH0,1,4.0,0.9846
B000XAMNPC,1,2.0,0.5719
B000XB2E1E,4,5.0,0.8576
B000XB49U8,3,5.0,0.7614
B000XB4A0W,1,3.0,0.9413
B000XB4XBS,1,5.0,0.836
B000XB5ITY,2,5.0,0.9036
B000XB5YMK,1,5.0,0.9792
B000XB5YPC,1,5.0,0.9479
B000XB5YR0,1,5.0,0.9403
B000XB81DE,1,1.0,0.3875
B000XB8GPC,1,4.0,0.8625
B000XBCBIA,7,4.4286,0.421
B000XBZK60,1,5.0,0.7713
B000XE6A84,1,1.0,0.0258
B000XE7S7Q,4,4.75,0.5078
B000XE90FY,2,5.0,0.577
B000XEAWKQ,1,5.0,0.91
B000XEAWLA,2,2.5,0.2152
B000XEAWNS,3,4.6667,0.8943
B000XEN1LS,2,5.0,0.9095
B000XEQEQ2,2,3.5,0.8018
B000XERN9E,1,5.0,0.8316
B000XEV9TO,1,5.0,0.967
B000XEV9YE,17,4.9412,0.8822
B000XEX3G6,1,5.0,0.9287
B000XEXCSA,4,4.25,0.6677
B000XEYUMC,1,5.0,0.8885
B000XEYUO0,1,2.0,0.8799
B000XEZ5HG,2,2.5,-0.0484
B000XF0U3O,1,4.0,0.9534
B000XF0U4S,1,5.0,0.9664
B000XF165U,1,3.0,0.872
B000XH8T8U,1,5.0,0.994
B000XHXXA4,2,4.5,0.9164
B000XIZLUS,7,4.8571,0.5968
B000XJLJGC,2,3.0,0.9789
B000XJLPVG,1,5.0,0.9845
B000XJOJPK,2,3.0,0.4856
B000XJS6Z4,3,4.6667,0.8713
B000XK0318,1,2.0,0.8316
B000XK8LHQ,1,5.0,0.9938
B000XK8MCA,3,4.6667,0.6242
B000XKCCV2,6,4.6667,0.7368
B000XKEENG,2,5.0,0.8906
B000XMAHPS,1,5.0,0.8555
B000XME5AQ,1,1.0,0.5994
B000XMMP76,1,5.0,0.7003
B000XMVHA2,1,5.0,0.9682
B000XNAXLK,1,5.0,0.9531
B000XQ5HDQ,16,3.8125,0.5722
B000XQ6RNK,1,5.0,0.9701
B000XQATWA,1,5.0,0.9708
B000XQATY8,2,5.0,0.8748
B000XQCMWA,2,5.0,0.7407
B000XQQQ68,1,3.0,-0.5081
B000XQTNIQ,2,5.0,0.9759
B000XQZOXY,2,5.0,0.9822
B000XR5MLW,3,3.3333,0.5734
B000XR6IVK,1,5.0,0.9934
B000XRYXWQ,1,5.0,0.8591
B000XS6RJW,7,4.5714,0.6126
B000XS90HS,3,4.0,0.2428
B000XSANDS,1,5.0,0.9682
B000XSCKLG,1,5.0,0.8442
B000XSCXIG,2,5.0,0.7664
B000XSGMHO,22,4.6818,0.8379
B000XSJLW2,13,4.7692,0.701
B000XSJLWM,2,5.0,0.9666
B000XTGCLY,1,4.0,0.296
B000XU3T64,1,5.0,0.7964
B000XV291E,1,5.0,0.8979
B000XXO4M4,1,4.0,0.9958
B000XXTA46,2,3.0,0.184
B000XXVI5U,1,5.0,0.9287
B000XXX60K,2,4.0,0.084
B000XY08PK,11,4.0,0.6579
B000XZA09I,2,5.0,0.6509
B000XZBXP8,14,4.6429,0.684
B000XZBXPS,1,5.0,0.9599
B000XZDYXM,2,5.0,0.9408
B000XZFZES,1,1.0,0.7774
B000XZFZI4,5,4.8,0.6612
B000XZHJI8,1,5.0,0.9955
B000Y02VZI,1,5.0,0.9118
B000Y041JW,1,1.0,0.0516
B000Y06F8M,1,5.0,0.5106
B000Y0M2MA,1,1.0,-0.0516
B000Y26LUW,1,5.0,0.9566
B000Y26LW0,3,5.0,0.9161
B000Y28HOA,1,1.0,0.886
B000Y28HOU,2,3.0,0.2703
B000Y28TC0,1,5.0,0.9812
B000Y2AICY,1,5.0,0.7964
B000Y2CI9U,4,4.75,0.9258
B000Y2CT6M,5,4.8,0.9077
B000Y2EH4E,1,5.0,0.7109
B000Y2G2W4,2,4.5,0.8878
B000Y2LI0U,1,5.0,0.926
B000Y2LY7W,2,4.0,0.1209
B000Y2M07U,1,5.0,0.9629
B000Y2QCN8,1,5.0,0.8316
B000Y36ZIE,3,4.3333,0.7073
B000Y3F4UE,2,4.5,0.3296
B000Y3F4XG,2,5.0,0.7066
B000Y3H2J0,2,4.0,0.1001
B000Y3ZECM,2,4.5,0.8322
B000Y434HI,4,4.25,0.4454
B000Y4H9U6,1,5.0,0.9738
B000Y4IE82,2,5.0,0.4822
B000Y4S38I,13,4.0,0.7467
B000Y5BR3A,3,5.0,0.8701
B000Y5JFYI,1,5.0,0.4215
B000Y6Z0DM,8,3.375,0.854
B000Y8UU9O,1,5.0,0.9805
B000Y8UUO4,1,1.0,0.6908
B000Y8X0LE,19,4.0,0.8274
B000Y8Y5F4,4,5.0,0.76
B000Y8Y8HY,3,5.0,0.8044
B000Y91MX6,1,3.0,0.7884
B000Y91MZE,1,3.0,-0.4588
B000YAES3Q,2,5.0,0.1042
B000YAH1PS,1,2.0,0.6486
B000YAXHHE,1,5.0,0.9349
B000YB12PW,1,5.0,0.9861
B000YBKP50,3,3.0,0.3652
B000YBPEZ6,2,5.0,0.869
B000YBUYDS,1,5.0,0.9259
B000YC317I,1,2.0,-0.4767
B000YCQH4W,1,5.0,0.3182
B000YDIXDO,1,5.0,0.7717
B000YDPG52,1,5.0,0.9246
B000YDPLVG,1,5.0,0.9764
B000YDRGSM,1,2.0,0.3744
B000YDRP2Y,2,3.0,0.053
B000YDTOVE,1,1.0,0.6705
B000YDV1IS,1,5.0,0.743
B000YDV444,2,4.0,0.83
B000YE9CRO,1,5.0,0.939
B000YF42SC,1,4.0,0.9826
B000YF4PZW,3,3.3333,0.5875
B000YF804O,1,4.0,0.3612
B000YFA024,1,4.0,0.7732
B000YFABU0,1,1.0,0.9723
B000YFDYZE,1,5.0,0.8689
B000YFH38I,1,1.0,-0.8074
B000YFTJIU,1,5.0,0.9287
B000YFVBJU,2,5.0,0.8534
B000YFX5GM,2,5.0,0.8566
B000YFZ9XY,1,5.0,0.875
B000YG64DW,1,5.0,0.9887
B000YGMK1W,1,4.0,0.9393
B000YGOLR8,3,4.6667,0.9336
B000YGOT3E,2,2.5,0.249
B000YH7156,1,5.0,0.6527
B000YH8YG6,2,5.0,0.5469
B000YHCZWA,1,1.0,-0.3612
B000YHGMTW,1,5.0,0.7003
B000YHI1XW,1,1.0,-0.1027
B000YHI63M,1,5.0,0.9413
B000YHLS8W,11,4.0909,0.707
B000YHMWS2,1,5.0,0.8957
B000YHN3C6,1,4.0,0.0
B000YHN9ES,1,4.0,0.5505
B000YHNQSC,6,4.5,0.8029
B000YHRGP6,1,5.0,0.9545
B000YHTGMC,1,5.0,0.8885
B000YHZ0U4,2,5.0,0.8732
B000YI1KPM,1,5.0,0.6808
B000YIWN0S,2,5.0,0.9447
B000YJ1JRK,1,4.0,-0.0516
B000YJ35DQ,1,2.0,0.1027
B000YJAJ76,1,5.0,0.8779
B000YJBHEK,1,5.0,0.9273
B000YJTUT4,1,5.0,0.9847
B000YJXRVQ,3,3.6667,0.5375
B000YK5WF4,1,5.0,0.0772
B000YK7V9O,2,5.0,0.1758
B000YKBGD6,1,5.0,0.9607
B000YKBMSA,4,5.0,0.8297
B000YKD1JS,4,5.0,0.3122
B000YKD30A,1,5.0,0.3818
B000YKD6UW,1,2.0,0.7096
B000YO4YZO,1,4.0,0.7783
B000YOQOAC,1,5.0,0.967
B000YP7MXO,1,5.0,0.4404
B000YPG7RQ,4,5.0,0.884
B000YPIIPK,2,4.5,0.838
B000YPIIRI,1,5.0,-0.743
B000YPIJ0Y,1,5.0,0.9485
B000YPIJTU,11,4.4545,0.6899
B000YPIL2K,3,4.6667,0.8232
B000YPIR7Y,1,5.0,0.9201
B000YPKODY,1,1.0,0.9359
B000YPKPV0,1,5.0,0.9042
B000YPKQ28,1,5.0,0.9732
B000YPKRNG,1,5.0,0.8591
B000YPKSN0,2,5.0,0.9061
B000YPMK04,2,5.0,0.8205
B000YPMK2C,2,5.0,0.606
B000YPMKRC,2,3.0,0.2104
B000YPMKXQ,1,3.0,0.5719
B000YPML30,1,5.0,0.9595
B000YPO6EM,1,5.0,0.9042
B000YPO6II,1,5.0,0.8519
B000YPO6V0,3,4.6667,0.8821
B000YPO8FY,3,5.0,0.8378
B000YPO8PE,1,1.0,0.8126
B000YPO9DA,2,5.0,0.9522
B000YPQBY0,3,2.6667,0.2612
B000YPQC08,1,5.0,0.7003
B000YPQE8S,2,3.5,0.962
B000YQ2FG2,1,5.0,0.4404
B000YQAJGU,4,5.0,0.5931
B000YQCDQY,4,5.0,0.8474
B000YQDCMS,2,4.5,0.7073
B000YQFQF4,1,5.0,0.4404
B000YQP5GY,1,4.0,0.8176
B000YQUY2E,1,4.0,0.8555
B000YSQ9GC,39,3.9231,0.6687
B000YSQA7U,5,2.6,0.1799
B000YSRJC0,1,5.0,0.8074
B000YSRK7E,28,4.5,0.8401
B000YSS7EO,31,3.7419,0.6722
B000YSTGGW,29,4.1034,0.7211
B000YSTH16,1,5.0,0.891
B000YSTIL0,36,4.6111,0.8848
B000YSVLVU,1,5.0,0.8316
B000YSWADS,1,5.0,0.9936
B000YSWAE2,1,5.0,0.9053
B000YSXDDY,7,4.7143,0.8429
B000YT2YBU,1,5.0,0.0516
B000YT3400,1,5.0,0.7548
B000YT3FGS,2,5.0,0.8506
B000YT3I56,1,1.0,0.7643
B000YT3IO2,1,5.0,0.3612
B000YT3LSU,1,5.0,0.9652
B000YT3M9S,1,5.0,0.9517
B000YT3MHK,2,3.5,0.6586
B000YT54Y4,1,5.0,0.9863
B000YT5PPM,1,5.0,0.91
B000YT7DYI,1,5.0,0.969
B000YT7EDS,3,3.6667,0.8354
B000YT7RLW,6,4.1667,0.3928
B000YT7RY4,2,2.5,0.5042
B000YT7TEC,6,4.5,0.7612
B000YT7THY,1,5.0,0.936
B000YT985U,2,3.0,0.7869
B000YT989G,1,5.0,0.8622
B000YT9CQU,2,5.0,0.8792
B000YT9GCU,1,5.0,0.8074
B000YT9K58,1,5.0,0.4404
B000YT9L3O,2,3.0,-0.0114
B000YT9LYI,1,5.0,0.8643
B000YTALSS,1,5.0,0.6062
B000YTAOIU,1,5.0,0.9525
B000YTAXBS,1,5.0,0.7845
B000YTAYMQ,1,5.0,0.92
B000YTAYQ2,1,5.0,0.9186
B000YTAZSE,1,1.0,-0.3245
B000YTB0N8,1,5.0,0.93
B000YTB1BO,1,4.0,0.8173
B000YTB1QY,1,5.0,0.8442
B000YTB1WI,1,2.0,0.3262
B000YTB1WS,1,4.0,0.5859
B000YTC9MO,4,4.0,0.8105
B000YTCBN6,3,5.0,0.8407
B000YU0ONE,1,5.0,0.9216
B000YUOI4A,2,4.0,0.684
B000YUOWVO,7,4.0,0.649
B000YUOY30,2,5.0,0.8778
B000YUOZU2,6,3.3333,0.3719
B000YUQUM8,2,4.0,0.6286
B000YV0AX2,1,5.0,0.8834
B000YV0VUE,1,4.0,0.9062
B000YV5XVG,1,4.0,0.7964
B000YV7WBU,2,5.0,0.8622
B000YV7WOC,1,5.0,0.968
B000YV7X1O,2,5.0,0.5518
B000YV7Y68,1,5.0,0.6597
B000YV7YBS,4,4.75,0.689
B000YV9PYC,1,5.0,0.9849
B000YV9QMI,3,4.6667,0.7323
B000YVBP36,1,5.0,0.0
B000YVBQYO,1,1.0,0.8591
B000YVF72Q,1,1.0,0.5729
B000YVGMAW,3,3.6667,0.4571
B000YVGMZW,17,3.8824,0.6661
B000YVGNFG,2,4.5,0.839
B000YVILME,1,5.0,0.9482
B000YW7Q0Q,2,5.0,0.6265
B000YYAVSS,1,2.0,-0.4215
B000YZ0U4W,1,5.0,0.8251
B000YZ30EY,1,5.0,0.8847
B000YZT99Y,2,5.0,0.9075
B000YZTAS4,1,5.0,0.9678
B000YZTFC0,1,5.0,0.8885
B000YZU3NA,1,5.0,0.7906
B000YZYPT8,1,5.0,0.9772
B000Z006FO,1,3.0,0.6597
B000Z01O78,1,5.0,0.9834
B000Z3IPZY,6,5.0,0.938
B000Z3IQ0S,6,4.3333,0.7345
B000Z3IQ3U,14,4.9286,0.7693
B000Z3MBIQ,1,1.0,0.8261
B000Z3MBMC,4,5.0,0.9184
B000Z3MBRM,9,4.5556,0.8138
B000Z3ODRI,4,4.75,0.9618
B000Z3ODTG,8,5.0,0.8694
B000Z3P9FS,9,5.0,0.6597
B000Z3R81Q,1,5.0,0.9349
B000Z3V3LM,2,4.5,0.9708
B000Z3VUEC,4,4.0,0.8724
B000Z45RL8,1,5.0,0.4588
B000Z497TG,1,5.0,0.8858
B000Z4AYM0,1,2.0,0.3612
B000Z4JISQ,1,5.0,0.9882
B000Z4SWII,14,4.5714,0.6856
B000Z4TDXQ,3,3.6667,0.506
B000Z4WRXE,5,4.2,0.8822
B000Z4WRYS,7,4.7143,0.9255
B000Z7FA94,1,5.0,-0.0553
B000Z7KR6A,1,5.0,0.9577
B000Z8P34A,2,5.0,0.9282
B000Z8R63G,2,1.0,0.2469
B000Z8RZ3M,1,5.0,0.9413
B000Z8VGAA,2,5.0,0.857
B000Z8Z8DQ,6,4.6667,0.7501
B000Z8ZOM6,2,3.0,0.932
B000Z91G4A,1,5.0,0.9939
B000Z91L4K,2,5.0,0.9874
B000Z91QJK,2,3.5,0.8358
B000Z91YTC,1,5.0,0.9705
B000Z92WFC,1,5.0,0.9723
B000Z93NN2,1,2.0,0.9612
B000Z94AGQ,1,5.0,0.9735
B000Z95UME,1,3.0,0.6302
B000Z96B86,1,2.0,0.4404
B000Z978SS,12,3.6667,0.5905
B000Z97I3I,1,3.0,0.9015
B000Z9RWRK,1,4.0,0.8625
B000ZCRKSI,1,5.0,-0.128
B000ZD5NLS,3,5.0,0.8294
B000ZD752S,2,5.0,0.2202
B000ZDAMWS,1,1.0,-0.5719
B000ZE9NM2,3,4.6667,0.9153
B000ZEYI1I,3,5.0,0.9248
B000ZFDLNI,1,5.0,0.6249
B000ZGW714,1,4.0,0.8225
B000ZGY4NS,2,4.5,0.5656
B000ZGY7X0,1,5.0,0.9648
B000ZH04KY,2,3.0,0.9662
B000ZH04L8,1,5.0,0.7665
B000ZH3Y38,1,5.0,0.7943
B000ZIGL2S,1,5.0,0.8133
B000ZII98W,2,4.5,0.4557
B000ZJUP56,1,1.0,0.4404
B000ZJVEHE,1,3.0,0.7906
B000ZJYZA2,1,5.0,0.9595
B000ZK2GES,1,5.0,0.9284
B000ZK5NV6,2,5.0,0.7812
B000ZNM90G,1,3.0,0.1027
B000ZNPJG2,3,5.0,0.8474
B000ZONYPE,6,2.8333,-0.3885
B000ZQAGXK,1,5.0,0.9136
B000ZRW18C,1,1.0,0.0516
B000ZS9T8Q,1,5.0,0.8658
B000ZSTOL8,3,4.6667,0.8365
B000ZSUT2Q,1,1.0,-0.5874
B000ZSUT3A,1,2.0,-0.7783
B000ZSX4D2,10,3.8,0.8773
B000ZSX4GE,8,4.75,0.8642
B000ZSYTYK,1,5.0,0.4404
B000ZSZ31S,1,5.0,0.9606
B000ZSZ5PW,4,3.0,0.8094
B000ZSZ5RK,5,4.4,0.8672
B000ZSZ5S4,29,4.5862,0.7279
B000ZT12NK,2,4.0,0.8334
B000ZT15EQ,22,4.8636,0.892
B000ZTG4UG,7,4.1429,0.3929
B000ZZAD16,5,4.0,0.8881
B000ZZS6XS,1,5.0,0.9714
B000ZZU1YU,1,5.0,0.8779
B00106HOMK,1,5.0,0.9186
B00106L9GM,1,5.0,0.9747
B00106SS66,1,2.0,0.9042
B00106TFSQ,1,5.0,0.5719
B00106TG9Y,1,1.0,0.9884
B00106WYPM,6,4.3333,0.617
B00106Z6Y8,1,5.0,0.8093
B00106Z7LK,1,5.0,0.9393
B00106Z87I,1,5.0,0.9558
B00106ZYJ0,1,5.0,0.6369
B00107011A,2,3.5,0.063
B0010748D2,1,4.0,0.7845
B0010748DM,2,5.0,0.9024
B001076J8E,1,5.0,0.765
B00108ES0Y,2,4.5,0.1741
B00108FIRG,1,5.0,0.9538
B0010AR1C4,2,4.5,0.7326
B0010AR1E2,2,5.0,0.803
B0010B09NQ,2,5.0,0.7023
B0010B59EA,1,4.0,0.9583
B0010B6IFY,11,3.9091,0.6094
B0010BM8P8,1,5.0,0.8355
B0010BQB6A,7,4.7143,0.4803
B0010CBEY8,1,5.0,0.8807
B0010DLWT4,1,5.0,0.8658
B0010ED336,1,5.0,0.8555
B0010EGL0I,2,5.0,0.9422
B0010EI0QG,5,4.4,0.58
B0010EIIPE,4,5.0,0.4848
B0010LB3JA,1,5.0,0.8074
B0010OE8FI,2,5.0,0.7091
B0010OF8UW,6,3.8333,0.7379
B0010OMLGG,1,4.0,0.9195
B0010OOLOQ,2,4.0,0.9576
B0010OQPF4,1,5.0,0.9217
B0010OQQ2Q,6,3.8333,0.7838
B0010PM49E,1,5.0,0.9732
B0010S8XHS,1,3.0,0.0772
B0010SFG8M,1,2.0,0.93
B0010T1BIA,1,5.0,0.9686
B0010TADEI,1,5.0,0.9887
B0010TCFYO,3,4.6667,0.9028
B0010TEJBQ,1,5.0,0.9325
B0010TEJTS,4,4.0,0.882
B0010TGJQO,7,4.1429,0.8752
B0010TK9NS,1,3.0,0.4951
B0010UOGWM,16,3.625,0.5898
B0010V7BA0,2,5.0,0.9565
B0010VMEIO,3,4.6667,0.9617
B0010VO7EI,3,5.0,0.8319
B0010VO7ES,3,4.6667,0.9057
B0010VO7HA,2,4.5,0.7845
B0010VQB4C,2,2.5,0.9585
B0010VQBA6,1,5.0,0.9394
B0010XEKEI,1,4.0,0.8126
B0010XWSHY,1,5.0,0.9413
B0010Y6QBC,9,4.8889,0.8902
B0010ZLE9U,1,1.0,0.6369
B0010ZZXM4,1,5.0,0.9062
B0011010XY,1,5.0,0.9022
B00110FILY,2,3.5,0.551
B00110FN28,6,3.0,0.2502
B00110HEH0,1,4.0,0.8658
B00110HIJY,1,5.0,0.8519
B00110JI4M,1,4.0,0.7184
B00111BXTY,1,5.0,0.9382
B00111DRFW,2,5.0,0.9476
B00112AGQO,1,3.0,-0.4019
B00112B9T2,1,5.0,0.9451
B00112CND8,3,4.0,0.8704
B00112EMVO,2,5.0,0.8574
B00112EMWS,1,5.0,0.9099
B00112EUM0,2,4.5,0.8118
B00112EUPM,12,4.5833,0.8522
B00112GBMM,1,1.0,0.9712
B00112GBO0,3,4.0,0.4406
B00112IEJK,4,5.0,0.8902
B00112IEJU,2,5.0,0.9188
B00112ILZM,17,4.1765,0.7752
B00112J95I,1,4.0,0.9891
B00112JV42,1,5.0,0.9271
B00112JV4C,1,2.0,-0.2755
B00112JV56,1,5.0,0.91
B00112JV60,1,5.0,0.9212
B00112K2MC,7,4.7143,0.9069
B00112U95C,1,5.0,0.6908
B00112W162,7,5.0,0.778
B00112XJUY,3,4.6667,0.7746
B00112Z3G2,1,4.0,-0.1027
B00112Z6G4,5,4.0,0.7834
B00113FULO,3,4.3333,0.8279
B00113FUOQ,1,4.0,0.8689
B00113HA3A,1,4.0,0.9978
B00113HADA,1,5.0,0.9821
B00113J9C0,6,4.3333,0.946
B00113J9O8,2,5.0,0.8342
B00113J9PM,1,5.0,0.7902
B00113JRLS,1,5.0,0.9118
B00113K0X2,1,4.0,0.1779
B00113L7J8,2,3.0,0.7573
B00113NCLE,5,3.8,0.5795
B00113OYMA,3,5.0,0.8002
B00113OZQK,3,5.0,0.7085
B00113SKZW,1,5.0,0.9509
B00113WU0S,4,4.0,0.5584
B00113XJQW,1,5.0,0.9501
B00113ZTVK,3,4.0,0.3771
B00113ZZ5U,6,3.8333,0.9191
B00115P12A,3,5.0,0.8836
B00115QA2A,1,5.0,0.946
B00115SAD2,1,5.0,0.3612
B00115SAGO,2,5.0,0.951
B00115X9Q0,3,5.0,0.8652
B00116629A,1,4.0,0.4404
B0011664YS,4,3.0,0.2495
B00116AWHS,1,5.0,0.9781
B00117ERSM,1,5.0,0.8957
B00117GEGU,12,3.5,0.4606
B00117O2J6,1,5.0,0.8834
B00117O2M8,4,5.0,0.8333
B00117Q456,3,3.0,0.4134
B00117YUH0,3,2.3333,-0.2589
B001181MXO,1,3.0,0.0
B001181MY8,2,4.5,0.8137
B001181NBA,27,4.7407,0.7748
B001181XUG,2,4.0,0.8546
B001185XTI,2,5.0,0.8906
B001189I3A,18,2.9444,0.5857
B00118ON44,1,3.0,0.6908
B00119Q3EQ,12,4.25,0.3723
B00119QGYI,1,3.0,0.7184
B00119V23S,1,5.0,0.9652
B0011B715Y,1,4.0,0.9201
B0011BJHZG,1,5.0,0.8799
B0011BLE0W,2,5.0,0.636
B0011BPCVO,1,5.0,0.4215
B0011BPDHC,1,5.0,0.902
B0011BPL1U,2,5.0,0.901
B0011CVMRG,1,5.0,0.9916
B0011CVPAA,1,5.0,0.4215
B0011CX1S4,1,5.0,0.743
B0011CX2M4,4,4.75,0.8474
B0011CXONQ,1,5.0,0.8817
B0011CZ6BE,1,5.0,0.9337
B0011DFY38,12,4.6667,0.5062
B0011DM1RK,1,5.0,0.9313
B0011DMMM4,3,5.0,0.872
B0011DMP8K,1,5.0,0.9035
B0011DMXTQ,1,5.0,0.7351
B0011DN9EO,3,3.6667,-0.0008
B0011DORYU,1,5.0,0.9747
B0011DQSFQ,1,5.0,0.765
B0011DR7II,1,5.0,0.8439
B0011DRYWW,1,5.0,0.9531
B0011DRYX6,1,5.0,0.0258
B0011DV892,1,5.0,0.7717
B0011EO7WQ,19,4.1053,0.6339
B0011FQE3K,1,5.0,0.8834
B0011FWEKW,3,4.0,0.5772
B0011FYQR6,1,5.0,0.8555
B0011G6DMG,1,5.0,0.9698
B0011MAQ6O,7,3.1429,0.3158
B0011MFW4A,2,5.0,0.9843
B0011MP3NK,1,3.0,-0.5606
B0011MTYF8,9,5.0,0.7568
B0011MZLEQ,3,5.0,0.7865
B0011SAELK,1,5.0,0.9709
B0011T4QCW,1,5.0,0.9538
B0011T8STE,1,3.0,0.9389
B0011UGYLM,1,1.0,-0.9856
B0011ULFVG,1,2.0,0.9187
B0011UN9T2,1,2.0,-0.1027
B0011VRFWS,2,4.5,0.4674
B0011VUBU6,3,4.6667,0.8755
B0011X5S8Y,1,5.0,0.802
B0011X5S98,1,5.0,0.9726
B0011XKHY4,3,4.0,0.388
B0011Z69UI,2,5.0,0.9448
B0011Z83AC,1,5.0,0.0772
B0011ZY61C,1,5.0,0.9381
B0011ZY61M,2,4.5,0.9318
B001200A9S,3,4.6667,0.9342
B0012046NY,1,5.0,0.5083
B00120TKR6,1,5.0,0.7717
B00120U5DY,13,4.2308,0.7951
B00120VKAQ,1,4.0,0.9652
B00120VWSG,22,4.0,0.6426
B00120VWSQ,11,3.9091,0.5839
B00120XR0M,13,4.0769,0.8531
B0012143AE,2,3.0,0.7378
B001216DLG,1,5.0,0.9493
B0012188L4,2,3.0,0.9176
B00121BQK4,1,5.0,0.9382
B00121BQUE,1,5.0,0.8903
B00121J8GI,1,4.0,0.9442
B00121Z9SE,1,5.0,0.9468
B001225KGO,4,4.75,0.8938
B001225KVY,1,5.0,0.8934
B001225KXM,1,2.0,0.3597
B0012271RA,1,2.0,0.659
B0012272NI,3,2.3333,0.2606
B0012272P6,2,5.0,0.9156
B0012273XC,2,4.5,0.8365
B001228Q5Q,1,5.0,0.8442
B001228Q6A,1,5.0,0.7964
B001228QE2,1,5.0,0.8689
B001228QWY,1,5.0,0.5994
B001228RBY,1,5.0,0.861
B00122AM2G,1,5.0,0.6908
B00122AM76,1,5.0,0.9403
B00122AMM6,1,4.0,0.8297
B00122AMS0,6,5.0,0.4965
B00122AMZI,2,3.0,0.8441
B00122AN6Q,1,5.0,0.3182
B00122ATVU,1,4.0,0.9008
B00122BKI6,3,2.0,0.3886
B00122CL48,1,1.0,-0.0516
B00122CM60,3,4.3333,0.9041
B00122CMBA,1,5.0,0.7717
B00122CN8C,3,5.0,0.6368
B00122DL10,2,4.5,0.8796
B00122E5RY,1,1.0,0.0258
B00122E5SS,3,4.3333,0.9022
B00122E5TW,1,5.0,0.5994
B00122E63M,1,5.0,0.9379
B00122E6S2,2,4.5,0.846
B00122E740,1,5.0,0.8957
B00122E74A,2,5.0,0.9078
B00124TTG4,6,4.3333,0.5765
B00124TUTK,1,5.0,0.802
B00124VPLQ,3,4.0,0.6489
B00124VPX4,3,3.3333,0.7615
B00124VQ06,8,3.5,0.6187
B00124VRPU,2,5.0,0.8503
B00124WBCS,6,3.5,0.8847
B00124WCHC,1,3.0,0.926
B00124WD1W,2,4.0,-0.0828
B00124WQ82,2,5.0,0.8149
B00124YDMY,3,5.0,0.6685
B00124YOFU,6,4.6667,0.8037
B00125BV2I,1,5.0,-0.2732
B00125LVQ4,1,5.0,0.9119
B00125NOCI,1,5.0,0.9766
B00125PX8Q,1,5.0,0.9153
B00125PX9U,4,4.0,0.9011
B00125R7TE,1,5.0,0.9411
B00125SY64,1,4.0,0.9442
B00125VUPG,1,5.0,0.9766
B00125VW8Q,3,4.6667,0.5973
B00125W15Y,1,5.0,0.946
B00125ZCWI,44,4.6818,0.6734
B0012690UC,6,3.3333,0.705
B001269FLG,1,4.0,0.9313
B001269FMA,1,5.0,0.8689
B001269FMU,1,4.0,0.4019
B001269FUM,2,2.5,0.7526
B001269GB0,1,5.0,0.9402
B001269GMO,1,5.0,0.9201
B001269GT2,3,5.0,0.9431
B001269GUG,1,5.0,0.9509
B001269GW4,1,5.0,0.9393
B00126AN9Y,1,5.0,0.872
B00126ANCG,1,5.0,0.9301
B00126ANDA,1,3.0,0.7717
B00126APBA,1,5.0,0.5859
B00126APC4,1,5.0,0.9153
B00126AQB4,1,5.0,0.4015
B00126B014,4,1.5,0.0276
B00126DN9Q,1,5.0,0.9501
B00126EQFQ,2,2.5,0.5211
B00126ERTG,1,5.0,0.9673
B00126ESA4,1,5.0,0.9877
B00126ESLI,1,1.0,-0.4132
B00126GBOU,1,3.0,0.836
B00126GBP4,1,5.0,0.6369
B00126GBWW,1,3.0,0.743
B00126GECO,1,1.0,-0.4132
B00126IA26,1,5.0,0.8885
B00126IA6W,1,5.0,0.2023
B00126IAJY,1,5.0,0.6698
B00126IBVG,1,5.0,0.9325
B00126ICNI,2,5.0,0.4584
B00126N3CI,1,5.0,0.9531
B00126P0HE,2,4.5,0.3715
B001276GY4,1,4.0,0.9485
B00127FW80,1,5.0,0.9423
B00127GFEA,1,4.0,0.8107
B00127L8AQ,1,4.0,0.8761
B00127T7TK,5,4.6,0.8576
B00127Z79E,2,3.5,0.7445
B0012837U4,2,5.0,0.5923
B00128DPT2,3,4.6667,0.6589
B0012A8HNY,1,4.0,0.93
B0012AD8SI,1,5.0,0.891
B0012AD8TC,1,5.0,0.0772
B0012AHGNQ,2,5.0,0.8441
B0012AL40W,1,1.0,-0.9334
B0012AL5LA,1,5.0,0.7003
B0012AN4PU,4,2.5,0.6816
B0012AOIY6,2,4.5,0.639
B0012AOIZK,1,1.0,0.3182
B0012AOJ04,1,2.0,0.6369
B0012AOJ22,1,4.0,0.9186
B0012AQNCQ,1,2.0,0.8442
B0012BQICK,1,5.0,0.9282
B0012BSB8O,1,1.0,0.0
B0012BSJQ8,2,3.5,-0.0129
B0012BSK7Q,1,1.0,-0.765
B0012BSLWU,1,5.0,0.7425
B0012BSMHY,15,3.7333,0.5488
B0012BSMJM,13,3.6923,0.713
B0012BU7P4,1,1.0,-0.1779
B0012BUR6S,13,3.6923,0.5848
B0012BUR8Q,30,4.8,0.8129
B0012BWG6W,1,5.0,0.9491
B0012BXV6Q,2,5.0,0.4828
B0012BZGGY,2,4.0,0.846
B0012BZVPA,1,3.0,0.8832
B0012C0X3O,6,4.6667,0.7933
B0012C2GFM,26,4.2308,0.7617
B0012C2QIE,2,3.0,0.3198
B0012C4X3K,6,2.8333,0.8153
B0012C4XBW,3,4.6667,0.9445
B0012C643C,1,3.0,0.5719
B0012C7VLG,28,4.1071,0.5532
B0012DFMZ2,1,5.0,0.5267
B0012DMI1S,2,3.0,0.7518
B0012DQEX6,1,5.0,0.836
B0012ER1I2,1,3.0,0.9628
B0012ESJLA,1,1.0,-0.3182
B0012EYELE,1,5.0,0.8979
B0012FZMQO,3,3.6667,0.7766
B0012HAUTQ,2,5.0,0.3998
B0012HCR9C,3,3.6667,0.4968
B0012HEVNM,6,4.1667,0.5407
B0012HEVOG,2,4.5,0.5489
B0012HEVPU,2,5.0,0.7929
B0012HEVQE,2,5.0,0.4982
B0012HLESW,1,5.0,0.8316
B0012HN81I,1,5.0,0.8818
B0012IABGM,2,3.0,-0.2832
B0012IP658,3,5.0,0.9181
B0012IT082,1,5.0,0.9081
B0012IT09G,1,1.0,-0.6808
B0012IUU5O,1,5.0,0.6369
B0012IVZXA,1,5.0,0.9356
B0012IVZXU,6,4.1667,0.6504
B0012IWV38,1,5.0,0.9152
B0012J0I9Q,1,5.0,0.8805
B0012JMSG2,1,5.0,0.3818
B0012KA8GS,1,5.0,0.9643
B0012KB3ZI,3,5.0,0.8833
B0012KB43O,1,5.0,0.936
B0012KB466,8,4.625,0.8918
B0012KB46Q,1,4.0,0.9371
B0012KB470,1,5.0,0.9022
B0012KB47K,12,4.75,0.8784
B0012KB4BG,2,5.0,0.4134
B0012KB4D4,2,4.0,0.9189
B0012KB4FW,1,5.0,0.9042
B0012KB4M0,2,5.0,0.8748
B0012KB4U2,6,4.8333,0.5473
B0012KB4WU,3,4.0,0.7644
B0012KBTWU,1,4.0,0.9246
B0012KCUHI,2,4.0,0.8422
B0012KCUKA,2,4.5,0.9324
B0012KCUOG,3,5.0,0.9511
B0012KCUPK,1,5.0,0.9286
B0012KCUPU,1,2.0,0.3976
B0012KCUR8,1,5.0,0.7968
B0012KCUUU,4,3.75,0.6567
B0012KCUV4,2,5.0,0.9115
B0012KCUXW,3,5.0,0.3764
B0012KCUZ0,1,5.0,0.7512
B0012KCVAE,2,4.0,0.7585
B0012KCVBS,7,4.2857,0.6026
B0012KCVDG,1,4.0,0.9186
B0012KCY2Y,1,5.0,0.8625
B0012KF79G,1,5.0,0.936
B0012KGZYM,1,5.0,0.6369
B0012KH06E,2,3.0,0.5904
B0012KH08M,4,4.5,0.8255
B0012KH0F0,2,5.0,0.9176
B0012KH0H8,5,4.8,0.7882
B0012KH0M8,1,5.0,0.908
B0012KIAZO,1,5.0,0.8481
B0012KIB8K,10,4.1,0.8308
B0012KIB9O,2,5.0,0.6337
B0012KIBBW,1,5.0,0.9576
B0012KIBCQ,2,4.5,0.4341
B0012KIBD0,2,5.0,0.9238
B0012KIBP8,12,4.4167,0.6025
B0012KK45S,3,4.6667,0.9093
B0012KK462,3,4.3333,0.8469
B0012KK48K,1,5.0,-0.4717
B0012KK4IU,1,3.0,0.7717
B0012L1N4I,3,2.3333,-0.3417
B0012LAFG0,1,1.0,0.6808
B0012LD5Q2,2,5.0,0.5834
B0012MC4W2,1,4.0,0.8779
B0012N1YOU,2,4.5,0.8394
B0012N65LC,2,4.0,0.3094
B0012NI060,2,3.0,0.9012
B0012NJSCU,1,4.0,0.4588
B0012NLIIM,1,5.0,0.9661
B0012NNNBM,3,4.6667,0.9875
B0012NUVN0,33,3.0606,0.7942
B0012O07JC,2,3.0,-0.2942
B0012O2N1W,1,5.0,0.5267
B0012OJ4YG,1,1.0,0.7845
B0012ONFRS,1,5.0,0.8126
B0012ONFWI,1,5.0,0.3004
B0012ONHGC,1,5.0,0.8622
B0012ORCPY,3,5.0,0.8713
B0012ORDQC,2,2.0,0.6813
B0012OTIXS,1,5.0,-0.4767
B0012OUQVQ,1,5.0,0.7783
B0012OV5RU,1,5.0,0.9704
B0012OV5VG,1,5.0,0.9776
B0012OV5WA,1,4.0,0.9628
B0012PZ7U0,1,3.0,0.0
B0012QD8MS,1,5.0,0.9619
B0012QFRR2,1,1.0,-0.836
B0012QIR06,1,5.0,0.7964
B0012QJBKQ,1,5.0,0.9912
B0012QL1JU,1,5.0,0.4048
B0012S7DH2,1,5.0,0.8442
B0012S8VHS,1,5.0,0.902
B0012SLVQQ,1,5.0,0.1779
B0012SSWKE,2,2.0,0.5418
B0012TYZ4K,4,2.5,0.7618
B0012UEHFQ,1,5.0,0.8316
B0012UG416,16,3.8125,0.6953
B0012UK4BM,3,3.0,-0.0741
B0012URWP8,1,5.0,0.9313
B0012UV1BY,2,5.0,0.9456
B0012UYVRK,3,3.6667,0.9276
B0012V1G0Y,61,3.6393,0.8134
B0012VNB70,2,1.0,0.9279
B0012VSXIM,1,5.0,0.8718
B0012W1TQE,4,4.25,0.3216
B0012X1MJ2,1,5.0,0.9673
B0012XBCZQ,14,4.0,0.8455
B0012XBD7I,29,4.0,0.6705
B0012XBDH8,16,4.0625,0.5535
B0012XCO76,7,4.5714,0.8045
B0012XEJYC,3,5.0,0.9114
B0012XEJZ6,2,3.0,0.4113
B0012XEK00,1,1.0,0.4767
B0012XGKNU,3,5.0,0.861
B0012XH7VO,1,3.0,0.9911
B0012XJBEU,1,5.0,0.8442
B0012XKO00,2,5.0,0.856
B0012XV4TA,1,5.0,0.802
B0012XYVGI,1,5.0,0.8885
B0012Y0HA6,22,3.9091,0.7979
B0012YEKCM,7,4.8571,0.915
B0012YEKCW,7,5.0,0.7715
B0012YGT9O,10,4.0,0.5324
B0012YKCO2,3,2.0,0.0277
B0012Z6QPA,2,5.0,0.8266
B0012ZHF28,3,5.0,0.608
B0012ZJ4S6,3,3.6667,0.7597
B0012ZJ4V8,4,5.0,0.9219
B0012ZTVFW,1,5.0,0.5719
B0012ZW67C,1,5.0,0.6597
B0012ZWHYY,1,5.0,0.9485
B0012ZX18A,2,3.0,0.51
B0013010H8,1,2.0,0.9423
B001326V4S,1,4.0,0.5994
B00132EDUW,3,5.0,0.7359
B00132YTO2,6,4.0,0.6039
B00133071A,1,5.0,0.9513
B001331N9U,1,1.0,0.1779
B00133OD92,1,5.0,0.9736
B00133YV7Q,1,5.0,0.7425
B00134V59C,1,4.0,0.875
B00135XQCK,1,5.0,0.6808
B00137G3XC,1,5.0,0.4767
B00138QFXO,1,5.0,0.9729
B001396HQS,20,3.9,0.7123
B001397WV2,22,3.4545,0.5995
B001397WYE,16,3.1875,0.5196
B001397WYY,20,3.75,0.7116
B001397X3O,4,2.25,0.71
B00139C3P2,16,3.625,0.5955
B00139E43Q,1,5.0,0.7845
B00139E46S,1,4.0,0.4939
B00139TT72,32,4.375,0.6681
B00139VS8U,1,5.0,0.8834
B00139YUVW,2,3.5,0.379
B00139ZPKM,31,4.3871,0.6408
B00139ZRCI,1,5.0,0.9545
B0013A03XA,1,4.0,0.8581
B0013A0NKS,4,2.75,0.757
B0013A0QXC,91,4.4286,0.7301
B0013ABIXY,1,4.0,0.7351
B0013AEBIS,1,5.0,0.3612
B0013AFTGG,1,5.0,0.7906
B0013AJU16,1,2.0,0.796
B0013APAWE,2,5.0,0.7588
B0013AR180,1,5.0,0.902
B0013AR19O,1,5.0,0.891
B0013BTP9C,18,3.1667,0.6156
B0013C1CDS,2,5.0,0.9053
B0013CARR0,2,4.5,0.8546
B0013CF7XY,1,3.0,0.9313
B0013CJLV8,1,1.0,-0.5563
B0013CLTJ0,1,1.0,-0.25
B0013E21V8,11,4.5455,0.5178
B0013E5GL0,1,4.0,0.7264
B0013E7C0S,13,4.9231,0.8356
B0013EF4YO,1,2.0,0.8979
B0013EMGU4,1,5.0,0.9432
B0013ENGXK,5,4.4,0.7612
B0013ES5WC,8,4.25,0.6249
B0013F7MUW,1,5.0,0.9337
B0013F93PY,2,4.5,0.9801
B0013FBEWE,1,5.0,0.9803
B0013FEP0W,1,3.0,0.3612
B0013FPVP0,1,4.0,0.9938
B0013FQOUG,1,5.0,0.9042
B0013GNCTQ,1,5.0,0.6808
B0013HCP4I,2,5.0,0.847
B0013HGSGY,8,4.375,0.6836
B0013HNAVU,1,5.0,0.9637
B0013ITGXA,1,2.0,0.849
B0013J761S,1,3.0,0.9186
B0013JC18G,1,4.0,0.7172
B0013JJZWG,2,4.5,0.7985
B0013JK0O8,1,5.0,0.91
B0013JNMWA,1,5.0,0.9544
B0013JNPZY,2,5.0,0.8376
B0013JNXXI,1,5.0,0.8316
B0013JOH38,2,5.0,0.7263
B0013JOKBC,2,4.5,0.75
B0013JPR8C,1,1.0,0.9464
B0013JQOIY,1,5.0,0.9042
B0013JQON4,1,5.0,0.9423
B0013JV6RS,3,5.0,0.6079
B0013KDHWO,2,5.0,0.9096
B0013KYXAO,1,1.0,0.8797
B0013L2FJY,1,5.0,0.946
B0013L55KA,1,4.0,0.9781
B0013L5KSC,1,5.0,0.7501
B0013L92Y0,2,4.5,0.9267
B0013L9A60,4,5.0,0.2432
B0013LOWDQ,1,1.0,0.7299
B0013LVMKW,6,4.3333,0.6404
B0013LVVV2,1,5.0,0.9344
B0013LWJ1S,8,4.75,0.8255
B0013LYLHS,6,4.1667,0.8154
B0013LYLIW,10,4.8,0.6958
B0013M06NA,13,3.0769,0.5286
B0013M07PW,4,5.0,0.88
B0013M1DC8,2,5.0,0.8288
B0013M5EM8,13,4.3077,0.65
B0013M5YI2,1,5.0,0.7964
B0013MCANY,1,5.0,0.8622
B0013MEB40,7,3.4286,0.7541
B0013MSY0M,4,4.25,0.5148
B0013N6YWG,2,5.0,0.8656
B0013NBM5A,2,5.0,0.8693
B0013NE1CQ,1,5.0,0.4005
B0013NG59S,1,2.0,0.8911
B0013NHT48,2,3.0,0.5631
B0013NUGDE,104,4.3173,0.7608
B0013OSJMI,1,5.0,0.9571
B0013OVWPE,8,4.75,0.8239
B0013P3KC6,8,5.0,0.3749
B0013QQ4UA,2,5.0,0.4933
B0013QRY18,1,5.0,0.9949
B0013QRY22,18,4.5,0.8809
B0013T5A34,1,3.0,0.765
B0013T5YO4,7,4.0,0.5957
B0013T71K4,1,5.0,0.9201
B0013T8Y96,3,3.6667,0.8198
B0013TAI90,1,5.0,0.6124
B0013TAL8S,1,4.0,0.8689
B0013THC12,1,5.0,0.9553
B0013THC2Q,1,5.0,-0.0207
B0013TJ5T4,1,5.0,0.8777
B0013TKTIK,1,5.0,0.9559
B0013TM22G,2,4.5,0.8508
B0013TP2BE,1,5.0,0.8834
B0013WG2TM,2,3.5,0.7708
B0013WI64G,1,5.0,0.8553
B0013XLNSG,1,1.0,0.1513
B0013XNGYA,1,5.0,0.9576
B0013Z0PTW,4,4.75,0.9111
B0013Z1R1W,10,3.8,0.7291
B0013Z3L4S,1,5.0,0.9682
B0013Z40U2,4,5.0,0.8678
B00140XGLK,2,5.0,0.405
B00141NFHO,3,5.0,0.7584
B00141NFVA,1,5.0,0.4391
B00141OU50,34,4.0588,0.6428
B00141OVJA,12,3.9167,0.8152
B00141OWDU,3,4.6667,0.8176
B00141OX52,34,3.7647,0.6489
B00141OY4W,15,3.8,0.8483
B00141QHXI,3,4.3333,0.9425
B00141QX32,10,3.4,0.6493
B00141QYMC,9,3.6667,0.7236
B00141QYSQ,12,3.6667,0.9076
B00141R0IO,20,4.1,0.8771
B00141SAW4,2,5.0,0.9006
B00141SO7A,7,4.4286,0.8643
B00141SPH4,5,5.0,0.9134
B00141SPNI,8,3.75,0.6846
B00141UC9I,36,3.8056,0.7091
B00141WDXG,35,3.2,0.6816
B00141WFWK,2,2.5,0.8621
B00141WJBM,11,4.8182,0.8597
B001426MKK,1,5.0,0.8453
B001428X16,7,4.7143,0.8897
B00142A6SO,2,2.5,0.7187
B00142B4JE,2,5.0,0.9228
B00142BX68,27,4.7407,0.669
B00142BZV6,1,5.0,0.9894
B00142C0X8,2,5.0,0.6739
B00142G9NA,2,5.0,0.9349
B00142I7BM,4,4.5,0.9364
B00142IAKU,1,4.0,0.4019
B00142IBJ0,1,5.0,0.9867
B001444G5Q,4,4.25,0.5271
B00144ECUU,2,5.0,0.9828
B00144HNWE,1,1.0,0.9801
B001452DM8,1,2.0,0.8176
B001467JYO,11,4.4545,0.4685
B00146K7MU,1,5.0,0.8658
B00149ZSD0,1,1.0,0.7845
B0014A1BWQ,7,3.7143,0.4942
B0014ATRV8,30,4.4667,0.6247
B0014ATS08,6,4.3333,0.7243
B0014AU9Z6,1,3.0,0.8702
B0014AUJII,38,4.3421,0.6224
B0014AURLM,2,4.5,0.4761
B0014AWBS4,2,3.5,-0.4593
B0014AX0WA,1,5.0,0.8934
B0014B0HWK,27,4.0,0.5154
B0014BOS70,1,5.0,0.8126
B0014BSMT0,1,5.0,0.9818
B0014C0HJW,2,5.0,0.5758
B0014C0HKG,1,5.0,0.7964
B0014C0HMO,1,5.0,0.5994
B0014C2I9Y,1,1.0,0.0
B0014C2IW6,1,5.0,0.3353
B0014C2J5W,1,5.0,0.765
B0014C2JFC,2,5.0,0.8187
B0014C3Q9K,1,5.0,0.5946
B0014C3QVS,1,1.0,0.7146
B0014C4FR2,1,5.0,0.9118
B0014C5N5A,6,4.6667,0.7952
B0014C5OB8,1,4.0,0.8625
B0014C5ODG,1,5.0,0.7845
B0014C6O44,1,5.0,0.3612
B0014CBTGC,1,5.0,0.0258
B0014D1E1Q,1,5.0,0.1027
B0014DDXZG,1,1.0,-0.8464
B0014DET4U,1,5.0,0.7918
B0014DUG0G,1,5.0,0.9628
B0014DUG9M,2,5.0,0.5514
B0014DUUFC,9,4.5556,0.8172
B0014DV48O,2,5.0,0.9258
B0014DWH2Q,1,4.0,0.9812
B0014DWHBC,1,5.0,0.5106
B0014DWHCQ,1,5.0,0.9349
B0014DXT5A,2,5.0,0.8984
B0014DZGUQ,3,5.0,0.7519
B0014DZQA6,3,5.0,0.8666
B0014E1B8G,1,5.0,0.9831
B0014EMI1A,1,5.0,0.9073
B0014EOU1G,1,1.0,-0.7724
B0014EOU48,2,5.0,0.7153
B0014EOU4S,3,4.6667,0.6441
B0014EOU5W,2,5.0,0.9744
B0014EOU8E,4,4.25,0.731
B0014EOU9S,1,5.0,0.8176
B0014EOUBQ,3,4.6667,0.7071
B0014EOUN4,1,5.0,0.8519
B0014EOUYI,1,5.0,0.93
B0014EOUYS,1,5.0,0.8591
B0014EOVAQ,1,5.0,0.5267
B0014EOVDS,1,5.0,0.9341
B0014EOVHE,1,5.0,0.7832
B0014EOVI8,1,5.0,0.743
B0014EQGYU,1,5.0,0.9778
B0014EQHI0,1,5.0,0.9732
B0014EQHK8,3,3.3333,0.3784
B0014EQHR6,3,5.0,0.5942
B0014EQHTY,1,5.0,0.9246
B0014EQHUS,1,5.0,0.4588
B0014EQI4I,3,4.6667,0.763
B0014EQICU,1,2.0,0.7579
B0014EQIFM,1,5.0,0.9404
B0014EQILQ,2,2.5,0.7344
B0014ET0VQ,4,5.0,0.8258
B0014ET1S8,2,3.0,0.2146
B0014ET1TC,1,5.0,0.9686
B0014ET1WE,2,2.0,0.89
B0014ET1ZQ,1,4.0,0.8979
B0014ET24G,2,5.0,0.8493
B0014ET2KK,1,1.0,-0.8378
B0014ET2MI,1,5.0,0.7841
B0014ET2RS,1,1.0,-0.908
B0014ET2SC,2,4.0,0.2847
B0014ET2UU,2,4.5,0.8542
B0014ET2XM,1,5.0,0.2023
B0014ET372,1,1.0,-0.483
B0014EU93Y,2,5.0,0.9038
B0014EU9P2,1,5.0,0.9531
B0014EUA1A,2,4.5,0.622
B0014EUA1U,1,3.0,0.8228
B0014EUB28,2,2.0,0.6606
B0014EW3HY,1,5.0,0.9545
B0014EW3ME,1,5.0,0.9485
B0014EW41E,1,5.0,0.7783
B0014EW48C,1,5.0,0.926
B0014EW4C8,2,3.0,0.738
B0014EW4MS,2,3.5,0.3458
B0014EW4N2,2,4.5,0.7797
B0014EW4NC,1,5.0,0.7964
B0014EW4PK,1,5.0,0.5719
B0014EW4Q4,1,5.0,0.8176
B0014EW4QY,1,4.0,0.7828
B0014EW4XW,1,2.0,0.4767
B0014EW53Q,1,4.0,0.872
B0014EW5CC,2,5.0,0.9868
B0014GDRSQ,1,4.0,0.836
B0014GFJUU,1,4.0,0.9747
B0014GHE80,1,4.0,0.6124
B0014GJ244,4,4.0,0.3365
B0014GLPO4,1,5.0,0.6249
B0014GM4V2,1,4.0,0.8036
B0014GP4F0,2,3.0,0.0398
B0014GP4L4,1,5.0,0.9347
B0014GP4X2,1,4.0,-0.4019
B0014GQWNI,1,5.0,0.8658
B0014GSMAY,1,5.0,0.6249
B0014GTDCK,1,5.0,0.9601
B0014GUBE4,1,5.0,0.9022
B0014GUBY4,4,5.0,0.8731
B0014GV19I,2,5.0,0.9271
B0014GVXDM,1,5.0,0.6486
B0014GZD56,2,5.0,0.872
B0014GZDH4,3,4.0,0.9777
B0014GZDY2,1,5.0,0.9118
B0014GZF86,1,5.0,0.9246
B0014H17HI,1,5.0,0.8689
B0014H18L8,4,4.75,0.9591
B0014H637M,2,4.5,0.8129
B0014HG2O6,4,5.0,0.677
B0014J5KHO,1,4.0,0.9767
B0014J5Y3E,3,5.0,0.8172
B0014J7JBO,1,5.0,0.4749
B0014JUPTW,11,4.4545,0.7851
B0014JUULU,1,4.0,0.5994
B0014JWQNK,1,1.0,0.3612
B0014K91GY,15,2.7333,0.5213
B0014L1PPS,4,5.0,0.606
B0014M1WA0,1,5.0,0.7506
B0014P72A6,1,5.0,0.8308
B0014PMJ7M,1,5.0,0.3818
B0014RK2F6,4,4.0,0.8872
B0014SMMW6,2,4.0,0.9516
B0014TFUC4,1,5.0,0.4404
B0014UAHQM,20,4.0,0.5822
B0014UFXGG,7,4.1429,0.5191
B0014UH6WU,2,3.0,0.802
B0014WJ3TM,1,5.0,0.8591
B0014WY6WQ,1,2.0,0.3818
B0014WYXQK,11,3.9091,0.8919
B0014WYXTC,8,4.375,0.8408
B0014WYXYW,21,4.6667,0.8685
B0014WYY1E,15,4.3333,0.9467
B0014X5O1C,25,3.96,0.8853
B0014X8D6K,1,5.0,0.9328
B0014ZCCCO,1,5.0,0.9274
B0014ZFK4Q,2,5.0,0.8704
B00150FP5Y,1,1.0,-0.1538
B0015236MG,4,5.0,0.896
B00152KJMG,1,5.0,0.926
B00152OXHS,1,5.0,0.9274
B00152PNJK,2,5.0,0.8492
B00152QQUA,1,5.0,0.9847
B00152VHXG,1,5.0,0.6025
B001534QYW,5,4.6,0.8591
B001534R00,4,4.75,0.6616
B001535GEG,2,5.0,0.6429
B001539G56,2,4.5,0.772
B00153B3KW,3,5.0,0.9403
B00153C4B4,4,4.0,0.7024
B00153DYZY,1,5.0,0.25
B00153HNQK,3,2.6667,0.2953
B00153RBBW,1,3.0,0.9274
B00153RCAM,2,5.0,0.9356
B00153SS6E,4,4.5,0.8285
B00153SSY6,2,3.0,0.8069
B00153SSZU,1,5.0,-0.1531
B00153UX9Y,1,5.0,0.9696
B00153Y3IQ,2,5.0,0.4878
B00153Y3JU,3,4.6667,0.9093
B00154J5OC,1,3.0,0.8225
B00154KOG0,1,5.0,0.7717
B00154O36C,1,5.0,0.785
B00154Q6B2,1,5.0,0.785
B00155SSOY,1,1.0,-0.3535
B00155UY3W,1,5.0,0.9686
B00155X14G,1,5.0,0.9118
B001579WH4,1,5.0,0.9118
B00158KNJE,2,5.0,0.6212
B00158NBO8,1,5.0,0.8399
B00158OLBU,1,2.0,0.7003
B00158Q2OY,3,3.0,0.7924
B00158U8DU,16,4.3125,0.6281
B00158UTDY,1,4.0,0.7906
B00159LFDQ,3,3.6667,0.5897
B00159NR3M,1,5.0,0.8225
B00159XWWI,1,4.0,0.7184
B0015A03CY,1,5.0,0.9686
B0015A03HE,1,5.0,0.7717
B0015A1YIQ,2,5.0,0.9528
B0015A23PO,1,1.0,-0.6705
B0015A2W32,2,5.0,0.9476
B0015AO7YO,2,3.0,-0.3685
B0015AR4NA,1,2.0,0.7796
B0015AUYS2,6,2.1667,0.4404
B0015AWU7U,8,5.0,0.7806
B0015AWWSW,1,1.0,0.4939
B0015CIWHK,2,5.0,0.8912
B0015CMQNG,3,2.3333,0.3534
B0015CS73E,2,4.5,0.5302
B0015D21XU,2,3.5,0.0894
B0015D22DY,1,3.0,0.6728
B0015D443A,1,1.0,-0.1742
B0015D61PE,1,5.0,0.9517
B0015D62BW,1,2.0,0.8492
B0015D8738,1,5.0,0.9762
B0015D8MQ0,1,5.0,0.8316
B0015D8MTC,1,5.0,0.7184
B0015D8MVU,1,5.0,0.8316
B0015DA1HI,1,5.0,0.967
B0015DA1MI,1,5.0,0.6597
B0015DA1MS,1,5.0,0.8402
B0015DA1UA,1,5.0,0.6124
B0015DAEG6,1,5.0,0.7927
B0015DAEHK,4,3.75,0.7898
B0015DAEI4,4,5.0,0.4977
B0015DAEKW,2,5.0,0.9296
B0015DB1TU,2,4.5,0.8618
B0015DB1U4,1,5.0,0.9217
B0015DC32O,1,4.0,0.6597
B0015DCDUQ,2,3.0,0.7588
B0015DCDWE,4,3.75,0.8728
B0015DD5OY,1,1.0,0.0772
B0015DE732,1,3.0,-0.0976
B0015DEH9Q,1,5.0,0.1779
B0015DEHEG,1,5.0,0.9501
B0015DI7KQ,1,5.0,0.9908
B0015DKEX4,1,5.0,0.7003
B0015DLN1G,1,5.0,0.4404
B0015DOLJC,1,5.0,0.9325
B0015DQG1S,2,5.0,0.6212
B0015DQG7W,3,4.6667,0.372
B0015DSKGM,1,5.0,0.4201
B0015DW1RG,1,5.0,0.8591
B0015DZBSC,1,5.0,0.8591
B0015G6QVK,2,4.0,0.8672
B0015G862M,2,4.0,0.5875
B0015GMDBM,2,5.0,0.9197
B0015GOCQG,1,5.0,0.969
B0015GPUJY,1,5.0,0.9547
B0015GRTCK,1,5.0,0.9062
B0015H19T8,1,2.0,-0.3818
B0015HDNCO,1,5.0,0.6908
B0015ILNNO,2,5.0,0.8838
B0015IMYIM,1,5.0,0.9836
B0015IQKGY,1,4.0,0.6124
B0015IS0R6,1,3.0,0.8973
B0015IS21K,1,1.0,-0.5688
B0015IS26U,1,5.0,0.8625
B0015IXLHK,2,1.5,-0.0948
B0015IXM3S,1,5.0,0.9661
B0015IXMMO,1,5.0,0.9392
B0015IZGLE,2,2.0,0.1493
B0015J77AG,1,5.0,0.7845
B0015J7BG6,1,5.0,0.9855
B0015MIGGW,3,4.0,0.8932
B0015MLVAA,4,5.0,0.8003
B0015MN2RU,1,1.0,-0.5106
B0015MRGOA,1,5.0,0.91
B0015MSNE2,5,4.8,0.905
B0015MY6PC,29,4.4828,0.8138
B0015N21Z8,2,3.0,0.6469
B0015N2234,1,1.0,0.7783
B0015N7E96,1,5.0,0.6249
B0015NE02K,2,5.0,0.9618
B0015NFYIY,1,3.0,0.0258
B0015NHRE8,1,3.0,0.0
B0015OM2S8,1,4.0,0.9279
B0015OQQTE,1,2.0,-0.2732
B0015PJ83Y,2,3.0,0.7007
B0015Q7M7W,1,5.0,0.7669
B0015Q8VAE,9,4.3333,0.8427
B0015Q94NM,6,3.8333,0.5976
B0015QBRWI,1,5.0,0.836
B0015QDWRQ,1,1.0,0.2263
B0015QGPZW,1,1.0,0.4019
B0015QSJQK,1,1.0,0.9263
B0015QV87M,1,5.0,0.25
B0015QWS80,2,3.0,0.7462
B0015QWVYG,5,2.6,0.3626
B0015R9BQG,22,4.2727,0.8908
B0015RPJKI,1,4.0,0.8271
B0015RRKVE,1,2.0,0.7003
B0015RWSIE,1,4.0,0.9682
B0015SXIYG,1,5.0,0.8074
B0015SXO2M,1,1.0,-0.3612
B0015SY87C,1,5.0,0.9485
B0015SZCU4,2,3.0,0.6767
B0015T19W8,1,4.0,0.8979
B0015TLKAE,1,5.0,0.5956
B0015TZAY6,5,3.6,0.8598
B0015U1THM,1,5.0,0.8807
B0015UJN6Q,1,5.0,0.0
B0015UW23M,4,4.5,0.6098
B0015UX574,10,4.3,0.874
B0015V1WMS,2,5.0,0.7337
B0015V5GTI,1,5.0,0.8974
B0015V5JMM,1,5.0,0.9552
B0015V7DNA,1,5.0,0.9186
B0015V7E48,3,2.3333,0.9215
B0015V7GG4,1,5.0,0.9153
B0015V885C,5,4.2,0.7224
B0015V8EOW,7,4.1429,0.9048
B0015VTGEO,3,3.6667,0.8614
B0015VVS2M,4,4.0,0.5515
B0015VW06U,1,4.0,0.9699
B0015WUQ24,3,5.0,0.8758
B0015XRRFM,1,5.0,0.7823
B0015XRZB8,1,4.0,0.3197
B0015XWN7E,2,5.0,0.9128
B0015Y60O0,2,4.5,0.9402
B0015Y87AK,1,5.0,0.7579
B0015Y943Y,11,4.9091,0.8966
B0015YHFU8,10,4.9,0.6682
B0015YJD1C,8,5.0,0.6566
B0015Z1LY8,1,5.0,0.9719
B0015Z20RU,5,3.4,0.7527
B0015Z3BT6,5,4.2,0.814
B0015ZLKX0,2,5.0,0.8282
B00160A1Y8,1,4.0,0.5653
B00161DVFS,3,4.6667,0.9077
B00161FSZY,1,5.0,0.4404
B00161FT0S,1,3.0,-0.3262
B00161O0VC,2,4.0,0.6403
B00164FO7I,1,4.0,0.836
B00164KY9G,2,5.0,0.7338
B00164UZ4A,2,4.0,0.8152
B00164V4U4,1,5.0,0.8481
B00164V4ZE,4,3.25,0.1941
B00164X59M,1,5.0,0.5468
B00164X5VA,1,5.0,0.7096
B00164X69Q,1,5.0,0.8979
B00164X6BO,1,2.0,0.7264
B00164X6FA,1,5.0,0.8984
B00164X75E,1,5.0,0.9673
B00164X9HU,2,4.5,0.4584
B00164X9SE,7,4.5714,0.8731
B00164YEJ2,5,3.2,0.7613
B001650VPC,1,5.0,0.6369
B001650VTI,4,4.0,0.7829
B001650XOG,2,3.0,0.6365
B001650XUK,1,1.0,-0.7717
B001650ZSK,2,3.0,0.6805
B00165103Y,1,5.0,0.6249
B0016510QG,5,3.2,0.7385
B0016511UG,8,5.0,0.9273
B001651228,2,3.0,0.1151
B001651282,1,5.0,0.9753
B0016512RI,1,4.0,-0.4234
B0016512YG,4,4.25,0.446
B001652JCU,2,1.0,0.4455
B001652JLG,1,5.0,0.0
B001652JXY,1,4.0,0.8807
B001652KK6,2,4.5,0.8346
B001652KR4,2,3.0,0.3796
B001652NBM,7,4.2857,0.6324
B001652NGC,1,5.0,0.8555
B001652NYY,1,1.0,-0.4019
B001652O34,1,5.0,0.9664
B00165OILA,1,5.0,0.8687
B0016661Q4,1,5.0,0.8442
B0016687F2,6,4.3333,0.6449
B0016687FW,2,5.0,0.9022
B00166BBXW,1,5.0,0.6041
B00166BN7Q,1,5.0,0.8858
B00166D8P6,1,1.0,-0.7713
B00166D8TW,5,3.8,0.4766
B001681W66,2,5.0,0.65
B001682OOA,3,5.0,0.7711
B001682P4E,1,5.0,0.8481
B001682PD0,1,5.0,0.9924
B001682QB6,5,4.2,0.8924
B001682QMA,2,3.0,0.7036
B001682QV6,1,5.0,0.9764
B001682T8Q,2,5.0,0.867
B001682TCM,3,4.0,0.3788
B001682UGW,1,1.0,0.4215
B001682V66,1,4.0,0.7574
B001683RTG,1,2.0,0.8934
B001684N2G,1,1.0,0.0772
B001684N30,1,1.0,0.8642
B001684NBM,1,5.0,0.7964
B001684NJO,1,5.0,0.6808
B001684NTE,2,3.0,-0.0951
B001684OHK,1,3.0,0.9274
B001684OTS,3,3.3333,0.4212
B001684QO6,2,3.0,0.4676
B001684RE0,4,3.0,0.41
B001684RSQ,1,5.0,0.9217
B001684SKS,1,5.0,0.973
B001684T5M,2,5.0,0.8636
B0016861BM,1,5.0,0.7787
B0016861NU,2,5.0,0.6626
B0016861P8,1,5.0,0.9299
B0016861T4,1,1.0,-0.34
B0016862HA,1,5.0,0.6808
B0016862HU,6,5.0,0.7323
B00168637Y,1,5.0,0.7574
B0016864WI,1,5.0,0.8519
B001686590,1,1.0,0.4186
B0016865WM,1,5.0,0.8625
B0016866DK,1,5.0,0.8957
B0016889C6,1,1.0,0.3758
B0016889I0,2,5.0,0.9782
B0016889JY,1,5.0,0.1987
B001688AT8,1,5.0,0.8316
B001688BE2,1,5.0,0.9509
B001688E1C,2,4.5,0.7994
B001688E4Y,1,5.0,0.9319
B001688EAS,1,5.0,0.9296
B00168AB90,1,5.0,0.5994
B00168ABLI,2,5.0,0.7355
B00168ABMW,3,5.0,0.9183
B00168ACE4,2,5.0,0.9516
B00168ACG2,1,5.0,0.6942
B00168ACUI,2,3.0,0.7242
B00168ADWU,7,4.4286,0.718
B00168AE2Y,2,5.0,0.957
B00168AE38,2,5.0,0.9099
B00168DNZ4,2,4.0,0.8974
B00168L0PY,3,5.0,0.8996
B00168NGGA,1,5.0,0.9062
B00168O43Y,1,1.0,-0.7902
B00168O664,2,4.5,0.7896
B00168Q2XE,2,4.5,0.9078
B00168Q32E,1,5.0,0.25
B00168Q338,1,5.0,0.9803
B001691P6C,4,4.0,0.7875
B001693OLQ,3,3.0,-0.8115
B00169G9TK,1,5.0,0.93
B00169MJPS,1,3.0,0.7096
B00169QSNW,2,5.0,0.9657
B00169V7TW,1,5.0,0.0
B00169X380,1,5.0,0.5719
B00169Y3CU,3,3.6667,0.5506
B0016A3UZK,1,5.0,0.9516
B0016AAF7G,1,5.0,0.9729
B0016AJQHQ,2,5.0,0.9558
B0016AJQIA,3,5.0,0.8483
B0016AXMLM,2,4.0,0.8258
B0016B1WSG,1,3.0,0.9796
B0016B3YKK,1,1.0,-0.6808
B0016B7Z32,34,4.1765,0.5182
B0016BAB42,19,3.6842,0.7265
B0016BCEE2,1,2.0,0.7845
B0016BFR4G,1,5.0,0.93
B0016BPJAI,1,5.0,0.8481
B0016BPX0E,1,5.0,0.9105
B0016BPX7W,4,5.0,0.9185
B0016BPXH2,1,3.0,0.9246
B0016BPXSQ,2,5.0,0.9479
B0016BQGSC,2,4.5,0.9184
B0016BS29S,3,5.0,0.9618
B0016BS30G,2,4.0,0.96
B0016BS38I,1,5.0,0.9595
B0016BS3BK,5,5.0,0.8528
B0016BU7AK,2,5.0,0.9139
B0016BU7EG,3,4.6667,0.6572
B0016BU7GE,1,5.0,0.9477
B0016BU7GO,1,5.0,0.9501
B0016BU7HI,1,4.0,0.9153
B0016BU80E,1,1.0,0.5574
B0016BU82C,5,3.6,0.7955
B0016BU8PE,4,5.0,0.7814
B0016BU8Y0,1,3.0,0.9325
B0016BWB2M,6,5.0,0.9045
B0016BWBHM,3,5.0,0.9088
B0016BWBTA,7,4.2857,0.672
B0016C2OYG,1,1.0,0.8758
B0016C31H0,2,4.0,0.8372
B0016CMVSK,2,4.0,0.8978
B0016CMVY4,2,3.0,0.1203
B0016CMVZI,5,4.8,0.8867
B0016CN094,4,5.0,0.8796
B0016COPSY,2,5.0,0.9473
B0016CP48E,2,5.0,0.9346
B0016CQST8,5,4.8,0.9365
B0016CSRXS,1,1.0,0.4019
B0016CSS2I,2,4.5,0.9036
B0016CY14M,2,5.0,0.7706
B0016CZ5GU,1,5.0,0.5719
B0016D114E,1,5.0,-0.4767
B0016D1C0W,1,5.0,0.9201
B0016D2MY2,2,5.0,0.9669
B0016D785U,1,5.0,0.9042
B0016FMVFK,2,5.0,0.7714
B0016FRI8A,15,3.5333,0.6584
B0016FY6H6,8,3.5,0.7273
B0016G1DQW,1,5.0,0.8805
B0016G1EZM,2,5.0,0.8282
B0016H8ZE4,1,5.0,0.9538
B0016H8ZHQ,1,5.0,0.9612
B0016HH1W6,1,5.0,0.9413
B0016HLAZ0,1,4.0,0.7717
B0016HLAZA,1,1.0,-0.4939
B0016HMKD6,3,2.3333,0.3728
B0016IQWV6,1,4.0,0.7003
B0016IUO1A,1,2.0,0.9633
B0016IXULQ,1,3.0,0.8601
B0016J3L9Q,1,5.0,0.926
B0016J4QKO,1,5.0,-0.1935
B0016J5OIW,1,5.0,0.9022
B0016J7LKG,2,5.0,0.8818
B0016J7SYU,7,5.0,0.8666
B0016J7T12,1,5.0,0.7491
B0016JA4XC,1,4.0,0.6728
B0016JB0KS,1,5.0,0.7845
B0016JF64E,1,3.0,0.9231
B0016JJEFG,5,5.0,0.9083
B0016JKXGU,3,3.6667,0.4246
B0016JMZ34,2,4.5,0.6468
B0016KHBOG,1,1.0,0.6369
B0016L3WXE,1,5.0,0.7717
B0016L3XVU,1,5.0,0.9833
B0016L5P5W,1,5.0,0.9595
B0016L702I,2,2.0,0.7054
B0016L763G,1,1.0,0.4929
B0016LGLXC,1,5.0,0.0224
B0016LL3AI,1,5.0,0.9648
B0016LL5DS,6,4.1667,0.7214
B0016LSKL8,1,5.0,0.9769
B0016LSKMW,2,5.0,0.9298
B0016LULQK,1,5.0,0.9668
B0016N1GNK,1,4.0,0.9081
B0016N2OYA,1,5.0,0.8316
B0016N2OZO,1,5.0,0.688
B0016N6Q80,1,5.0,0.5106
B0016N7JMM,2,5.0,0.7088
B0016NLZ2M,1,5.0,0.9493
B0016NRLHU,2,3.0,0.8801
B0016O4FY6,1,5.0,0.9349
B0016ODXZ8,1,3.0,-0.5106
B0016P26CS,2,4.5,0.863
B0016P9MN4,2,5.0,0.6276
B0016PC4TS,20,3.6,0.4249
B0016PKA1C,3,3.0,0.8177
B0016PO12G,1,3.0,0.9231
B0016R6HY4,1,5.0,0.9022
B0016RO0F2,2,5.0,0.7672
B0016WMI9C,1,5.0,0.9366
B0016X9AR4,2,5.0,0.645
B0016ZGFZM,1,5.0,0.9826
B0016ZTXWY,1,5.0,0.5994
B00170216I,2,4.5,0.5654
B0017026EK,1,4.0,0.7178
B001706V82,1,5.0,0.7096
B001709GF2,4,5.0,0.959
B00170BDPS,1,4.0,-0.8126
B00170DU90,1,1.0,0.5867
B00170NWEI,1,4.0,0.0
B00170OV48,3,4.6667,0.1922
B00170PDG8,1,5.0,0.895
B00170SEV4,1,4.0,0.7964
B00170WH12,1,2.0,0.9881
B00170ZKJI,1,2.0,0.9881
B001710K4C,2,4.5,0.7777
B001710K60,3,4.0,0.4676
B001710K6K,1,1.0,0.9825
B001710K88,1,1.0,0.8943
B001710KCE,1,2.0,0.9042
B001710KD8,1,2.0,0.9201
B001710KJW,1,5.0,0.9423
B001710KUQ,2,3.5,0.8234
B001710KV0,2,5.0,0.9758
B001710L78,1,4.0,0.7506
B001710LIW,1,3.0,0.8632
B0017128L0,3,3.6667,0.8336
B00171291Y,1,5.0,0.8588
B00171295K,1,5.0,0.5719
B0017129O6,1,1.0,0.6808
B001712A1S,2,1.0,0.5132
B0017140MK,1,5.0,0.9274
B0017140QG,1,4.0,0.5267
B0017140YI,1,2.0,0.9042
B00171417E,8,3.375,0.4147
B00171417O,5,2.6,0.5927
B00171419C,1,5.0,0.8194
B001714V1U,2,5.0,0.9386
B0017164VK,1,5.0,-0.1179
B0017165E6,1,5.0,0.8194
B0017165P0,3,4.0,0.9384
B0017165Q4,1,5.0,0.836
B0017165SW,1,5.0,0.8807
B00171664U,1,5.0,0.946
B001717TQO,3,3.3333,0.2615
B001717TUA,1,4.0,0.9153
B001717TUK,1,4.0,0.9153
B001717UGI,1,3.0,-0.3415
B001717UJA,1,5.0,0.8807
B0017184DQ,1,5.0,0.8591
B00171JL8S,1,1.0,0.6808
B00171KCB8,1,1.0,0.5267
B0017363E6,3,4.3333,0.7078
B00176907A,1,1.0,-0.6369
B0017695MK,1,1.0,0.9838
B001769ZFW,1,5.0,0.7964
B00176AFC4,1,1.0,-0.9062
B00176ALQY,1,1.0,0.879
B00176AZ2E,3,3.3333,0.9325
B00176BKQY,1,4.0,0.4964
B00176BL9K,2,3.0,0.5651
B00176BT0G,1,5.0,0.9558
B00176BY06,4,3.75,0.3086
B00176C6N0,1,5.0,0.9635
B00176CIHY,1,1.0,0.128
B00176CMF2,1,5.0,0.8658
B00176CO6O,2,2.0,0.0748
B00176CTN2,1,5.0,0.8442
B00176CTRS,1,3.0,0.5595
B00176DXW8,2,3.0,0.5197
B00176E2XM,2,3.5,0.864
B00176EPW0,1,5.0,0.9118
B00176EPZ2,1,3.0,0.4122
B00176EPZM,2,5.0,0.8287
B00176FZIS,1,4.0,0.939
B00176FZTM,4,3.25,0.6266
B00176G00A,2,1.5,0.1144
B00176G4A6,1,5.0,0.9117
B00176G870,1,5.0,0.9635
B00176GXVQ,1,5.0,0.9698
B00176GY74,1,3.0,0.5595
B00176ICJC,1,1.0,-0.6124
B00176IK80,1,5.0,0.0516
B00176L6Y0,1,1.0,0.7165
B00176MMZM,2,5.0,0.9758
B00178ISW6,1,5.0,0.8071
B00178W9VW,2,4.0,0.4505
B00178XKNS,1,5.0,0.9305
B001799U72,1,1.0,0.0
B0017AG5U6,1,5.0,0.7828
B0017ANVBW,1,2.0,0.6369
B0017ANVFI,2,3.0,0.888
B0017ATFRQ,4,4.25,0.7642
B0017D070M,1,4.0,-0.0516
B0017D5ZLI,1,5.0,0.9457
B0017D9DKM,1,5.0,0.9349
B0017DFHMU,1,4.0,0.7845
B0017GAT70,2,4.5,0.9596
B0017I1Q6G,1,4.0,0.891
B0017I1Q9I,4,3.25,0.7009
B0017I1QAC,1,5.0,0.9413
B0017I1QAW,1,5.0,0.9731
B0017I1QB6,3,4.0,0.3566
B0017I1QDE,2,5.0,0.9515
B0017I1QDO,1,5.0,0.9652
B0017I3KNS,1,5.0,0.9069
B0017I3KOW,1,5.0,0.9485
B0017I3KTM,1,1.0,0.2023
B0017I3SNK,4,3.75,0.5538
B0017I6T7M,1,2.0,0.9168
B0017I753O,4,4.25,0.8531
B0017I8UKQ,1,4.0,0.1585
B0017I8UME,1,2.0,0.6124
B0017I8UMO,2,4.0,0.8708
B0017I8URO,6,4.8333,0.8688
B0017I96LI,7,4.4286,0.9079
B0017IAMU2,3,5.0,0.8441
B0017IAMUC,5,3.8,0.7802
B0017JAPUS,1,5.0,0.0516
B0017JARBK,4,4.75,0.9818
B0017JBDWM,1,5.0,0.3612
B0017JBFIE,4,4.75,0.9169
B0017JBHMS,1,5.0,0.6249
B0017JBLNI,1,5.0,0.5719
B0017JFH9C,1,5.0,0.8885
B0017JFLYS,4,5.0,0.8675
B0017JFWLK,3,3.3333,0.7172
B0017JFYW2,5,4.2,0.8959
B0017JFZ2Q,1,3.0,0.9231
B0017JFZ3U,3,3.3333,0.9178
B0017JFZIA,1,1.0,0.5859
B0017JG1BK,1,4.0,0.7845
B0017JG2OQ,1,5.0,0.765
B0017JG5X4,2,3.5,0.9407
B0017JGAB6,1,5.0,0.5574
B0017JHP42,1,3.0,0.7964
B0017JHP5G,1,1.0,0.5859
B0017JHQIW,1,3.0,0.8779
B0017JHTWK,2,4.0,0.9114
B0017JJJBO,1,5.0,0.8271
B0017JL5R0,1,5.0,0.836
B0017JULHU,3,3.6667,0.8179
B0017JVH5A,1,5.0,0.34
B0017K5HGY,1,5.0,0.93
B0017K61OQ,2,5.0,0.9389
B0017KTOO0,1,5.0,0.9729
B0017KWNZC,2,4.5,0.8977
B0017KYJ68,1,1.0,0.9298
B0017KYJD6,2,4.5,0.9104
B0017L3MRE,1,4.0,0.9022
B0017L3NBE,1,3.0,-0.4939
B0017L3YNQ,1,5.0,0.6597
B0017L46F6,1,5.0,0.6124
B0017L4KIE,1,5.0,0.9667
B0017M5V9A,15,2.0,0.0178
B0017NO42O,2,3.0,0.6826
B0017OAISW,2,5.0,0.7874
B0017OAQIY,3,4.6667,0.907
B0017OAUBC,3,4.6667,0.8757
B0017OB0V6,1,5.0,0.8885
B0017OB3CM,3,5.0,0.7608
B0017OCOYI,2,4.5,0.8977
B0017OD0NW,2,2.5,0.1141
B0017ODHRQ,1,3.0,0.9534
B0017OE536,2,5.0,0.8682
B0017OEWR0,1,5.0,0.9477
B0017OEX8S,1,5.0,0.7003
B0017OGFU2,3,3.6667,0.8829
B0017OLEMQ,1,4.0,0.3612
B0017OLLGK,2,3.0,0.8809
B0017OS6QS,3,3.6667,0.8313
B0017OTGOE,4,3.0,0.8302
B0017OTL1W,3,4.3333,0.8491
B0017OX0WS,1,1.0,0.6369
B0017OYUFE,1,1.0,0.617
B0017OYX5G,1,5.0,0.8442
B0017P0UMA,1,2.0,0.4939
B0017PV5TM,2,5.0,0.767
B0017PX7FW,1,5.0,0.9871
B0017QNA3K,1,5.0,0.8225
B0017QNA9Y,1,5.0,0.1779
B0017QNBCK,1,3.0,0.6597
B0017QSTOU,1,5.0,0.7506
B0017QT7XC,2,5.0,0.9833
B0017QT7ZA,1,4.0,0.5719
B0017QT82C,1,5.0,0.5719
B0017RLGX0,3,5.0,0.9093
B0017SPYN2,2,5.0,0.8942
B0017SRABQ,2,1.5,0.2763
B0017SRF52,1,5.0,0.975
B0017SRM1O,6,4.8333,0.7438
B0017SRMFK,1,5.0,0.875
B0017SUVVM,1,4.0,0.9153
B0017SWAAW,2,3.0,0.0975
B0017SWABG,2,4.0,0.8749
B0017SWABQ,1,2.0,-0.1531
B0017SWMF0,1,5.0,0.8176
B0017SWML4,4,3.0,0.6163
B0017SY8W0,2,4.0,-0.059
B0017SZOYQ,1,5.0,0.9612
B0017SZSGK,1,4.0,0.9382
B0017SZTR8,1,5.0,0.9747
B0017SZTRI,3,4.3333,0.8844
B0017T1LGU,1,2.0,-0.0258
B0017T1LI8,2,5.0,0.9513
B0017T2MWW,14,4.7143,0.8469
B0017T2OSO,4,3.75,0.8969
B0017T2OSY,1,3.0,0.1331
B0017T2Y48,1,1.0,-0.8979
B0017T4VAS,1,3.0,0.6249
B0017T6QPG,1,4.0,0.8074
B0017T6QQA,1,5.0,0.9186
B0017T6S0Y,2,5.0,0.8656
B0017T6S1I,6,4.6667,0.7824
B0017T6S2M,4,4.5,0.8019
B0017T6W46,1,5.0,0.9628
B0017TI73K,1,1.0,0.0516
B0017TKCA6,1,3.0,0.7096
B0017TN3UC,1,5.0,0.765
B0017TNMVM,1,5.0,0.9781
B0017TONOC,2,4.5,0.9412
B0017TONPG,8,3.875,0.7703
B0017TRINU,1,4.0,0.93
B0017TV2R8,1,4.0,0.7984
B0017TX3VG,1,5.0,0.765
B0017U08M2,5,3.6,0.58
B0017U08PO,1,4.0,0.7717
B0017U08SQ,6,4.6667,0.8342
B0017U24KG,1,2.0,-0.4391
B0017U24LA,6,5.0,0.7143
B0017U4STG,1,5.0,0.9493
B0017U50KW,1,5.0,0.7717
B0017U7TFG,2,4.0,0.7277
B0017U9VIO,3,3.6667,0.5487
B0017UBPP6,2,5.0,0.958
B0017UDSY2,1,2.0,0.9001
B0017UFQ9M,2,5.0,0.97
B0017VNN2I,1,3.0,0.0
B0017WEA6K,1,5.0,0.8934
B0017WFN4S,1,5.0,0.9517
B0017WFX6G,7,5.0,0.7343
B0017WG180,3,4.3333,0.6481
B0017WG1J4,2,5.0,0.795
B0017WG1W6,1,5.0,0.6249
B0017WI3F4,2,3.0,0.0551
B0017WIM5A,1,5.0,0.9841
B0017WO2H2,1,5.0,0.9747
B0017WO2JK,2,3.0,0.4486
B0017WSF0C,4,4.5,0.6727
B0017WSH82,1,5.0,0.9382
B0017WTYAW,1,5.0,0.7003
B0017Y9UKO,1,5.0,0.3804
B0017Z9PWQ,3,3.6667,0.6407
B0017ZAJL2,3,4.3333,0.6313
B0017ZBPTW,1,4.0,0.8957
B0017ZBT6Q,2,3.0,0.6562
B0017ZC8XY,1,5.0,0.4927
B0017ZDZOU,3,5.0,0.4288
B0017ZO28I,2,5.0,0.3846
B0017ZO2BU,1,5.0,0.9776
B0018039P4,4,4.75,0.7707
B001815SPM,1,5.0,0.9644
B00181HN6Y,1,5.0,0.9858
B00181I44O,2,5.0,0.6044
B00181NJ8K,2,5.0,0.686
B00181SU52,1,5.0,0.8834
B00181SUTS,2,4.0,0.8784
B00181UPYQ,2,5.0,0.9397
B00181UQ7W,1,4.0,0.34
B00181UQYK,1,5.0,0.9638
B00181Y1PU,1,5.0,0.9035
B00181YL7I,1,1.0,-0.024
B001820798,1,4.0,0.8122
B0018207IE,1,5.0,0.9485
B00182GKJO,1,4.0,0.949
B00182M06Q,1,5.0,0.9829
B00182M08E,1,5.0,0.92
B00185Q7U8,1,3.0,0.9803
B00185RS9M,1,5.0,0.9843
B00186XK8E,1,5.0,0.0
B00186Z0GY,1,5.0,-0.0772
B00186ZLKY,1,4.0,0.959
B00186ZLL8,1,5.0,0.8271
B00186ZLO0,1,5.0,0.5719
B00186ZSFW,2,3.0,0.5356
B001870T6Y,2,5.0,0.9608
B001871AQC,1,3.0,0.2732
B001871FQW,1,5.0,0.9485
B001872UAW,1,5.0,0.9649
B001872UCA,1,5.0,0.936
B001873GAU,1,1.0,0.2023
B001873GD2,1,1.0,0.9275
B001873GEQ,1,5.0,0.9273
B001873GH8,1,5.0,0.6249
B001874C12,1,5.0,0.8555
B001874C30,1,5.0,0.1779
B001874VNG,1,5.0,0.9565
B001874VOA,1,5.0,0.8074
B001874VOK,1,5.0,0.891
B001874VYK,1,5.0,0.8271
B001886KBQ,1,5.0,0.2263
B00188R96Q,1,4.0,0.8673
B00188S3PM,28,3.9643,0.523
B00188TKR2,1,5.0,0.836
B00188VHNM,1,1.0,0.9857
B00188VTWG,1,5.0,0.9493
B00188XJ9C,1,5.0,0.836
B00189Z02U,2,3.5,0.3364
B0018AD65M,1,2.0,0.7684
B0018AD7QK,10,4.9,0.8686
B0018AHWCA,1,5.0,0.9246
B0018AHWLG,2,2.0,-0.046
B0018AHWXO,2,5.0,0.9197
B0018AKRRC,2,5.0,0.5081
B0018AKRX6,1,5.0,0.926
B0018AMWDO,1,5.0,0.9246
B0018AMWXE,1,5.0,0.5574
B0018AMYOG,1,5.0,0.5859
B0018AN2T2,1,5.0,0.9153
B0018ATXEU,2,3.5,0.6602
B0018ATXKE,2,4.0,0.8756
B0018AVU96,1,5.0,0.25
B0018AVV0O,2,4.0,0.9699
B0018AXEFY,3,4.3333,0.7696
B0018AXEWC,1,5.0,0.5574
B0018C2RKK,2,5.0,0.7296
B0018CCQ5Q,1,2.0,0.081
B0018CCQWO,3,3.0,0.3276
B0018CDROK,1,4.0,0.8689
B0018CDRUO,1,1.0,0.9776
B0018CDUOW,2,5.0,0.8111
B0018CDV6E,2,4.0,0.8372
B0018CDWCC,1,5.0,0.9618
B0018CDZT2,1,3.0,0.9755
B0018CE5KA,3,2.6667,0.2165
B0018CE5L4,2,5.0,0.9086
B0018CE6DQ,10,4.3,0.6726
B0018CE6ZE,5,5.0,0.9418
B0018CE77Q,1,5.0,0.9744
B0018CE7BC,5,5.0,0.9074
B0018CE7D0,1,4.0,0.9578
B0018CE91A,1,5.0,0.9259
B0018CEA50,3,4.3333,0.9177
B0018CEABE,12,3.9167,0.6055
B0018CFMSE,1,5.0,0.6369
B0018CFN1K,1,5.0,0.8221
B0018CFN2Y,3,5.0,0.9512
B0018CFN3S,3,5.0,0.9358
B0018CFN4C,1,5.0,-0.3671
B0018CFN4M,2,4.0,0.5367
B0018CFN92,10,4.9,0.8349
B0018CFNFG,4,4.75,0.9035
B0018CFNWO,1,2.0,0.7559
B0018CFQHQ,1,5.0,0.2023
B0018CFQLC,7,2.2857,0.2901
B0018CFQVW,1,1.0,0.4019
B0018CFQWG,1,5.0,0.8906
B0018CFR1Q,1,3.0,0.1779
B0018CFR4S,1,5.0,0.9266
B0018CFRZM,4,5.0,0.6674
B0018CFVUS,1,5.0,0.9729
B0018CG13Y,6,3.8333,0.5022
B0018CG15W,1,5.0,0.8481
B0018CG288,1,5.0,0.8887
B0018CG2BA,1,4.0,0.802
B0018CG2DI,1,5.0,0.9686
B0018CG2MO,1,5.0,0.8777
B0018CG2MY,1,1.0,0.9044
B0018CG2RY,3,3.6667,0.851
B0018CG2UG,2,4.0,0.9801
B0018CG3IW,1,4.0,0.765
B0018CG5BC,4,3.5,0.9175
B0018CI90M,1,1.0,0.4939
B0018CI9X4,2,4.0,0.9916
B0018CICX6,13,4.5385,0.7988
B0018CIE9S,1,5.0,0.9493
B0018CIGMS,3,4.3333,0.8504
B0018CIOAW,5,4.6,0.8906
B0018CIOJ8,2,5.0,0.737
B0018CIOXY,1,4.0,0.802
B0018CIP10,8,4.75,0.7481
B0018CIP6K,12,4.25,0.6963
B0018CIPF6,1,1.0,0.5267
B0018CIPI8,1,5.0,0.9041
B0018CIPJ2,2,3.0,0.9442
B0018CIPS8,7,4.0,0.8571
B0018CIRMM,3,4.3333,0.8785
B0018CIT4S,4,3.0,0.9024
B0018CIUBA,1,3.0,0.4404
B0018CJIYI,1,2.0,0.8519
B0018CJJ9C,4,4.75,0.9352
B0018CJJ9W,6,3.5,0.795
B0018CJMJO,1,1.0,0.9721
B0018CJMM6,1,4.0,0.9558
B0018CJNVG,2,5.0,0.0599
B0018CJNZ2,1,5.0,0.9735
B0018CJO38,5,3.8,0.6949
B0018CJWPI,3,2.3333,-0.0298
B0018CJXFC,6,4.6667,0.641
B0018CJXHU,4,4.25,0.5976
B0018CJY7O,3,4.0,0.4683
B0018CJYCO,8,4.0,0.5499
B0018CJYI8,1,5.0,0.9853
B0018CJYL0,1,2.0,0.3612
B0018CJYNS,10,4.2,0.7793
B0018CJYPG,5,3.6,0.6416
B0018CJYTC,2,5.0,0.4222
B0018CJZJQ,6,4.8333,0.6845
B0018CK0EA,10,4.3,0.6538
B0018CK0EU,4,5.0,0.9464
B0018CK0G8,2,5.0,0.9268
B0018CK2Y8,1,1.0,-0.8689
B0018CLG9S,1,1.0,0.5106
B0018CLGKW,2,5.0,0.534
B0018CLJUY,1,1.0,0.9136
B0018CLLKC,2,4.0,0.9119
B0018CLUP8,1,5.0,0.8481
B0018CLV2U,1,1.0,-0.9001
B0018CLVE8,2,3.5,0.6456
B0018CLVGQ,1,5.0,0.8126
B0018CLVZ2,1,5.0,0.9608
B0018CLW74,1,5.0,0.9812
B0018CLWC4,1,4.0,0.7783
B0018CLWG0,2,4.5,0.3922
B0018CLWM4,1,5.0,0.8591
B0018CLWQA,1,2.0,0.6808
B0018CLWS8,1,5.0,0.9657
B0018CLZBW,10,4.5,0.6913
B0018CLZWG,1,5.0,0.9709
B0018DG2S2,1,2.0,0.9346
B0018DODPG,1,5.0,0.9662
B0018DQFPC,1,2.0,0.9558
B0018GD1NI,1,5.0,0.8074
B0018GDSH2,1,4.0,0.802
B0018HKOJQ,1,1.0,0.0
B0018JMP00,3,5.0,0.8337
B0018KLPFK,74,4.3784,0.8083
B0018KNGDY,11,3.6364,0.8679
B0018KR8V0,64,4.5156,0.8023
B0018LB76Q,1,2.0,0.7003
B0018LHYCM,1,5.0,0.9413
B0018M8UE2,1,3.0,0.5719
B0018MIF9M,1,5.0,0.9231
B0018MJ2EE,2,3.0,0.6116
B0018MMCWS,2,5.0,0.909
B0018MR53Y,1,5.0,0.9465
B0018MTXHK,4,4.0,0.5338
B0018MUYYG,1,5.0,0.7738
B0018N2UNI,1,5.0,0.6597
B0018N38P2,11,3.7273,0.7113
B0018OJJZO,5,4.8,0.7912
B0018OJK12,1,5.0,0.4404
B0018OK69W,1,5.0,0.8481
B0018OL2ZE,2,5.0,0.9442
B0018OL46G,2,5.0,0.8744
B0018OMTOM,3,3.0,0.3749
B0018ONML6,1,1.0,0.4939
B0018OQ6V4,1,4.0,0.6369
B0018PAYOI,1,5.0,0.9587
B0018Q1G94,5,3.4,0.7199
B0018Q1O3W,1,5.0,0.802
B0018Q2N3C,2,5.0,0.7722
B0018Q6KNQ,7,4.1429,0.758
B0018QBX6K,4,2.75,0.3903
B0018QC8H8,1,4.0,0.9545
B0018QCIMI,1,1.0,0.8516
B0018QE1PK,1,5.0,0.8442
B0018QFDNO,3,3.0,0.6854
B0018QIPS4,2,5.0,0.8878
B0018QIQFG,8,4.125,0.8081
B0018QIR82,1,2.0,0.0
B0018QIRIC,1,5.0,0.8646
B0018QJ8BM,1,3.0,0.8519
B0018QJEES,1,5.0,0.872
B0018QLG9Y,2,5.0,0.95
B0018QNL3I,7,4.5714,0.7856
B0018QNLRY,1,2.0,0.0
B0018QY9RU,1,1.0,0.8074
B0018QYMOA,4,4.25,0.6057
B0018R0MOI,2,5.0,0.9207
B0018R2QMO,4,4.75,0.6867
B0018RR8Y0,4,2.75,-0.0523
B0018RXITE,1,5.0,0.7841
B0018RYBYA,2,5.0,-0.2176
B0018RYBZ4,3,5.0,0.735
B0018S09T0,3,5.0,0.3025
B0018S09TK,4,4.25,0.4216
B0018S2178,4,3.5,0.6048
B0018S7W9K,2,5.0,0.8487
B0018SJ41E,1,2.0,-0.6361
B0018SPTKE,2,4.5,0.7376
B0018SPTMW,4,4.75,0.8673
B0018STXM4,2,4.5,0.748
B0018SXMK8,3,5.0,0.5862
B0018TZMXW,1,5.0,0.7579
B0018VDKHU,5,4.6,0.7111
B0018Z0OFM,1,4.0,0.8183
B0018Z4WLE,1,3.0,0.9783
B0018Z5V7I,1,5.0,0.9081
B0018ZMZ54,2,4.5,0.6848
B00191L3YQ,2,5.0,0.9124
B001926FCK,1,5.0,0.9802
B001926R3M,5,2.8,0.7661
B00192CNG2,6,4.8333,0.0526
B00192EJSC,2,3.0,0.2712
B00193KE9Y,1,5.0,0.9062
B00193WWW6,2,5.0,0.6742
B00193WZQE,5,4.8,0.9411
B001940AJC,1,4.0,0.9287
B0019412BM,3,2.3333,0.3806
B0019412IK,4,3.75,0.4438
B0019413WA,17,4.0588,0.777
B0019415ZU,4,5.0,0.93
B001942GAI,15,3.8667,0.6704
B001945N2G,1,5.0,0.0
B00194608C,2,5.0,0.4828
B00196066W,2,3.0,0.3266
B00196497O,1,5.0,0.9948
B00196498I,6,4.5,0.8117
B00196499C,3,5.0,0.9375
B0019696AY,1,5.0,0.946
B00196P9OQ,3,3.6667,0.4371
B00196P9PA,2,1.5,0.6632
B00196P9QO,3,3.6667,0.4938
B00196PQPI,1,5.0,0.3182
B00196QTK4,2,4.0,0.7787
B00196QVPM,1,5.0,0.8955
B00196R0U2,2,4.0,0.9087
B00196SUL0,2,5.0,0.9431
B00196U7OI,2,3.5,0.3964
B00196WRP0,1,5.0,0.9382
B00196WXNG,1,5.0,0.6369
B00196XWEA,1,5.0,0.9124
B0019770JC,2,1.0,0.4511
B00198FK8E,1,4.0,0.9062
B00198JXW8,1,5.0,0.7688
B001992MQQ,3,3.0,0.4512
B0019954BG,1,5.0,0.8658
B0019954K2,1,5.0,0.9492
B0019954Y8,1,1.0,0.7351
B00199555Q,1,5.0,0.765
B00199557E,2,3.0,0.4868
B0019955C4,1,5.0,0.9628
B0019955O2,1,1.0,0.8781
B0019955QU,1,5.0,0.6249
B0019955SS,2,3.0,0.1306
B0019955UG,1,5.0,0.9756
B001995D6W,2,3.0,0.1814
B00199780Q,2,4.0,0.9049
B0019978C4,1,5.0,0.872
B0019978P6,1,5.0,0.7906
B00199AB5U,1,3.0,0.886
B00199ABY6,2,5.0,0.9183
B00199AC2C,3,3.3333,0.6413
B00199AJ6Q,1,5.0,0.998
B00199BP7I,1,5.0,0.7159
B00199BPEG,1,5.0,0.7753
B00199CDLA,1,2.0,0.0772
B00199CDTC,1,5.0,0.9231
B00199CE4G,1,5.0,0.9477
B00199CECS,1,5.0,0.0498
B00199CLRG,1,1.0,-0.228
B00199CLTY,1,5.0,0.9623
B0019AC50I,1,4.0,0.3612
B0019AH026,3,5.0,0.7428
B0019AH24C,3,5.0,0.9173
B0019BGD5U,1,1.0,0.5106
B0019BI5KG,4,5.0,0.978
B0019CJMA2,3,4.6667,0.9504
B0019CS1CW,2,2.5,0.3818
B0019CSQ36,9,2.6667,0.4868
B0019CTOKA,1,5.0,0.9921
B0019CW0HE,1,5.0,0.936
B0019EY7KA,1,5.0,0.34
B0019EY7MS,1,2.0,-0.1815
B0019F30J8,1,5.0,0.7778
B0019FEOJI,4,4.75,0.8646
B0019FEOS4,9,4.4444,0.7691
B0019FEOYS,4,4.0,0.703
B0019FGRJI,9,4.6667,0.6999
B0019FJQG4,1,5.0,0.6249
B0019FM29M,10,4.9,0.7169
B0019FM33M,1,5.0,0.9725
B0019FOZC4,5,4.2,0.9345
B0019FR0WQ,9,4.7778,0.7623
B0019FR23S,3,3.6667,0.751
B0019FVQKI,1,5.0,0.886
B0019GVBTS,1,5.0,0.9744
B0019GVBYI,5,3.6,0.3938
B0019GVYR2,3,3.6667,0.8056
B0019GZ7YI,1,5.0,0.6908
B0019GZ7Z2,1,5.0,0.9623
B0019GZ87Y,1,5.0,0.7003
B0019H0YZ4,13,3.8462,0.5803
B0019H32CG,1,4.0,0.7269
B0019HJM5M,1,5.0,0.8979
B0019HXMIK,1,2.0,0.9727
B0019IR190,1,5.0,0.9325
B0019J2Z40,1,5.0,0.9653
B0019JMR6Q,1,5.0,0.6486
B0019JRLAS,1,5.0,0.9001
B0019JRLBC,1,5.0,0.9022
B0019JTH96,3,5.0,0.8733
B0019K980I,1,4.0,0.5267
B0019KAQRW,1,2.0,0.6908
B0019KCUMG,3,3.6667,0.612
B0019KPKQE,2,5.0,0.6988
B0019L8H6I,1,5.0,0.9403
B0019L8JSO,2,5.0,0.7272
B0019L8KQK,1,5.0,0.9118
B0019L8KUG,1,5.0,0.3197
B0019LA5TU,1,5.0,0.8316
B0019LA7RA,1,5.0,0.8622
B0019LBZ76,1,5.0,0.9153
B0019LDEIY,1,5.0,0.9795
B0019LDHPO,1,5.0,0.979
B0019LPM0C,3,4.6667,0.3721
B0019LRWH8,1,3.0,0.7506
B0019LTH3U,3,5.0,0.9246
B0019LTJ7O,5,4.6,0.7101
B0019LV39G,1,5.0,0.0
B0019LXINU,1,5.0,-0.0258
B0019MJQGM,1,1.0,-0.6705
B0019MMQXM,1,5.0,0.0
B0019MMR3G,1,5.0,0.9472
B0019MP8CS,2,5.0,0.9054
B0019MWNX0,1,3.0,0.9287
B0019MYXXI,3,5.0,0.1386
B0019MYZGS,11,4.7273,0.7249
B0019N25F0,1,1.0,0.8225
B0019N37HK,6,4.5,0.8037
B0019N57OG,1,5.0,0.7351
B0019N5T4Y,1,1.0,-0.5106
B0019N6PB0,1,4.0,0.4404
B0019N87XE,1,5.0,0.7425
B0019N89UU,1,5.0,0.9719
B0019NAB74,1,5.0,0.9274
B0019NADCC,2,1.0,0.3553
B0019NADMC,1,5.0,0.8957
B0019O5Z0Q,4,3.75,0.6864
B0019QFBJE,1,5.0,-0.4449
B0019QG5CG,8,3.75,0.6782
B0019QKOQY,4,4.75,0.8408
B0019QT4MO,1,5.0,0.9686
B0019QT5TQ,1,5.0,0.4588
B0019QT66I,35,4.5429,0.6017
B0019QWFRK,1,3.0,-0.3107
B0019R211E,1,4.0,-0.0516
B0019RJB7Q,1,5.0,-0.128
B0019RKR74,1,5.0,0.975
B0019RLJV2,4,5.0,0.747
B0019RQNU4,1,5.0,0.7964
B0019S4T0O,1,5.0,0.9166
B0019S53VI,2,4.5,0.8692
B0019S6D6C,1,4.0,0.9468
B0019S6VOG,1,5.0,0.8932
B0019S714A,1,5.0,0.9155
B0019S7JAG,1,5.0,0.9756
B0019S9XL4,2,4.5,0.9489
B0019SA1MY,1,5.0,0.9325
B0019SAKP2,1,4.0,0.9748
B0019SALII,1,5.0,0.8658
B0019SE6M0,4,4.5,0.8875
B0019SE7P6,1,5.0,0.9231
B0019SP8UO,5,3.8,0.5404
B0019T25QI,1,3.0,-0.7033
B0019VAMG6,3,5.0,0.7909
B0019VCEIA,1,5.0,0.8858
B0019VD8MG,2,4.0,0.8612
B0019VJWUI,1,5.0,0.7184
B0019VM5FC,1,5.0,0.8316
B0019VM5R0,3,5.0,0.9038
B0019VXAWO,1,5.0,0.928
B0019X02HI,1,1.0,-0.1779
B0019Z6ES2,1,3.0,0.6369
B0019Z93VW,1,5.0,0.9153
B0019ZB4KA,2,5.0,0.818
B0019ZB7IO,1,5.0,0.8225
B0019ZFUQO,1,1.0,0.4767
B0019ZFZTQ,1,4.0,0.7506
B0019ZHU2Q,1,5.0,0.9153
B0019ZN1OM,4,4.0,0.5054
B0019ZWWSI,2,3.5,0.2517
B001A00ZDQ,1,5.0,0.6597
B001A01BN4,1,3.0,0.2263
B001A02QJW,4,4.75,0.8905
B001A1PYHW,2,5.0,0.4278
B001A1RSCG,2,5.0,0.6592
B001A1TVYO,2,4.5,0.681
B001A1TW02,1,5.0,0.9878
B001A33FZ8,2,3.0,-0.4658
B001A3GAKU,1,5.0,0.9852
B001A3KHU4,2,3.0,0.9655
B001A43E6M,1,5.0,0.5267
B001A47SIW,1,5.0,0.7096
B001A47SLE,2,1.0,0.7764
B001A4B8EM,3,2.6667,0.6077
B001A5HCCS,2,5.0,0.9168
B001A5RSBS,1,2.0,-0.4588
B001A5VEVS,1,5.0,0.8271
B001A5VLYS,6,3.3333,0.5681
B001A5WSMC,3,4.6667,0.8602
B001A5ZCY8,1,5.0,0.9143
B001A60XMI,1,1.0,0.9547
B001A62RYA,1,3.0,-0.7003
B001A66XQ8,1,5.0,0.9081
B001A7RNB6,1,4.0,0.7003
B001ABMDA8,1,5.0,0.9638
B001ABOB8K,9,4.6667,0.8274
B001ABOBEO,1,5.0,0.872
B001ABOBIA,1,5.0,0.743
B001ABOBL2,1,5.0,0.8402
B001ABOBRQ,1,5.0,0.9509
B001ABOC4S,1,1.0,0.8272
B001ABOCBG,2,1.0,0.1523
B001ABTGF8,3,4.6667,0.5779
B001ABTGQW,3,4.6667,0.8096
B001ABTH84,3,3.6667,0.7495
B001ABTIME,1,5.0,0.5256
B001ABTINS,1,5.0,0.5256
B001ABUY5Y,4,3.0,0.5434
B001ABUY7M,2,4.5,0.9378
B001ABUYIQ,11,4.0,0.8731
B001AC4ROW,1,5.0,0.9153
B001AC4RP6,1,1.0,0.7522
B001AC57NM,2,3.0,0.1833
B001AC57P0,1,5.0,0.9432
B001AC67CM,1,5.0,0.9524
B001AC87WK,2,5.0,0.888
B001AC87X4,3,4.3333,0.5936
B001AC8JL4,6,2.3333,0.5572
B001ACDOA0,3,4.6667,0.3156
B001ACIAE0,1,1.0,0.7184
B001ACMCNA,9,4.7778,0.9289
B001ACMCNU,11,4.3636,0.8714
B001ACNWUC,5,4.6,0.8544
B001ACNWY8,9,4.2222,0.6487
B001ACNXVU,1,4.0,0.765
B001ACPIUE,1,3.0,0.9985
B001ACPNYU,1,5.0,0.936
B001ACPPXE,6,3.3333,0.9054
B001ACTYT0,1,5.0,0.8805
B001ACTYTU,1,5.0,0.569
B001ACUWMS,3,5.0,0.6498
B001AF5QP8,1,5.0,0.4404
B001AF5QTE,2,4.0,0.1394
B001AF7S0Y,1,5.0,0.9828
B001AG2SBM,1,4.0,0.849
B001AG6BMO,7,4.8571,0.8673
B001AG9ZXG,1,5.0,0.985
B001AHFVHO,36,4.5556,0.8998
B001AHI2HA,2,5.0,0.8708
B001AHJ2D8,33,4.5758,0.8634
B001AHJ2FQ,26,4.6538,0.883
B001AHJ9TA,2,3.5,0.8188
B001AHJ9U4,3,4.6667,0.932
B001AHJ9WW,2,5.0,0.9473
B001AHJMEC,1,1.0,-0.079
B001AHJMWO,1,2.0,0.9399
B001AHKYTY,1,5.0,0.9371
B001AHKYYO,1,4.0,0.6369
B001AHL6CI,28,4.6429,0.9152
B001AHLPT2,1,2.0,0.9565
B001AIQP8M,33,4.6364,0.816
B001AJ1NLU,1,5.0,0.9812
B001AJ1ULS,38,3.6842,0.6298
B001AJ7LW0,3,5.0,0.7501
B001AJ9L7I,1,4.0,0.9256
B001AJW6L6,1,4.0,0.836
B001AK4G40,1,5.0,0.8119
B001AL5TTA,1,3.0,0.5423
B001AML2LI,2,4.0,0.7942
B001AMLQNW,7,3.7143,0.6527
B001AMPHAA,1,1.0,-0.0516
B001ANXX8W,1,1.0,0.6908
B001ANZXW6,1,5.0,0.9153
B001AO196Y,1,5.0,0.8979
B001AO2WLK,1,5.0,0.9846
B001AQQJ2Q,2,4.0,0.9116
B001AQS7JE,1,5.0,0.8932
B001AQVQL0,2,4.5,0.8483
B001AQWFY2,2,3.0,0.635
B001ARJE5E,1,5.0,0.7351
B001AS04SE,3,1.6667,0.0791
B001AS1A4Q,84,4.1548,0.6449
B001AS6HJE,1,2.0,0.4404
B001ASC022,1,1.0,0.2732
B001ASH39W,2,4.0,0.4936
B001ASHZ2W,1,5.0,0.6249
B001ASZUVK,1,5.0,0.0
B001ASZV5K,1,4.0,0.9484
B001ASZVAU,1,1.0,-0.3818
B001AT4A1K,4,5.0,0.5504
B001ATFGEU,1,5.0,0.8934
B001ATKR1W,1,2.0,-0.7089
B001ATMQK2,2,5.0,0.7834
B001ATOM3G,2,4.0,0.5626
B001ATOOQG,1,5.0,0.8316
B001ATZOAQ,2,5.0,0.9495
B001AU3GU0,1,1.0,0.927
B001AV19EY,3,4.6667,0.7439
B001AV1WIM,1,5.0,0.9825
B001AV2D30,1,5.0,0.8555
B001AV7F6K,1,5.0,0.9371
B001AV7F74,1,4.0,0.8875
B001AVC4AW,1,5.0,0.946
B001AVDMJE,1,3.0,0.9545
B001AVJQ80,1,5.0,0.8655
B001AVJT0K,1,5.0,0.6801
B001AVMWJK,3,4.6667,0.8073
B001AW9PTO,9,3.5556,0.517
B001AW9WII,3,4.6667,0.8077
B001AW9WLU,3,3.3333,0.7262
B001AW9WMO,3,4.0,0.901
B001AWBL5U,6,2.0,0.3509
B001AWBL82,4,4.25,0.3324
B001AWBROK,4,4.25,0.5863
B001AWBRSQ,2,5.0,0.7897
B001AWBZQK,3,2.3333,0.7318
B001AWBZRO,2,3.0,0.4824
B001AWD97I,4,4.5,0.87
B001AWDGXA,1,2.0,0.5994
B001AWFB7O,5,4.2,0.7273
B001AWFBDI,1,5.0,0.875
B001AWFJO4,1,1.0,-0.1531
B001AWFJSA,1,2.0,0.8271
B001AXZ7Q8,3,3.0,0.2617
B001AXZWE0,1,5.0,0.9701
B001AY032U,1,4.0,0.3182
B001AY1Q0I,1,5.0,0.9726
B001AY1RUC,1,5.0,0.9371
B001AY2B52,1,5.0,0.9578
B001AY3JT4,2,5.0,0.9528
B001AY3YS0,1,3.0,0.7003
B001AY7XVO,1,5.0,0.9545
B001AY7YA4,1,5.0,0.8781
B001AY8570,2,4.5,0.8356
B001AY8VV0,5,5.0,0.9161
B001AY8YYO,1,5.0,0.9313
B001AY9BQE,1,3.0,-0.2023
B001AY9EXY,1,5.0,0.8464
B001AY9GHI,1,5.0,0.9142
B001AY9GSC,1,5.0,0.8807
B001AY9GXM,1,3.0,0.9572
B001AY9JHK,2,4.5,0.7234
B001AY9NSA,1,4.0,-0.7665
B001AY9RIQ,2,4.0,0.9261
B001AYB04A,2,5.0,0.8742
B001AYB0AO,1,5.0,0.9509
B001AYB8KQ,2,4.0,0.9128
B001AYB9FU,1,5.0,0.91
B001AYBCI4,1,5.0,0.9872
B001AYBD4C,1,5.0,0.9584
B001AYBDJM,1,5.0,0.9584
B001AYBFJK,1,5.0,0.0
B001AYBRM0,1,5.0,0.9413
B001AYDCCS,1,5.0,0.8402
B001AYDCQY,1,1.0,0.8658
B001AYDDCC,2,5.0,0.9152
B001AYDFC0,1,5.0,0.8957
B001AYDR7S,1,5.0,0.8225
B001AYDRTQ,1,5.0,0.9473
B001AYDSMW,1,5.0,0.9313
B001AYEAR4,1,5.0,0.9804
B001AYEUEW,1,5.0,0.6597
B001AYEUH4,1,5.0,0.0
B001AZREO4,1,5.0,0.993
B001AZX0PQ,3,5.0,0.9332
B001B02JF2,1,5.0,0.9938
B001B04Z2M,2,5.0,0.915
B001B0C9Q6,4,4.5,0.2851
B001B0SGTK,1,1.0,0.6808
B001B0W0R4,5,4.4,0.8736
B001B0W0W4,1,4.0,0.9827
B001B0Y1S0,1,5.0,0.7841
B001B0ZEZE,1,5.0,0.743
B001B10WR8,2,3.5,0.9338
B001B13TUU,2,4.5,0.7222
B001B185I6,1,5.0,0.9022
B001B1KH1Y,9,4.8889,0.1981
B001B1OK80,6,4.6667,0.5122
B001B21B9U,2,4.0,0.5679
B001B24JXA,1,1.0,0.8846
B001B2SRF6,1,5.0,0.9413
B001B2STS6,1,5.0,0.8832
B001B2SVOS,1,1.0,0.5719
B001B2SY9U,2,5.0,0.9226
B001B2TZ1Q,1,4.0,0.9725
B001B2U5Q0,2,3.5,0.9626
B001B36ITC,1,5.0,0.9932
B001B38CI2,1,5.0,0.6249
B001B38CIM,1,3.0,-0.7506
B001B39SAI,1,5.0,0.9413
B001B3JAL0,7,4.4286,0.7564
B001B48DGW,1,5.0,0.9559
B001B4H7YQ,1,5.0,0.9477
B001B4TTWO,2,4.5,0.9141
B001B4VOQI,34,4.6176,0.8186
B001B4X7L8,1,5.0,0.7964
B001B5RQSC,1,5.0,0.9643
B001B6AM6E,5,4.2,0.5462
B001B6E6KM,1,5.0,0.8625
B001B7I5NU,1,2.0,0.7003
B001B7NMTM,2,1.5,0.5966
B001B80RQC,1,5.0,0.8122
B001B8WYTA,1,5.0,0.2732
B001BA27X6,1,4.0,0.8625
B001BBTD32,1,5.0,0.9118
B001BBUA3Y,1,5.0,0.9866
B001BBXP7M,16,3.8125,0.6085
B001BBXRAW,1,5.0,0.7845
B001BBYCW4,3,5.0,0.9576
B001BBZW0U,1,3.0,0.5719
B001BC745U,1,5.0,0.9451
B001BCAYE8,1,5.0,0.2023
B001BCOYMG,3,5.0,0.9383
B001BCOZ3E,9,4.8889,0.9427
B001BCOZ70,1,5.0,0.923
B001BCOZ9S,5,4.8,0.8733
B001BCPDNK,1,4.0,0.8555
B001BCSAS0,1,4.0,0.6901
B001BCSATE,1,5.0,0.8481
B001BCSU08,1,4.0,0.9062
B001BCUBFK,3,5.0,0.3293
B001BCUBTQ,13,3.6923,0.7149
B001BCUBZ0,3,4.6667,0.745
B001BCVDXO,3,4.0,0.5506
B001BCVE5G,2,3.0,0.1259
B001BCVEBU,6,4.1667,0.8787
B001BCVLG8,1,2.0,0.802
B001BCVY4W,43,4.3023,0.8045
B001BCVY9W,46,4.1739,0.7359
B001BCWAFY,3,4.6667,0.8744
B001BCXA7G,1,4.0,0.9445
B001BCXAA8,1,2.0,0.4019
B001BCXAIA,2,4.5,0.8916
B001BCXI64,2,5.0,0.9236
B001BCXTGS,41,4.0488,0.6477
B001BCY6FQ,1,3.0,0.2023
B001BCYBG0,1,4.0,0.8625
B001BDB2G6,1,5.0,0.9804
B001BDBODC,5,4.0,0.8756
B001BDD278,2,3.0,0.2963
B001BDDGOC,2,4.0,0.793
B001BDDHF0,1,5.0,0.0
B001BDDHHS,1,5.0,0.9612
B001BDDT8K,48,4.0625,0.7177
B001BDDTB2,39,4.4615,0.7937
B001BDE7WM,1,5.0,0.8934
B001BDEI6M,1,5.0,0.9836
B001BDEI6W,2,5.0,0.7024
B001BDI0QQ,6,4.1667,0.4436
B001BDI0RA,2,4.5,0.9768
B001BDI0RK,3,4.6667,0.8848
B001BDJV8C,1,5.0,0.8658
B001BETMEO,7,3.4286,0.1769
B001BEXBCS,5,4.2,0.315
B001BEZ54K,2,5.0,0.838
B001BF3FGY,2,5.0,0.7839
B001BF3FHS,1,5.0,0.6369
B001BF5KSU,1,5.0,0.7269
B001BF7PV0,2,3.5,0.6228
B001BG4RBK,4,4.5,0.8613
B001BIU94W,1,2.0,0.4215
B001BIXJG2,3,5.0,0.8224
B001BIXK7K,3,5.0,0.0503
B001BJB4ZE,1,4.0,0.9153
B001BJDVAA,1,5.0,0.9698
B001BKL93U,3,5.0,0.6383
B001BKL94O,4,4.5,0.4572
B001BKLA48,2,5.0,0.6247
B001BKLA4I,1,3.0,0.3818
B001BKLAY8,2,2.5,0.9332
B001BKLHMI,5,5.0,0.8643
B001BKLHS2,1,5.0,0.6486
B001BKNAZA,2,3.0,-0.0778
B001BKNAZK,1,3.0,0.7076
B001BKPJUY,1,5.0,0.9497
B001BKR5L0,1,5.0,0.3999
B001BKR5N8,1,3.0,0.9633
B001BKRC6S,2,5.0,0.5858
B001BKRCVS,1,5.0,0.9538
B001BLH92E,2,4.5,0.2553
B001BLXRPC,23,3.6522,0.6004
B001BLXSVK,3,3.6667,0.8526
B001BLXTRI,1,2.0,0.6808
B001BLZVQ0,15,4.4667,0.8002
B001BM01BE,23,3.5652,0.7485
B001BM2UUO,1,5.0,0.9118
B001BM368E,12,3.8333,0.7952
B001BM36NY,1,5.0,0.9826
B001BM395E,7,4.4286,0.862
B001BM3C0Q,24,3.9167,0.6313
B001BM3C4M,22,4.0455,0.7133
B001BM3CE2,1,3.0,0.4939
B001BM3G2U,1,4.0,-0.4019
B001BM3HD8,1,5.0,0.9601
B001BM3I96,1,5.0,-0.3182
B001BM3KXU,2,3.0,0.8097
B001BM3LMA,1,3.0,0.296
B001BM3NJQ,1,5.0,0.8327
B001BM3ON6,2,5.0,0.4504
B001BM3PIK,3,4.0,0.9135
B001BM3POY,1,1.0,0.969
B001BM4MFK,1,2.0,-0.2235
B001BM4N72,2,5.0,0.8493
B001BM4NAE,27,4.0741,0.7912
B001BM4NWM,3,4.0,0.1896
B001BM4RC8,22,3.5909,0.6062
B001BM4ROQ,1,5.0,0.9201
B001BM4SPY,1,5.0,0.9753
B001BM4ZMA,1,1.0,0.6369
B001BM62T4,11,3.6364,0.9222
B001BM68QG,7,3.7143,0.8003
B001BM68QQ,4,2.75,0.4494
B001BM68RA,1,4.0,0.8885
B001BM68S4,4,4.0,0.9042
B001BM6I8O,2,5.0,0.6644
B001BM6IDY,5,4.6,0.8187
B001BM6LVS,9,3.8889,0.9081
B001BM6NIY,4,4.5,0.8249
B001BM6PKK,1,5.0,0.7579
B001BM6Q0Y,3,3.6667,0.1455
B001BM6SDE,1,4.0,-0.2732
B001BM8SS2,7,4.2857,0.627
B001BM8T4U,3,4.6667,0.0074
B001BM8TOU,3,4.3333,0.5022
B001BM8WUG,2,3.0,-0.4718
B001BM9ZQG,1,4.0,0.9657
B001BMDERC,1,5.0,0.9887
B001BMDEZY,1,2.0,0.9423
B001BMDF1M,1,5.0,0.886
B001BMDF8A,2,5.0,0.9186
B001BMDH5G,1,2.0,0.5267
B001BMDQHA,4,3.25,0.6235
B001BNN12E,1,5.0,0.8332
B001BO678S,1,5.0,0.9923
B001BO8S76,1,3.0,0.3415
B001BOAOLY,3,4.3333,0.5149
B001BOAOQ4,1,5.0,0.9217
B001BOC8IQ,1,5.0,0.872
B001BOE3SY,1,5.0,0.5627
B001BOE3UW,2,4.5,0.6956
B001BOJDU2,1,5.0,0.8126
B001BOLBVQ,2,3.5,0.3978
B001BON63M,1,5.0,0.9503
B001BON71I,3,5.0,0.864
B001BON7HM,1,1.0,-0.4767
B001BOOKW8,3,4.3333,0.8458
B001BOQ3QY,9,4.1111,0.777
B001BOQ3SW,20,4.1,0.8273
B001BOQ42M,2,4.5,0.9354
B001BORBHO,17,4.0,0.8534
B001BORBII,2,4.0,0.9637
B001BORBM4,28,4.0357,0.795
B001BORBMY,25,4.4,0.7737
B001BOTAQO,1,4.0,0.9464
B001BOTB72,7,4.8571,0.8868
B001BOTDL6,4,5.0,0.9063
B001BOTDLQ,1,5.0,0.6486
B001BOTDP2,4,4.0,0.4669
B001BOVDHS,4,4.75,0.9839
B001BOVDNC,2,5.0,0.0887
B001BOVE54,18,3.1111,0.6398
B001BOX9AM,2,5.0,0.692
B001BOXBAA,18,4.8889,0.8784
B001BOXBHI,8,4.625,0.9188
B001BR9B92,1,5.0,0.9768
B001BS4FWO,1,5.0,0.4215
B001BS4G0K,3,5.0,0.6189
B001BS4G6O,52,4.5769,0.6799
B001BS66DK,1,5.0,0.9924
B001BS9OHU,1,5.0,0.926
B001BSBFJU,2,4.5,0.2779
B001BSBFUO,19,4.6842,0.4836
B001BTJNNE,1,5.0,0.6808
B001BU0JEK,5,2.6,0.3227
B001BU7U38,1,1.0,0.3173
B001BUCXXA,1,5.0,0.9559
B001BVXZYK,1,5.0,0.886
B001BW3238,1,5.0,0.9509
B001BW3RJW,1,3.0,0.5574
B001BW4ABG,1,5.0,0.7506
B001BWY67Y,1,5.0,0.9824
B001BX4U2E,1,5.0,0.9382
B001BY5JH8,2,5.0,0.7466
B001BYEHBW,1,5.0,0.8074
B001BYGJLS,2,3.0,0.3965
B001BZ3PZ0,1,5.0,0.8795
B001BZ5EFE,1,5.0,0.9062
B001BZ5FDU,4,4.5,0.8752
B001BZ5UJY,1,5.0,0.4939
B001BZ7N1M,2,5.0,0.8872
B001BZ7YYS,1,2.0,0.7693
B001BZ9R3O,2,2.0,0.3172
B001BZ9RNO,1,5.0,0.9419
B001BZ9S4M,1,4.0,0.9643
B001BZ9SLK,2,3.0,0.6164
B001BZ9SMO,1,5.0,0.977
B001BZ9SUQ,2,5.0,0.9652
B001BZEGN0,3,3.6667,0.7178
B001BZQS4A,1,5.0,0.981
B001BZSD6G,1,5.0,0.9656
B001BZX2DA,1,5.0,0.9612
B001C15JCU,10,2.6,0.4359
B001C1MCHK,1,5.0,0.7506
B001C2CM60,2,2.5,0.6452
B001C46N8Q,1,5.0,0.9747
B001C4PK1C,1,5.0,0.9213
B001C4PK4Y,1,4.0,0.3818
B001C4PKIK,1,5.0,0.9818
B001C5GHCM,4,4.25,0.6818
B001C5KY58,2,5.0,0.9404
B001C5U8Z4,1,5.0,0.8979
B001C5UDD6,1,4.0,-0.6821
B001C93G68,1,5.0,0.7003
B001CAP2SC,1,4.0,0.8591
B001CAT1PW,1,5.0,0.9494
B001CAT22O,1,5.0,0.8718
B001CAV6V4,1,5.0,0.0
B001CAXRSE,1,1.0,0.8326
B001CBCJGE,3,5.0,0.4054
B001CBEGNS,1,5.0,0.8658
B001CC734G,2,4.5,0.5466
B001CCJVJ6,2,5.0,0.6953
B001CCLJ4Q,1,4.0,0.8689
B001CCQVGW,2,5.0,0.9497
B001CCQVNA,2,5.0,0.63
B001CCS80Y,8,4.625,0.7123
B001CCTU24,2,5.0,0.5054
B001CCU848,8,3.625,0.7245
B001CCU84S,2,2.5,0.6468
B001CCU8AW,6,3.1667,0.7089
B001CCU8F2,6,4.0,0.3237
B001CCU8G6,5,3.6,0.021
B001CCVBGW,1,2.0,0.3612
B001CCVT9G,1,5.0,0.9835
B001CCVTEQ,3,3.3333,0.2953
B001CCXVOW,3,1.6667,0.9035
B001CCXVPQ,1,5.0,0.9698
B001CCXVQU,2,3.0,0.2658
B001CD0YWS,1,1.0,-0.4767
B001CD1VI4,9,3.7778,0.494
B001CD7AUC,9,4.5556,0.7642
B001CDOB40,3,5.0,0.8515
B001CDOBCM,4,4.5,0.8085
B001CDQCFQ,2,5.0,-0.0204
B001CDTO6U,2,5.0,0.4956
B001CDTOFG,1,5.0,0.128
B001CDVCBU,1,5.0,0.6238
B001CDVCCO,3,4.3333,0.1395
B001CE6RW8,1,1.0,-0.4404
B001CEG0VG,2,5.0,0.8015
B001CEJ86K,5,4.8,0.8247
B001CERZ5Q,1,1.0,0.3285
B001CEX7DA,6,2.8333,0.6196
B001CF01OW,1,5.0,0.765
B001CF2TPG,2,5.0,0.8718
B001CFBSQW,2,5.0,0.7528
B001CFMGDG,3,3.0,0.5
B001CFMGGI,12,4.8333,0.6601
B001CGMSQU,1,5.0,0.765
B001CGTN1I,19,4.5789,0.6986
B001CGTN3G,2,5.0,0.8203
B001CGX3ZK,5,3.0,0.1119
B001CH3X40,1,5.0,0.9348
B001CH4LU0,1,5.0,0.765
B001CHDHHI,1,5.0,0.8689
B001CHFSR0,9,3.2222,0.5036
B001CHFSUW,19,3.8947,0.5418
B001CHFUDC,1,5.0,0.8908
B001CHFUGY,14,4.7143,0.7311
B001CHH3QY,9,4.3333,0.7144
B001CHH51W,4,2.75,0.9452
B001CHJ01A,16,4.6875,0.8231
B001CHJ08I,3,4.3333,0.7903
B001CHJ09C,5,4.6,0.9245
B001CJ5J18,1,5.0,0.9337
B001CJ8XKW,1,5.0,0.8225
B001CJE4IC,2,2.5,0.6034
B001CJEX5Q,1,5.0,0.743
B001CJQS0Y,1,5.0,0.6654
B001CJR62S,2,1.5,-0.4495
B001CJSW5S,1,5.0,0.9274
B001CJSWI0,1,5.0,0.5106
B001CJSWKI,1,5.0,0.9524
B001CJWAME,1,3.0,0.9056
B001CJWASI,1,2.0,0.0
B001CMMGYS,1,5.0,0.4201
B001CMMJFY,1,2.0,0.8255
B001CNZA86,1,1.0,0.9374
B001CO2LOQ,3,3.6667,0.9095
B001COE1AI,2,5.0,0.9651
B001COFVQG,3,2.3333,0.6718
B001COH6IW,2,4.5,0.8095
B001COJ85G,2,4.5,0.7881
B001COJ860,4,4.5,0.8008
B001CPN9PU,2,4.0,0.8784
B001CPNB44,1,4.0,0.8934
B001CPOLC0,1,5.0,0.9578
B001CPOR2E,4,3.75,0.7092
B001CPQPXI,3,5.0,0.6956
B001CPSK0E,1,5.0,0.7964
B001CPUPMA,6,4.3333,0.8881
B001CQERFA,1,4.0,0.9584
B001CQG8RU,1,5.0,0.2263
B001CQKZCY,1,4.0,0.765
B001CRAWCQ,1,5.0,0.5859
B001CRE5D8,3,3.3333,0.7365
B001CRP38O,3,5.0,0.8378
B001CRP4IS,1,5.0,0.9829
B001CRQQXU,1,5.0,0.9824
B001CRSR0U,3,5.0,0.8787
B001CRSR6Y,2,2.5,0.8438
B001CS46EU,2,5.0,0.7593
B001CSCWXM,1,5.0,0.8555
B001CST8PM,3,5.0,0.8423
B001CTO0YA,5,5.0,0.9215
B001CTO2OI,2,3.0,0.4177
B001CTYT6E,14,4.2857,0.8772
B001CU0N4A,14,4.0714,0.7945
B001CU0N7C,13,4.0,0.7321
B001CU0N9K,10,4.3,0.4984
B001CUHO38,2,5.0,0.2547
B001CUUPD4,7,4.2857,0.8838
B001CVW5I6,1,4.0,0.9349
B001CWBQ9Y,1,4.0,0.8779
B001CWR4HW,2,4.5,0.9206
B001CWSK98,2,5.0,0.799
B001CWSKFC,27,4.7407,0.7428
B001CWU9E2,4,3.25,0.7841
B001CWU9HE,10,4.2,0.9041
B001CWV4PA,16,4.125,0.7985
B001CWV4RS,30,4.7667,0.7432
B001CWVZUY,4,5.0,0.8614
B001CWW08K,1,5.0,0.8957
B001CWW0UI,1,2.0,0.2302
B001CWX7EG,19,4.7368,0.7991
B001CWZXIY,4,5.0,0.7176
B001CWZXW0,1,5.0,0.5106
B001CX3Q4G,3,5.0,0.9464
B001CX3QJ6,1,4.0,0.9468
B001CX58IS,7,4.7143,0.7582
B001CX9PLO,1,4.0,0.991
B001CZ6DPI,1,5.0,0.8955
B001CZ6DQW,1,5.0,0.9771
B001CZ8I10,1,3.0,0.9085
B001CZ8IYW,1,5.0,0.2718
B001CZHAPU,3,3.6667,0.5261
B001CZOYMC,1,5.0,0.8008
B001CZT04E,1,4.0,0.0
B001CZT04O,1,4.0,0.0
B001CZV5Q0,1,5.0,0.6997
B001CZY8OQ,2,4.5,0.5106
B001CZYQA2,1,5.0,0.7574
B001D04160,1,4.0,0.9077
B001D0676C,22,4.3182,0.6504
B001D06U00,1,5.0,0.9633
B001D07IPG,1,5.0,0.9336
B001D07LQC,1,4.0,0.6444
B001D09KAM,62,4.4516,0.7896
B001D0AV82,1,2.0,0.9559
B001D0DMME,69,4.3478,0.8362
B001D0DMMY,57,4.1579,0.8009
B001D0FT0C,1,1.0,0.8515
B001D0GV4K,4,4.5,0.9387
B001D0GV54,4,4.0,0.5515
B001D0GV5E,4,1.75,0.2404
B001D0GV5O,1,4.0,0.9152
B001D0GV68,1,5.0,0.9454
B001D0GV6I,4,3.75,0.511
B001D0GV72,3,4.3333,0.4989
B001D0GV7C,2,5.0,0.989
B001D0GV7M,12,3.75,0.4126
B001D0GV90,51,4.549,0.7945
B001D0GV9K,3,5.0,0.9055
B001D0GVAE,1,2.0,0.9076
B001D0GVAO,26,4.0385,0.7863
B001D0ILPW,1,5.0,0.8176
B001D0IZ4O,17,3.2353,0.7298
B001D0IZ80,12,4.3333,0.5432
B001D0IZ8U,4,4.5,0.9492
B001D0IZAS,2,4.0,0.9652
B001D0IZBM,50,4.32,0.734
B001D0IZBW,11,4.0909,0.6882
B001D0IZC6,6,3.0,0.5901
B001D0KG1O,5,2.4,0.4963
B001D0KG1Y,2,5.0,0.932
B001D0KG28,3,2.6667,0.294
B001D0KG32,1,4.0,0.9747
B001D0KG3W,15,4.4667,0.6846
B001D0KG4G,5,2.6,0.8099
B001D0KG4Q,16,3.5,0.6935
B001D0KG5K,10,3.6,0.6934
B001D0MF22,5,4.4,0.7026
B001D1UW44,1,3.0,0.0
B001D1YL82,1,5.0,0.8045
B001D20BHG,1,3.0,-0.1263
B001D20WAW,1,5.0,0.8316
B001D3K2AG,2,5.0,0.8278
B001D3K2CE,2,5.0,-0.0122
B001D3K2TM,1,5.0,0.802
B001D3K30U,1,1.0,0.6551
B001D3K34Q,2,4.5,0.4695
B001D3LUKW,3,5.0,0.7554
B001D3LUR0,1,5.0,0.9756
B001D3NXT8,2,5.0,0.9521
B001D3NXTI,1,5.0,0.7717
B001D3NXVQ,2,4.5,0.8509
B001D3PXQ4,1,5.0,0.9559
B001D3PXSC,1,1.0,0.9402
B001D3PXZ0,1,3.0,0.7375
B001D3PY0E,1,5.0,0.7964
B001D3PY9K,2,5.0,0.8396
B001D3PYHM,1,1.0,-0.5653
B001D3QN4K,4,4.75,0.9397
B001D48FXQ,2,3.0,0.468
B001D4CJJ2,3,2.3333,-0.1267
B001D4CJJW,1,5.0,0.9633
B001D4F8HW,1,5.0,0.9578
B001D4SRCU,4,3.75,0.8619
B001D4WVPO,1,5.0,0.7778
B001D4XT64,1,5.0,0.8906
B001D4YXRS,1,5.0,0.8687
B001D60Z96,1,4.0,0.8402
B001D630KW,1,3.0,0.9846
B001D67E5Y,1,4.0,0.8687
B001D69FHY,2,4.5,0.2502
B001D69HFY,1,3.0,0.4215
B001D69N4E,1,5.0,0.9814
B001D6B0SG,1,5.0,0.7469
B001D6B1SU,1,5.0,0.9961
B001D6C13O,1,5.0,0.997
B001D6KH4O,1,3.0,0.5859
B001D6KH7Q,3,2.6667,0.1932
B001D6KH8K,5,3.4,0.3498
B001D6KH9E,4,3.0,0.4284
B001D6KOWY,1,5.0,0.9476
B001D6KP14,1,5.0,0.9573
B001D6KP28,2,3.0,0.2734
B001D6KXSY,1,2.0,0.0591
B001D74BGS,3,4.6667,0.7017
B001D8PJ90,1,4.0,0.946
B001D8PK30,1,5.0,0.9872
B001D8ROTS,1,4.0,0.7845
B001D8RP4C,3,5.0,0.9155
B001D9BAMY,1,5.0,0.7579
B001D9JC0G,23,3.5652,0.4791
B001D9OVQ6,3,1.3333,-0.0746
B001D9RVMM,28,4.8929,0.7783
B001D9T0HQ,1,4.0,0.9081
B001D9YVE8,2,5.0,0.7264
B001D9ZV5G,21,4.9524,0.846
B001DB31BK,1,1.0,0.8987
B001DBJK4C,2,5.0,0.9455
B001DBJK4M,2,4.5,0.9174
B001DBPUB4,10,4.2,0.7907
B001DBRKNA,1,5.0,0.891
B001DBRU4O,10,3.9,0.7212
B001DC9SY8,1,5.0,0.4767
B001DCDCQS,1,5.0,0.5719
B001DCEFSC,2,5.0,0.7981
B001DDBL10,1,5.0,0.9859
B001DDBL5G,1,5.0,0.5719
B001DDD4BK,2,4.5,0.6498
B001DDD4BU,1,1.0,0.25
B001DDD4E2,1,2.0,-0.4767
B001DDH1W8,1,4.0,0.8442
B001DDH21I,1,4.0,0.875
B001DGDOQC,1,5.0,0.891
B001DGH03A,1,5.0,0.9702
B001DHNMEA,3,3.0,0.6105
B001DIM8K8,2,5.0,0.8708
B001DIM8NK,10,5.0,0.7992
B001DKA7HM,3,2.6667,0.7713
B001DKBDHK,4,2.75,0.0208
B001DL6ILA,2,1.5,-0.0578
B001DLCOUE,3,5.0,0.8759
B001DLFAAK,1,3.0,0.9649
B001DLYC2C,1,5.0,0.955
B001DNBYXK,1,1.0,-0.4209
B001DNE5RM,1,1.0,-0.4939
B001DQ381I,1,5.0,0.7003
B001DQQV30,1,5.0,0.8344
B001DR0LU8,9,4.5556,0.4496
B001DSR7NG,2,4.5,0.7826
B001DST6IK,2,5.0,0.8174
B001DTAPCK,2,3.5,0.9256
B001DTIIY2,1,5.0,0.8316
B001DTIJUU,2,3.0,-0.5464
B001DTKHA0,1,5.0,0.9211
B001DTKIF4,3,4.0,0.7241
B001DTKKAC,1,1.0,0.9494
B001DTKKQG,2,3.0,0.8078
B001DTMIAW,1,1.0,0.0258
B001DTMIIO,1,3.0,0.6124
B001DTMJB0,1,5.0,0.7425
B001DTOC4W,1,3.0,0.9698
B001DU2AK4,1,5.0,0.7579
B001DU7KUE,1,5.0,0.9825
B001DVVCGG,1,1.0,0.8303
B001DVXH82,1,5.0,0.2235
B001DW2RGO,2,2.5,0.5819
B001DW3GX2,1,5.0,0.9819
B001DWEF8W,3,5.0,0.9181
B001DWEZYQ,1,5.0,0.9772
B001DWF018,1,5.0,0.9649
B001DXRSX0,1,1.0,0.6486
B001DY6TWU,31,3.3226,0.405
B001DYKH7S,2,2.5,0.1839
B001DYMG36,1,2.0,0.5267
B001DZVVRW,2,4.5,0.9308
B001E0DZAW,1,5.0,-0.5
B001E0JMWC,1,1.0,0.0258
B001E0KVZ4,1,4.0,0.7003
B001E0QE1Y,4,3.5,0.9217
B001E0QQ1C,1,5.0,0.9559
B001E0SXCM,1,4.0,0.4404
B001E0T2RC,2,5.0,0.9498
B001E0TBA0,36,4.5833,0.6358
B001E0VC20,4,4.5,0.8285
B001E0XD90,1,4.0,-0.2748
B001E0ZFS2,1,5.0,0.8591
B001E0ZNNO,1,5.0,0.7783
B001E11P1W,1,5.0,0.9495
B001E128R2,2,3.0,0.1312
B001E12ZYS,1,5.0,0.8826
B001E139G6,2,5.0,0.9724
B001E13E2U,2,4.0,0.9832
B001E13JDY,3,4.3333,0.9415
B001E13PHO,2,3.5,0.9124
B001E14FAK,1,5.0,0.8555
B001E15NZG,1,3.0,0.7351
B001E15V12,1,5.0,0.6973
B001E18ICG,1,5.0,0.9771
B001E18K8S,40,4.6,0.6243
B001E18WBS,1,5.0,0.8826
B001E1ATG4,1,4.0,0.9035
B001E1ZKPO,3,5.0,0.7834
B001E2DTV0,3,2.3333,-0.0376
B001E2FMLK,3,5.0,0.5297
B001E2H3RQ,3,5.0,0.6124
B001E2J5MW,2,3.0,0.9002
B001E2M8TE,1,5.0,0.8739
B001E2M8TO,3,3.0,0.3138
B001E3DPF4,1,1.0,0.9712
B001E3DPG8,1,4.0,0.9834
B001E48ASU,1,5.0,0.9274
B001E4Q49W,3,4.6667,0.9273
B001E4Q4BU,7,4.1429,0.7729
B001E4Q54G,1,5.0,0.9849
B001E4Q5GO,13,4.8462,0.8898
B001E4Q5WI,4,4.0,0.9078
B001E4S6TI,11,4.0909,0.5682
B001E4S7QA,4,3.5,0.627
B001E4S7WE,3,4.3333,0.8203
B001E4S850,6,3.8333,0.4915
B001E4S86E,1,5.0,0.4215
B001E4S87I,1,5.0,0.4404
B001E4S88W,7,4.2857,0.7092
B001E4S8C8,6,4.3333,0.9079
B001E4S8GO,16,4.625,0.7207
B001E4T9IU,3,4.6667,0.8041
B001E4VDAC,2,5.0,0.956
B001E50R4Y,9,4.5556,0.8212
B001E50T3S,6,5.0,0.8698
B001E50TD8,1,5.0,-0.1027
B001E50THY,22,4.1364,0.6401
B001E50TJC,11,3.8182,0.6414
B001E50TTM,1,5.0,0.7943
B001E50U32,1,5.0,0.8258
B001E50U3C,1,5.0,0.5984
B001E50UC8,1,2.0,0.9643
B001E50UEQ,2,4.5,0.8168
B001E50USM,2,4.5,0.8447
B001E50W2Q,2,3.5,0.5168
B001E50W5I,1,5.0,0.5994
B001E50WDA,5,4.8,0.8187
B001E50X66,7,4.4286,0.6813
B001E50X84,5,5.0,0.6256
B001E50XBQ,5,4.0,0.8268
B001E5116C,6,4.1667,0.5976
B001E52TJA,1,4.0,0.9819
B001E52U76,1,5.0,0.8957
B001E52VGQ,4,4.0,0.802
B001E52VJS,13,4.7692,0.7593
B001E52VLG,7,4.0,0.8765
B001E52VR0,3,5.0,0.8132
B001E52VRK,3,5.0,0.4542
B001E52WEM,4,4.75,0.7736
B001E52WME,6,4.3333,0.6474
B001E52WNS,2,5.0,0.455
B001E52WQA,2,3.0,0.6462
B001E52WS8,5,4.4,0.591
B001E52XGO,3,2.6667,0.3423
B001E52YB8,2,5.0,0.6914
B001E52YO0,7,5.0,0.9124
B001E52YY0,4,5.0,0.6319
B001E52Z2G,3,4.3333,0.7106
B001E52Z58,3,3.0,0.8826
B001E52Z94,1,5.0,0.8519
B001E52ZAS,3,4.0,0.8801
B001E52ZJ4,1,4.0,0.6705
B001E52ZN0,1,5.0,0.9153
B001E52ZSU,1,5.0,0.0
B001E53016,1,5.0,0.9249
B001E53020,3,5.0,0.7746
B001E5305C,3,3.6667,0.6943
B001E5308O,1,5.0,0.8519
B001E530FM,2,3.0,-0.0356
B001E530FW,1,5.0,0.8625
B001E530IE,9,4.8889,0.8667
B001E530J8,10,4.5,0.6827
B001E5323W,1,5.0,0.8442
B001E534MG,5,2.4,0.5544
B001E53TMQ,8,5.0,0.789
B001E53U48,6,5.0,0.7347
B001E53UTS,6,4.5,0.1702
B001E53VC4,7,3.7143,0.5825
B001E53VJ2,1,5.0,0.8481
B001E53W8M,3,5.0,0.8345
B001E53WBE,4,2.5,0.3088
B001E53WIW,3,4.0,0.6481
B001E55XOI,2,5.0,0.8514
B001E55XVG,2,5.0,0.8462
B001E55YXS,3,3.0,0.4281
B001E55Z6E,1,4.0,0.128
B001E55ZCS,1,5.0,0.8402
B001E55ZQO,5,4.2,0.5359
B001E56004,1,5.0,0.7096
B001E560PY,3,5.0,0.7272
B001E560U4,6,5.0,0.4418
B001E5D4P8,1,5.0,0.6597
B001E5DC0U,1,5.0,0.8885
B001E5DQF6,1,5.0,0.836
B001E5DQGK,2,4.0,0.9286
B001E5DQGU,5,3.2,0.5905
B001E5DQME,1,5.0,0.8957
B001E5DQSI,1,5.0,0.7906
B001E5DR5K,2,4.0,0.8209
B001E5DR5U,3,4.0,0.0958
B001E5DR8C,2,5.0,0.9533
B001E5DRBO,15,4.2,0.6734
B001E5DRBY,4,3.75,0.4875
B001E5DRC8,6,4.0,0.701
B001E5DRCS,3,2.3333,-0.114
B001E5DREG,1,2.0,0.8764
B001E5DRH8,1,3.0,-0.1591
B001E5DRIC,2,4.5,0.9644
B001E5DRJ6,3,3.6667,0.7988
B001E5DRJG,2,5.0,0.9474
B001E5DRJQ,1,4.0,0.9757
B001E5DRKK,2,5.0,0.8844
B001E5DRLO,2,4.5,0.882
B001E5DRMI,2,5.0,0.6285
B001E5DRNC,1,1.0,-0.4404
B001E5DROQ,1,5.0,0.6124
B001E5DRP0,1,2.0,0.8689
B001E5DRWI,2,4.0,0.7326
B001E5DS40,1,5.0,0.8126
B001E5DWS2,3,4.0,0.8195
B001E5DWW8,20,4.55,0.7787
B001E5DWWS,2,5.0,0.79
B001E5DWXC,1,5.0,0.91
B001E5DWYG,1,2.0,0.8779
B001E5DWZA,3,5.0,0.7794
B001E5DWZU,8,4.125,0.56
B001E5DX4A,6,5.0,0.671
B001E5DX4U,2,3.0,0.7064
B001E5DX90,3,4.6667,0.8651
B001E5DXA4,3,3.6667,0.9084
B001E5DXAO,4,5.0,0.5734
B001E5DXDQ,1,4.0,0.8126
B001E5DXEU,15,5.0,0.8305
B001E5DXFO,2,3.5,0.4742
B001E5DXH2,24,4.9167,0.8083
B001E5DXOU,2,5.0,0.9228
B001E5DXQ8,1,5.0,0.9741
B001E5DXS6,3,4.3333,0.9189
B001E5DXUY,3,4.6667,0.8294
B001E5DXYU,3,3.6667,0.6103
B001E5DXZE,3,5.0,0.9649
B001E5DY0S,4,3.75,0.5841
B001E5DY2G,3,4.3333,0.7692
B001E5DY30,2,4.0,0.4245
B001E5DY3U,1,4.0,-0.308
B001E5DY4E,1,2.0,0.7845
B001E5DY4O,1,5.0,0.836
B001E5DY58,1,4.0,0.7845
B001E5DY5I,2,3.0,-0.1198
B001E5DY6M,1,5.0,0.8316
B001E5DYC6,2,4.0,0.6192
B001E5DYEE,8,5.0,0.9361
B001E5DYEO,8,4.875,0.7985
B001E5DYF8,1,4.0,0.9881
B001E5DYG2,4,4.0,0.9172
B001E5DYGC,3,5.0,0.8528
B001E5DYIU,2,4.5,0.9408
B001E5DYM6,5,3.8,0.7829
B001E5DYSK,5,3.6,0.7301
B001E5DYSU,2,5.0,0.0127
B001E5DYT4,8,3.875,0.907
B001E5DYTE,7,4.4286,0.905
B001E5DYTO,2,4.0,0.8428
B001E5DYTY,7,4.4286,0.7773
B001E5DYU8,3,2.6667,0.6791
B001E5DYUI,2,4.0,0.8844
B001E5DYUS,3,5.0,0.9474
B001E5DZEI,2,5.0,0.9247
B001E5DZH0,4,4.5,0.5953
B001E5DZHA,3,4.6667,0.4305
B001E5DZHK,1,4.0,0.8316
B001E5DZI4,1,5.0,0.8625
B001E5DZIE,10,4.6,0.7759
B001E5DZIO,3,4.6667,0.7185
B001E5DZIY,2,5.0,0.8027
B001E5DZJ8,5,5.0,0.7668
B001E5DZJS,5,3.0,0.5726
B001E5DZLG,3,4.3333,0.9226
B001E5DZO8,1,3.0,0.9734
B001E5DZRA,2,3.0,0.4288
B001E5DZSO,4,5.0,0.4726
B001E5DZSY,5,4.4,0.9079
B001E5DZTS,26,4.0769,0.719
B001E5DZUC,2,5.0,0.926
B001E5DZUW,1,3.0,0.4404
B001E5DZV6,2,4.0,0.925
B001E5DZVG,3,4.3333,0.6998
B001E5DZWK,9,4.8889,0.8736
B001E5DZWU,1,5.0,0.6369
B001E5DZYS,4,4.0,0.8515
B001E5DZZ2,1,5.0,0.8898
B001E5DZZC,1,4.0,0.6908
B001E5DZZM,3,5.0,0.8799
B001E5E006,5,5.0,0.7373
B001E5E00G,4,3.75,0.7209
B001E5E010,3,5.0,0.8908
B001E5E01A,1,5.0,0.9565
B001E5E024,7,4.7143,0.9229
B001E5E03S,2,5.0,0.8837
B001E5E056,6,4.6667,0.8422
B001E5E05G,14,4.7143,0.7448
B001E5E060,11,4.3636,0.9081
B001E5E06U,7,4.7143,0.8868
B001E5E074,16,3.375,0.7687
B001E5E07O,4,5.0,0.9334
B001E5E088,3,3.3333,0.5273
B001E5E08I,6,3.6667,0.4266
B001E5E08S,10,4.1,0.7694
B001E5E09M,4,3.5,0.7588
B001E5E0A6,4,4.25,0.5873
B001E5E0AG,6,4.8333,0.9023
B001E5E0B0,3,5.0,0.9712
B001E5E0BA,1,5.0,0.8555
B001E5E0CE,11,4.5455,0.6555
B001E5E0CO,4,4.5,0.8128
B001E5E0D8,35,3.9714,0.7226
B001E5E0DI,20,4.45,0.7097
B001E5E0FG,3,4.3333,0.7154
B001E5E0FQ,2,5.0,0.8676
B001E5E0GA,3,5.0,0.9306
B001E5E0H4,1,5.0,0.9477
B001E5E0HE,1,5.0,-0.844
B001E5E0HO,1,5.0,0.8588
B001E5E0HY,3,3.6667,0.7497
B001E5E0I8,2,4.5,0.5135
B001E5E0IS,3,3.3333,0.8907
B001E5E0KG,4,5.0,0.9437
B001E5E0LA,4,5.0,0.9195
B001E5E0NI,3,4.3333,0.9299
B001E5E0SI,2,4.0,0.4753
B001E5E0T2,5,4.2,0.7664
B001E5E0TW,4,5.0,0.8428
B001E5E0V0,1,5.0,0.7579
B001E5E0Y2,17,4.6471,0.8932
B001E5E0YC,1,3.0,0.8481
B001E5E0YW,8,4.75,0.7686
B001E5E0Z6,1,3.0,0.9554
B001E5E10A,8,5.0,0.8887
B001E5E10K,5,4.8,0.8689
B001E5E12I,2,5.0,0.846
B001E5E1C8,10,4.2,0.7403
B001E5E1CI,3,5.0,0.8521
B001E5E1DM,1,5.0,0.9748
B001E5E1HI,1,5.0,0.97
B001E5E1I2,1,5.0,0.9678
B001E5E1K0,1,5.0,0.6486
B001E5E1KA,5,3.4,0.5411
B001E5E1L4,8,4.875,0.8219
B001E5E1LE,11,4.6364,0.8906
B001E5E1LO,3,3.6667,0.5289
B001E5E1MI,27,4.6296,0.8186
B001E5E1N2,1,4.0,0.9001
B001E5E1NM,3,4.3333,0.7206
B001E5E1NW,2,5.0,0.7857
B001E5E1O6,2,5.0,0.9004
B001E5E1OG,1,4.0,-0.128
B001E5E1PA,13,3.8462,0.6465
B001E5E1RS,1,5.0,0.7717
B001E5E1SC,1,4.0,0.9534
B001E5E1W8,4,4.75,0.8585
B001E5E1WS,8,4.625,0.8953
B001E5E1XC,6,4.3333,0.7964
B001E5E1XW,7,4.0,0.71
B001E5E1YG,1,5.0,0.9303
B001E5E1Z0,1,4.0,0.5574
B001E5E1ZU,1,3.0,-0.1531
B001E5E20E,16,4.4375,0.8531
B001E5E20O,17,4.5294,0.9005
B001E5E218,1,4.0,0.9612
B001E5E21S,2,4.0,0.8039
B001E5E22C,1,2.0,0.8519
B001E5E23Q,3,4.3333,0.8283
B001E5E24A,8,4.875,0.8546
B001E5E25Y,18,4.1111,0.6787
B001E5E268,21,4.1905,0.6453
B001E5E272,5,4.0,0.8358
B001E5E27W,2,4.5,0.7844
B001E5E286,1,5.0,0.9792
B001E5E29A,11,4.7273,0.8511
B001E5E2AE,5,4.6,0.9184
B001E5E2AO,2,5.0,0.9366
B001E5E2B8,2,4.0,0.919
B001E5E2BS,13,4.3846,0.6274
B001E5E2CC,1,5.0,0.9719
B001E5E2CW,4,4.75,0.5419
B001E5E2DG,1,5.0,0.9819
B001E5E2E0,1,5.0,0.6249
B001E5E2EK,5,3.4,0.8504
B001E5E2F4,1,5.0,0.9753
B001E5E2FE,4,5.0,0.9561
B001E5E2FY,1,5.0,0.9201
B001E5E2G8,2,3.5,0.2086
B001E5E2GS,3,5.0,0.8523
B001E5E2I6,2,1.0,0.2572
B001E5E2IG,7,4.5714,0.7652
B001E5E2L8,4,5.0,0.9223
B001E5E2MW,4,3.75,0.6216
B001E5E2PO,3,5.0,0.4367
B001E5E2PY,8,3.25,0.5853
B001E5E2Q8,4,5.0,0.6253
B001E5E2QS,5,4.2,0.7276
B001E5E2R2,8,4.625,0.8711
B001E5E2RC,26,4.6923,0.8428
B001E5E2RM,11,3.6364,0.7338
B001E5E2RW,9,4.5556,0.8613
B001E5E2TK,2,5.0,0.8722
B001E5E2WM,1,5.0,0.7783
B001E5E2ZE,4,5.0,0.6638
B001E5E2ZO,9,3.7778,0.6851
B001E5E312,3,4.3333,0.8254
B001E5E326,3,4.0,0.4229
B001E5E330,2,5.0,0.7962
B001E5E33A,7,4.4286,0.8522
B001E5E33U,18,4.4444,0.6322
B001E5E34E,9,3.7778,0.311
B001E5E35S,2,4.5,0.896
B001E5E36W,3,4.3333,0.6793
B001E5E38A,2,4.5,0.8784
B001E5E38K,1,5.0,0.7089
B001E5E39E,1,5.0,0.8779
B001E5E3AI,9,3.8889,0.6809
B001E5E3B2,7,5.0,0.8415
B001E5E3C6,2,5.0,0.8528
B001E5E3D0,1,1.0,0.5302
B001E5E3EE,7,4.2857,0.6879
B001E5E3EO,5,4.2,0.4128
B001E5E3FS,12,4.5833,0.8983
B001E5E3IA,12,3.25,0.3662
B001E5E3JY,22,3.6818,0.3792
B001E5E3LW,10,3.6,0.6953
B001E5E3MQ,4,4.0,0.9546
B001E5E3NK,2,5.0,0.4852
B001E5E3S0,9,5.0,0.8059
B001E5E3UI,7,4.5714,0.5791
B001E5E3X0,4,5.0,0.7105
B001E5E3XU,5,4.6,0.8507
B001E5E3YO,1,5.0,0.9062
B001E5E3ZI,4,3.75,0.5151
B001E5E470,1,5.0,0.4404
B001E5E48O,1,5.0,0.9601
B001E5E4EI,2,5.0,0.8566
B001E6EDHA,1,5.0,0.7867
B001E6EE4C,4,4.0,0.4718
B001E6EE88,3,5.0,0.8634
B001E6EE92,1,5.0,0.9729
B001E6EEE2,2,4.0,0.94
B001E6EJQU,1,5.0,0.9153
B001E6EJSS,3,5.0,0.5449
B001E6EJX8,8,4.375,0.6687
B001E6EJZ6,1,5.0,0.7764
B001E6EK3W,3,2.3333,0.8265
B001E6GFKI,11,5.0,0.6657
B001E6GFPI,2,4.5,0.9306
B001E6GFR6,8,4.75,0.8252
B001E6GFTY,4,3.75,0.6877
B001E6GFZI,13,4.0,0.6151
B001E6GG1Q,1,5.0,0.9246
B001E6GLPW,2,2.5,0.8198
B001E6IUG0,5,5.0,0.8426
B001E6IUJM,2,2.5,0.4932
B001E6IULK,5,3.6,0.8114
B001E6IUMY,1,5.0,0.981
B001E6IZU6,8,4.875,0.9041
B001E6IZVU,6,4.3333,0.6702
B001E6J07I,1,5.0,0.8689
B001E6K63A,21,4.9524,0.7741
B001E6K6B2,17,4.2353,0.8468
B001E6K6DA,2,5.0,0.9262
B001E6K6F8,2,2.5,0.8834
B001E6K6G2,1,5.0,0.5574
B001E6K6GW,13,4.6154,0.6962
B001E6KBJ4,11,4.0,0.6146
B001E6KBSK,6,3.8333,0.3177
B001E6KBSU,2,5.0,0.7769
B001E6KBWQ,2,3.5,0.9254
B001E6KBYE,15,3.2,0.7066
B001E6KP4K,3,4.0,0.9281
B001E6PKJU,1,1.0,0.7096
B001E6TWIU,2,4.5,-0.2143
B001E7650W,2,4.5,0.8855
B001E7653Y,6,4.3333,0.7955
B001E7654S,8,3.625,0.7291
B001E76570,3,3.3333,0.3792
B001E77LT6,1,2.0,0.7351
B001E77LUK,3,3.0,0.9331
B001E8DHPW,80,4.7875,0.8027
B001E8HSAM,1,5.0,0.9531
B001E8ICZ2,1,5.0,0.7964
B001E8J2RY,1,1.0,0.9089
B001E8PWJ6,1,5.0,0.9072
B001E8YAY4,1,5.0,0.802
B001E95K3I,1,1.0,0.5106
B001E95K4C,2,4.5,0.7635
B001E95K6K,2,3.5,0.5
B001E95KLK,7,4.2857,0.5163
B001E95KNI,2,5.0,0.8742
B001E95KNS,3,3.6667,0.617
B001E95KO2,5,4.6,0.7831
B001E95KOC,10,4.8,0.8673
B001E95KOW,2,4.5,0.8694
B001E95KP6,1,5.0,0.9325
B001E95KQ0,3,3.3333,0.4071
B001E95KQA,4,4.0,0.5922
B001E95KQK,2,5.0,0.7968
B001E95KRE,19,4.1579,0.883
B001E95KUQ,5,3.4,0.7411
B001E96JY2,1,1.0,0.5233
B001E96JYC,1,5.0,0.8316
B001E96JZ6,4,4.25,0.831
B001E96JZG,12,4.4167,0.9056
B001E96NVG,6,4.6667,0.7812
B001EB9JI8,1,5.0,0.9949
B001EBJSKC,5,2.4,0.1551
B001EC6H8C,2,4.0,0.8538
B001EC7YNE,1,1.0,-0.3182
B001ECOZWC,1,5.0,0.6597
B001ECQ4HQ,2,5.0,0.7222
B001ECQ4M6,6,4.6667,0.6637
B001ECQ4O4,2,5.0,0.6954
B001ECQ5FC,6,3.5,0.4011
B001ECQBVA,5,4.0,0.8365
B001ECVGKG,2,5.0,0.7493
B001ECWLXW,2,5.0,0.9398
B001ED0H3C,2,5.0,0.4556
B001ED4T90,3,4.6667,0.8487
B001EDAHZK,2,5.0,0.4772
B001EEX5J4,1,4.0,-0.4588
B001EGVRVU,6,4.5,0.8787
B001EGZKH2,2,5.0,0.7978
B001EH9QBM,1,5.0,0.9698
B001EHCUZQ,1,3.0,0.9876
B001EHDMXK,1,5.0,0.9495
B001EHDMY4,2,3.0,0.4074
B001EHDNHA,1,4.0,0.9153
B001EHDNI4,1,4.0,0.9602
B001EHEDLU,1,4.0,0.9519
B001EHEE00,1,1.0,-0.7346
B001EHEEG4,2,3.0,0.3998
B001EHEEKK,1,2.0,0.0
B001EHHRSG,1,5.0,0.7096
B001EHJ2NY,1,2.0,-0.033
B001EHJBEY,1,2.0,0.886
B001EHM7AE,1,3.0,-0.4019
B001EJN8IC,1,4.0,0.9432
B001EJN9KE,3,4.3333,0.6177
B001EJNF2G,1,5.0,0.9601
B001EJNF30,1,5.0,0.8625
B001EJNF3U,4,4.5,0.8363
B001EK29ZO,2,4.5,0.8196
B001ELJJQK,1,3.0,0.9691
B001ELJJQU,1,5.0,0.4404
B001ELJJTM,1,5.0,0.9531
B001ELJJX8,1,4.0,0.9538
B001ELJJYM,1,4.0,0.8858
B001ELJJZG,1,5.0,0.8268
B001ELJK0K,2,4.0,0.7892
B001ELJK28,1,4.0,0.9697
B001ELJK3M,5,3.8,0.77
B001ELJK4G,3,4.3333,0.8462
B001ELJK4Q,2,4.5,0.7675
B001ELJK50,1,5.0,0.6249
B001ELJK5A,1,4.0,0.9041
B001ELJK5U,3,4.3333,0.9491
B001ELJK64,1,4.0,0.8779
B001ELJK6E,6,4.3333,0.9161
B001ELJK6O,2,4.5,0.8248
B001ELJK78,7,4.5714,0.7081
B001ELJK7I,2,5.0,0.8298
B001ELJK7S,1,5.0,0.6124
B001ELJK82,5,3.4,0.9129
B001ELJK8M,1,4.0,-0.3356
B001ELJKCS,2,4.5,0.5066
B001ELJKDC,2,5.0,0.96
B001ELJKEQ,1,4.0,0.8417
B001ELL260,2,3.0,0.1041
B001ELL274,1,5.0,0.9786
B001ELL288,5,3.4,0.33
B001ELL29M,1,5.0,0.9953
B001ELL2AQ,2,4.5,0.3431
B001ELL2BA,1,5.0,0.8591
B001ELL2HO,4,5.0,0.8655
B001ELL332,4,4.5,0.9464
B001ELL350,3,4.3333,0.7563
B001ELL35K,2,3.0,0.9371
B001ELL364,3,5.0,0.8971
B001ELL36Y,1,5.0,0.9246
B001ELL3D2,2,5.0,0.9472
B001ELL3DM,8,4.625,0.7276
B001ELL3FA,1,1.0,0.6369
B001ELL3HI,1,5.0,0.9287
B001ELL3I2,2,3.0,0.2564
B001ELL3IM,2,5.0,0.966
B001ELL3LE,4,4.25,-0.1438
B001ELL3LY,6,4.3333,0.8502
B001ELL3MI,3,5.0,0.5715
B001ELL3OG,1,5.0,0.7906
B001ELL3PA,1,5.0,0.8384
B001ELL3Q4,1,5.0,0.9903
B001ELL3U0,5,4.2,0.5767
B001ELL404,3,4.3333,0.9053
B001ELL44A,2,5.0,0.7012
B001ELL4A4,1,5.0,0.9681
B001ELL4E0,7,4.5714,0.9071
B001ELL4F4,7,4.1429,0.8413
B001ELL4FY,9,4.2222,0.8765
B001ELL4HM,2,5.0,0.6213
B001ELL4K4,2,5.0,0.9302
B001ELL4NG,1,1.0,0.8784
B001ELL4O0,1,5.0,0.836
B001ELL4PE,1,5.0,0.9538
B001ELL4PY,1,5.0,0.967
B001ELL4QI,1,5.0,0.6908
B001ELL4R2,1,2.0,0.0
B001ELL4SG,1,2.0,0.5719
B001ELL4X6,14,4.0,0.6866
B001ELL4ZY,10,4.1,0.7755
B001ELL50I,1,5.0,0.8885
B001ELL512,18,4.3333,0.5701
B001ELL51M,1,5.0,0.9719
B001ELL53K,1,5.0,0.875
B001ELL54E,1,5.0,0.7328
B001ELL54Y,1,2.0,0.7269
B001ELL59Y,1,4.0,0.5994
B001ELL5IK,4,5.0,0.8722
B001ELL5OY,2,3.0,0.3358
B001ELL5XU,1,5.0,0.6369
B001ELL60W,55,4.7091,0.8299
B001ELL67A,15,4.1333,0.6989
B001ELL68Y,8,4.125,0.7815
B001ELL6KM,2,3.0,0.4712
B001ELL6O8,4,3.0,0.4429
B001ELL6PC,2,4.5,0.8048
B001ELL6QG,1,5.0,0.8442
B001ELL6UM,1,5.0,0.8122
B001ELL6VG,5,4.8,0.6493
B001ELL6WA,1,5.0,0.7964
B001ELL6X4,3,4.3333,0.8205
B001ELL71K,2,3.5,0.0798
B001ELL76U,3,4.3333,0.4884
B001ELL7GK,1,5.0,0.9957
B001ELL7HO,1,3.0,0.0
B001ELL7O2,1,5.0,0.8316
B001ELL7P6,1,4.0,0.0
B001ELL7T2,3,5.0,0.9289
B001ELL86Y,14,4.2857,0.6324
B001ELL8CS,1,3.0,0.9217
B001ELL8E6,8,4.375,0.715
B001ELL8F0,1,3.0,0.8807
B001ELL8HI,2,5.0,0.9514
B001ELL8KU,1,5.0,0.575
B001ELL8NC,1,5.0,0.975
B001ELL936,1,4.0,0.9081
B001ELL98Q,3,4.0,0.6892
B001ELL99U,1,5.0,0.7269
B001ELL9GI,29,4.1034,0.7689
B001ELL9QS,1,5.0,0.923
B001ELL9VI,1,4.0,0.9607
B001ELL9X6,3,4.3333,0.7903
B001ELL9Y0,1,5.0,0.9535
B001ELLA2G,1,3.0,0.6124
B001ELLA4E,1,5.0,0.9531
B001ELLA4Y,1,4.0,0.9231
B001ELLA5I,1,2.0,0.8473
B001ELLADK,2,3.0,-0.4968
B001ELLAEY,2,3.0,0.9017
B001ELLAH6,2,5.0,0.6878
B001ELLAHG,5,4.6,0.8827
B001ELLASU,3,1.6667,0.3015
B001ELLATE,1,5.0,0.9261
B001ELLATO,1,5.0,0.9866
B001ELLAW6,1,5.0,0.8481
B001ELLAXU,1,4.0,0.5574
B001ELLAZI,4,5.0,0.8708
B001ELLB0W,2,5.0,0.6202
B001ELLB16,3,5.0,0.6529
B001ELLB1Q,1,5.0,0.9836
B001ELLB2U,4,3.75,0.3841
B001ELLB4S,4,2.75,0.4222
B001ELLB5M,1,5.0,0.8176
B001ELLB7U,4,4.25,0.9214
B001ELLBB6,1,4.0,0.9287
B001ELLBC0,1,5.0,0.0
B001ELLBJS,6,5.0,0.8656
B001ELLC9C,1,5.0,0.975
B001ELLCLU,1,5.0,0.8555
B001ELLCOM,2,3.0,0.9171
B001ELLCT2,2,5.0,0.9451
B001EO5JLQ,1,5.0,0.6808
B001EO5JUC,7,4.5714,0.8311
B001EO5KMY,2,4.5,0.3954
B001EO5KO2,1,5.0,0.9118
B001EO5KRE,4,4.5,0.8744
B001EO5KSS,4,4.25,0.6759
B001EO5KWY,2,5.0,0.937
B001EO5KYM,2,5.0,0.8676
B001EO5LD2,1,2.0,0.7579
B001EO5LGE,1,1.0,0.7351
B001EO5LU0,3,4.6667,0.9207
B001EO5M2M,1,5.0,0.9468
B001EO5M3G,1,5.0,0.8957
B001EO5M8G,2,5.0,0.9356
B001EO5ME0,2,5.0,0.8885
B001EO5MO0,1,5.0,-0.1531
B001EO5MZY,2,3.0,0.8358
B001EO5N12,1,3.0,0.9062
B001EO5N3K,1,5.0,0.9432
B001EO5NAS,1,5.0,0.9142
B001EO5NCG,3,4.0,0.0715
B001EO5NEE,1,5.0,0.7902
B001EO5NIA,2,5.0,0.8496
B001EO5NJO,2,5.0,0.9112
B001EO5NN0,1,2.0,0.3612
B001EO5NSK,1,3.0,0.872
B001EO5NV2,4,2.0,0.3509
B001EO5OKC,13,3.6923,0.6473
B001EO5OMU,1,5.0,0.6124
B001EO5OQQ,1,3.0,0.7357
B001EO5OVQ,1,3.0,-0.25
B001EO5OXE,1,5.0,0.7579
B001EO5P88,3,4.6667,0.9105
B001EO5PB0,1,5.0,0.8402
B001EO5PCY,1,5.0,0.8316
B001EO5PD8,1,5.0,0.9343
B001EO5PE2,1,4.0,0.7783
B001EO5PFG,1,3.0,0.25
B001EO5PG0,1,5.0,0.967
B001EO5POM,2,4.0,0.5543
B001EO5PPG,2,4.5,0.9374
B001EO5PQK,1,5.0,0.9595
B001EO5PSI,1,1.0,-0.959
B001EO5Q14,1,2.0,0.0
B001EO5Q1E,3,4.0,0.487
B001EO5Q3M,1,4.0,0.9273
B001EO5Q4G,2,3.0,0.7899
B001EO5Q5K,2,4.0,0.7822
B001EO5Q64,100,4.8,0.8422
B001EO5QAA,2,3.0,0.7702
B001EO5QAU,1,2.0,0.8591
B001EO5QBE,1,5.0,0.8999
B001EO5QBO,1,2.0,0.4215
B001EO5QBY,2,5.0,0.6502
B001EO5QDC,1,5.0,0.9349
B001EO5QDW,3,4.6667,0.8273
B001EO5QKA,3,2.3333,0.8799
B001EO5QLE,4,3.75,0.7691
B001EO5QMS,1,5.0,0.9186
B001EO5QOG,3,4.6667,0.6666
B001EO5QP0,2,5.0,0.9384
B001EO5QPA,19,3.9474,0.7102
B001EO5QTQ,3,5.0,0.719
B001EO5QV4,3,4.3333,0.9312
B001EO5QW8,3,5.0,0.8628
B001EO5QXM,1,5.0,0.9744
B001EO5QZK,17,4.2353,0.7885
B001EO5R04,17,3.7647,0.6445
B001EO5R0Y,21,4.1905,0.7509
B001EO5R2W,3,5.0,0.8001
B001EO5R40,5,2.2,0.811
B001EO5R5E,3,4.6667,0.777
B001EO5R7C,3,4.3333,0.3373
B001EO5R7W,3,4.0,0.7543
B001EO5RCM,6,3.8333,0.8739
B001EO5RF4,10,4.2,0.7616
B001EO5RFE,13,5.0,0.9171
B001EO5RFY,1,3.0,0.9468
B001EO5RG8,5,4.8,0.7983
B001EO5RGS,3,4.0,0.5332
B001EO5RI6,2,5.0,0.8813
B001EO5RLI,11,4.9091,0.8176
B001EO5RMM,1,5.0,0.6908
B001EO5ROA,6,4.8333,0.7073
B001EO5RPO,1,5.0,0.6249
B001EO5RRM,3,4.6667,0.9366
B001EO5RS6,1,5.0,0.9929
B001EO5RSQ,3,4.0,0.6974
B001EO5RU4,1,4.0,0.8445
B001EO5RVI,3,3.6667,0.6877
B001EO5RW2,1,5.0,0.9888
B001EO5RYK,6,4.3333,0.931
B001EO5RZE,4,3.0,0.1345
B001EO5RZY,3,4.6667,0.9161
B001EO5S0I,1,5.0,0.9655
B001EO5S1C,4,5.0,0.7025
B001EO5S2Q,3,5.0,0.8538
B001EO5S58,2,2.5,0.8796
B001EO5S6M,6,2.6667,0.5786
B001EO5S76,1,5.0,0.9248
B001EO5SB2,2,5.0,0.678
B001EO5SBW,7,3.7143,0.6926
B001EO5SC6,5,2.6,0.2204
B001EO5SCQ,8,3.125,0.5333
B001EO5SFI,2,5.0,0.9088
B001EO5SI0,1,4.0,0.743
B001EO5SLW,1,5.0,0.8955
B001EO5SQC,1,5.0,0.8481
B001EO5SSA,1,2.0,0.765
B001EO5SW6,3,2.6667,0.6934
B001EO5SXK,1,4.0,0.4404
B001EO5T52,5,4.2,0.3859
B001EO5TFC,1,5.0,0.6369
B001EO5TGQ,16,4.0625,0.7049
B001EO5TIE,18,4.5,0.7548
B001EO5TJ8,20,4.05,0.6171
B001EO5TK2,2,4.5,0.9408
B001EO5TMK,3,4.3333,0.9495
B001EO5TNY,3,3.6667,0.4529
B001EO5TRK,7,4.1429,0.732
B001EO5TUW,1,1.0,0.969
B001EO5TWA,3,5.0,0.9301
B001EO5TWU,8,4.375,0.6797
B001EO5TYS,2,5.0,0.8836
B001EO5U2O,3,4.6667,0.752
B001EO5U3I,55,4.8545,0.8071
B001EO5U42,2,5.0,0.5894
B001EO5U60,4,5.0,0.6858
B001EO5U6U,2,3.0,0.6702
B001EO5U7E,2,5.0,0.403
B001EO5U88,2,4.5,0.816
B001EO5U8I,21,4.0952,0.6443
B001EO5U9W,3,4.6667,0.7537
B001EO5UB0,1,5.0,0.8655
B001EO5UDI,1,5.0,0.9794
B001EO5UJC,1,2.0,0.5267
B001EO5UJW,4,4.75,0.7919
B001EO5UKG,1,5.0,0.8779
B001EO5UOC,1,5.0,0.9313
B001EO5UT2,1,5.0,0.8481
B001EO5UTM,10,5.0,0.8599
B001EO5UVK,14,4.3571,0.672
B001EO5UW4,2,3.0,0.4872
B001EO5UY2,1,5.0,0.9652
B001EO5VMS,9,4.8889,0.9599
B001EO5W2M,8,3.875,0.5818
B001EO5W9K,1,2.0,0.4939
B001EO5WBI,1,5.0,0.9754
B001EO5WF4,1,5.0,0.3818
B001EO5WGI,2,3.0,-0.229
B001EO5WJK,1,5.0,0.9137
B001EO5WLI,1,5.0,0.7579
B001EO5WM2,1,4.0,0.8481
B001EO5WN6,1,5.0,0.8689
B001EO5WNQ,1,4.0,0.4939
B001EO5WOK,1,5.0,0.6597
B001EO5WTA,2,4.5,0.6802
B001EO5WTU,3,3.6667,0.1831
B001EO5WVS,1,4.0,0.7734
B001EO5WZ4,12,4.5,0.7728
B001EO5X2G,1,5.0,0.9169
B001EO5X5S,7,4.2857,0.6418
B001EO5X6M,4,5.0,0.4084
B001EO5X94,1,5.0,0.8885
B001EO5XBM,2,2.5,0.0181
B001EO5XBW,4,3.25,0.3153
B001EO5XD0,3,3.6667,0.9152
B001EO5XE4,1,5.0,0.8891
B001EO5XGM,1,2.0,-0.0258
B001EO5XH6,3,4.0,0.1756
B001EO5XHG,5,4.4,0.7609
B001EO5XIU,1,2.0,0.0516
B001EO5XNU,2,5.0,0.9542
B001EO5XP8,1,1.0,-0.4767
B001EO5XPS,4,5.0,0.7628
B001EO5XRQ,3,5.0,0.6161
B001EO5XSA,4,5.0,0.6062
B001EO5XSU,8,4.75,0.8183
B001EO5XTE,1,4.0,0.7144
B001EO5XTY,1,5.0,0.4929
B001EO5XVM,2,5.0,0.8702
B001EO5XW6,4,2.75,-0.0008
B001EO5XYO,1,1.0,0.8402
B001EO5XYY,3,4.0,0.8716
B001EO5Y20,1,5.0,0.2484
B001EO5Y52,8,4.625,0.8074
B001EO5Y5M,9,3.6667,0.8172
B001EO5Y6Q,2,3.5,0.9214
B001EO5Y7A,1,5.0,0.8225
B001EO5Y7K,4,4.75,0.89
B001EO5Y8E,3,5.0,0.792
B001EO5Y8Y,42,4.5476,0.859
B001EO5YAC,12,4.0,0.6978
B001EO5YB6,1,5.0,0.7351
B001EO5YCA,3,5.0,0.7815
B001EO5YDE,1,5.0,0.9432
B001EO5YDO,5,4.4,0.8083
B001EO5YDY,5,4.0,0.7148
B001EO5YES,1,1.0,0.8828
B001EO5YF2,1,5.0,0.9799
B001EO5YFM,5,4.8,0.6688
B001EO5YHK,3,5.0,0.5837
B001EO5YI4,1,4.0,0.8591
B001EO5YIO,1,5.0,0.9439
B001EO5YJ8,2,4.0,0.6797
B001EO5YKW,1,5.0,0.9493
B001EO5YLQ,1,5.0,0.7717
B001EO5YN4,4,4.5,0.7655
B001EO5YNE,1,5.0,0.6369
B001EO5YO8,1,1.0,-0.6808
B001EO5YQG,5,4.2,0.9242
B001EO5YR0,5,5.0,0.7877
B001EO5YRK,2,5.0,0.3344
B001EO5YTS,1,4.0,0.6794
B001EO5YU2,1,5.0,0.8078
B001EO5Z0G,1,5.0,0.91
B001EO5Z4W,1,5.0,0.6705
B001EO5Z56,4,5.0,0.8702
B001EO5Z74,2,5.0,0.8293
B001EO5ZAG,1,5.0,0.9468
B001EO5ZC4,2,4.0,0.8718
B001EO5ZCY,2,4.0,0.796
B001EO5ZD8,1,5.0,0.7906
B001EO5ZFQ,3,3.6667,0.3021
B001EO5ZGU,6,4.8333,0.6627
B001EO5ZHO,5,3.8,0.6025
B001EO5ZMO,1,5.0,0.9638
B001EO5ZNI,1,5.0,0.8948
B001EO5ZOW,1,5.0,0.9926
B001EO5ZSS,1,5.0,0.8276
B001EO5ZYW,1,5.0,0.8402
B001EO5ZZ6,1,5.0,0.9747
B001EO5ZZG,1,3.0,0.8555
B001EO605A,1,5.0,0.9435
B001EO607I,5,3.6,0.4518
B001EO60AA,1,5.0,0.8402
B001EO60EQ,1,1.0,0.9686
B001EO60GY,1,4.0,0.6808
B001EO60JQ,2,4.5,0.905
B001EO60Q4,8,5.0,0.9184
B001EO60QE,1,5.0,0.9792
B001EO60QY,1,5.0,0.891
B001EO60S2,2,5.0,0.8694
B001EO60ZU,1,5.0,0.7096
B001EO6122,2,4.5,0.446
B001EO612W,1,2.0,0.3182
B001EO6140,1,4.0,0.7579
B001EO615O,3,5.0,0.7489
B001EO616S,14,4.3571,0.7722
B001EO6172,2,5.0,0.5364
B001EO617M,9,5.0,0.8052
B001EO6190,1,5.0,0.9842
B001EO619A,1,5.0,0.9413
B001EO61AE,1,4.0,0.9952
B001EO61AO,1,4.0,0.8885
B001EO61C2,1,5.0,0.8481
B001EO622G,2,4.5,0.946
B001EO623A,3,4.6667,0.8722
B001EO6280,1,1.0,0.5106
B001EO628K,2,3.5,0.557
B001EO62D0,1,5.0,0.8419
B001EO62F8,1,5.0,0.8555
B001EO62I0,1,1.0,0.6801
B001EO62IU,1,5.0,0.9452
B001EO62LM,1,5.0,0.9337
B001EO62UI,1,4.0,0.9831
B001EO62YY,1,5.0,0.7506
B001EO62ZI,1,5.0,0.9595
B001EO62ZS,1,5.0,0.8893
B001EO630C,2,4.5,0.557
B001EO6352,1,4.0,-0.2023
B001EO635W,1,2.0,0.5635
B001EO63A2,2,4.0,0.7365
B001EO63BG,1,5.0,0.9907
B001EO63OS,1,5.0,0.9638
B001EO63SE,2,4.5,0.811
B001EO63UM,1,5.0,0.9497
B001EO63VQ,2,5.0,0.7686
B001EO63WU,1,2.0,0.9686
B001EO6424,1,1.0,-0.7741
B001EO649M,1,1.0,0.8939
B001EO64CO,1,4.0,0.8439
B001EO64F6,1,4.0,0.9958
B001EO64GA,1,5.0,0.9001
B001EO64ZQ,3,5.0,0.8853
B001EO650A,8,4.875,0.7739
B001EO651Y,9,4.1111,0.8648
B001EO653M,9,4.0,0.8429
B001EO65A0,1,5.0,0.5106
B001EO65D2,2,5.0,0.739
B001EO65DM,1,5.0,0.7579
B001EO65I2,1,5.0,0.959
B001EO65KA,5,3.6,0.6107
B001EO65O6,1,5.0,0.9402
B001EO65QY,3,5.0,0.9605
B001EO65UU,2,5.0,0.9806
B001EO65XW,2,1.0,0.8522
B001EO65ZK,1,5.0,0.9803
B001EO6604,1,5.0,0.9359
B001EO6622,2,4.5,0.3398
B001EO662M,1,5.0,0.6249
B001EO6636,3,3.3333,0.9342
B001EO664K,4,4.25,0.7968
B001EO6672,1,5.0,0.7845
B001EO66FY,1,4.0,0.802
B001EO66MC,1,5.0,0.8591
B001EO66MW,1,5.0,0.5719
B001EO66N6,1,5.0,0.7717
B001EO66NQ,1,5.0,0.9615
B001EO66RM,2,2.0,0.6287
B001EO671M,1,5.0,0.7776
B001EO677G,1,5.0,0.8777
B001EO67DK,1,4.0,0.9324
B001EO67IK,7,3.8571,0.5371
B001EO67NU,1,5.0,-0.296
B001EO67OO,1,5.0,0.765
B001EO67QC,3,4.6667,0.575
B001EO67V2,1,2.0,0.4588
B001EO67YO,1,5.0,0.9873
B001EO67YY,1,5.0,0.9945
B001EO67ZI,1,5.0,0.7783
B001EO67ZS,2,5.0,0.9204
B001EO6802,1,5.0,0.6249
B001EO680C,1,5.0,0.969
B001EO682A,2,5.0,0.4906
B001EO684I,1,1.0,-0.9673
B001EO685W,1,4.0,0.0258
B001EO6866,1,5.0,0.969
B001EO686G,2,2.5,-0.1141
B001EO68AC,1,5.0,0.9559
B001EO68CU,1,5.0,0.7624
B001EO68NE,7,5.0,0.8511
B001EO698S,1,3.0,0.5106
B001EO69ME,1,1.0,0.7906
B001EO69NI,3,4.6667,0.8091
B001EO69NS,14,4.2143,0.7234
B001EO69P6,1,3.0,0.91
B001EO69RY,1,5.0,0.7783
B001EO69SS,1,5.0,0.9811
B001EO69XI,2,5.0,0.867
B001EO69YW,1,5.0,0.936
B001EO69ZG,1,5.0,0.8016
B001EO6A00,1,5.0,0.8832
B001EO6A4G,1,3.0,0.9773
B001EO6AHI,1,5.0,0.5994
B001EO6ALE,2,5.0,0.8792
B001EO6ASM,1,5.0,0.9022
B001EO6AUU,1,4.0,0.9797
B001EO6AVO,2,5.0,0.7583
B001EO6AW8,1,1.0,0.1779
B001EO6AWI,2,4.5,0.8329
B001EO6AWS,1,3.0,0.9326
B001EO6AX2,1,1.0,0.3612
B001EO6AZA,1,3.0,0.8316
B001EO6B2W,1,3.0,0.9607
B001EO6B3G,3,3.3333,0.0562
B001EO6B7C,3,4.6667,0.5247
B001EO6B7M,1,5.0,0.9769
B001EO6B90,1,5.0,0.9612
B001EO6BAO,2,2.0,-0.0423
B001EO6BBI,1,3.0,0.6808
B001EO6BBS,3,5.0,0.154
B001EO6BCM,1,5.0,0.8519
B001EO6BE0,1,4.0,0.128
B001EO6BEA,1,1.0,0.0
B001EO6BEU,4,4.5,0.9558
B001EO6BFE,6,4.8333,0.8512
B001EO6BKY,1,4.0,0.6705
B001EO6CLW,3,3.6667,0.828
B001EO6CPI,4,3.5,0.6228
B001EO6CRG,2,4.5,0.7972
B001EO6D2U,1,5.0,0.8555
B001EO6DBG,2,3.5,0.9907
B001EO6DJ8,1,5.0,0.9804
B001EO6DKW,1,4.0,0.5467
B001EO6DPW,1,5.0,0.7964
B001EO6DQ6,1,5.0,0.9423
B001EO6E06,3,3.3333,0.9228
B001EO6E0G,1,5.0,0.9477
B001EO6E0Q,12,4.3333,0.8958
B001EO6EJ2,1,4.0,0.6962
B001EO6EJM,1,5.0,0.918
B001EO6EL0,1,5.0,0.8689
B001EO6EME,1,3.0,0.91
B001EO6EMY,3,5.0,0.7949
B001EO6EN8,1,5.0,0.4767
B001EO6EOC,1,5.0,0.7351
B001EO6EOW,1,5.0,0.6369
B001EO6EQ0,1,5.0,0.8777
B001EO6EQA,1,5.0,0.92
B001EO6EQK,1,5.0,0.9001
B001EO6ESS,15,4.5333,0.8286
B001EO6ETM,2,5.0,0.8392
B001EO6EUQ,1,5.0,0.6542
B001EO6EV0,3,3.6667,0.7193
B001EO6EXI,2,5.0,0.9688
B001EO6EXS,1,5.0,0.8519
B001EO6FG4,2,5.0,0.6983
B001EO6FMS,1,3.0,0.9768
B001EO6FNM,1,5.0,0.9042
B001EO6FO6,1,5.0,0.743
B001EO6FOG,7,4.4286,0.8718
B001EO6FPU,3,5.0,0.9201
B001EO6FRI,2,4.0,0.8102
B001EO6FTG,1,4.0,0.4588
B001EO6FTQ,1,5.0,0.8885
B001EO6G3G,1,5.0,0.9735
B001EO6G40,1,1.0,0.8297
B001EO6GFO,2,4.5,0.9288
B001EO6GJK,1,2.0,0.8807
B001EO6GPO,2,4.5,0.9626
B001EO6GRM,1,4.0,0.5829
B001EO6GSG,3,5.0,0.8997
B001EO6GU4,6,4.1667,0.8453
B001EO6H1M,1,5.0,0.9756
B001EO6H26,2,5.0,0.9384
B001EO6H4Y,1,5.0,0.9872
B001EO76X0,1,5.0,0.9459
B001EO76XK,1,5.0,0.7268
B001EO76YE,1,5.0,0.875
B001EO7716,5,4.2,0.904
B001EO772A,7,3.5714,0.8409
B001EO773O,1,2.0,-0.7506
B001EO775C,1,5.0,-0.8179
B001EO775W,1,4.0,0.8779
B001EO776Q,1,4.0,0.7906
B001EO777A,2,3.0,0.8572
B001EO777U,4,4.0,0.4551
B001EO77DO,2,5.0,0.957
B001EO77FC,30,4.3333,0.6388
B001EO77FW,28,4.5,0.6905
B001EO7DFG,1,5.0,0.8357
B001EO7DK6,2,3.0,0.5992
B001EO7E0K,1,2.0,0.4404
B001EO7E2I,1,4.0,0.5106
B001EO7E9G,2,4.0,0.835
B001EO7EDC,1,3.0,-0.0258
B001EO7EI2,2,5.0,0.9498
B001EO7EK0,1,1.0,-0.8357
B001EO7EQY,3,3.6667,0.6555
B001EO7EU0,2,4.0,0.9116
B001EO7EXC,1,4.0,0.936
B001EO7F2M,1,5.0,0.9169
B001EO7F9U,1,4.0,0.5994
B001EO7FD6,1,2.0,0.4404
B001EO7FH2,1,5.0,0.9287
B001EO7FJU,1,1.0,0.886
B001EO7FPE,2,5.0,0.4422
B001EO7FTU,2,3.0,0.5821
B001EO7FV8,1,5.0,0.9831
B001EO7FWM,1,5.0,0.8809
B001EO7G0I,1,4.0,-0.8055
B001EO7G76,2,4.5,0.9377
B001EO7G94,2,3.0,0.0211
B001EO7G9O,1,5.0,0.9118
B001EO7GAI,2,5.0,0.741
B001EO7GB2,1,4.0,0.8701
B001EO7GCG,1,4.0,0.9482
B001EO7GEO,1,5.0,0.4404
B001EO7GH6,1,2.0,0.9678
B001EO7GJ4,2,5.0,0.773
B001EO7GKI,3,4.0,0.7232
B001EO7GMQ,1,5.0,0.5994
B001EO7GQC,1,4.0,0.4927
B001EO7GR6,1,5.0,0.8957
B001EO7GSU,1,5.0,0.936
B001EO7GYY,6,4.5,0.8127
B001EO7HH0,1,5.0,0.8779
B001EO7HPC,1,4.0,0.0516
B001EO7I38,1,3.0,0.8481
B001EO7IME,1,4.0,0.6369
B001EO7INI,2,3.5,0.6442
B001EO7IOC,1,5.0,0.836
B001EO7IPG,1,5.0,0.0772
B001EO7ITM,1,5.0,0.93
B001EO7IWO,4,5.0,0.6897
B001EO7IYM,1,5.0,-0.0772
B001EO7J7I,1,5.0,0.6249
B001EO7J8W,4,5.0,0.9081
B001EO7JAA,1,1.0,-0.0516
B001EO7JBE,1,5.0,0.9371
B001EO7JFU,1,1.0,0.296
B001EO7JGO,2,4.5,0.5416
B001EO7K8G,1,5.0,0.807
B001EO7K9A,1,5.0,0.5859
B001EO7L3K,1,4.0,0.8916
B001EO7L8K,1,5.0,0.9783
B001EO7LGM,1,5.0,0.9657
B001EO7LHG,1,5.0,0.9485
B001EO7LKI,1,4.0,0.7351
B001EO7LRG,1,1.0,0.7003
B001EO7LTE,1,5.0,0.8352
B001EO7LTO,1,2.0,0.4062
B001EO7LU8,2,4.0,0.6504
B001EO7LV2,1,5.0,0.765
B001EO7LVC,1,5.0,0.9019
B001EO7LVM,6,2.0,0.327
B001EO7LXA,1,3.0,0.2732
B001EO7LZS,2,4.5,0.5114
B001EO7M16,1,5.0,0.936
B001EO7M1Q,1,5.0,0.9702
B001EO7MFW,2,3.5,0.6904
B001EO7MGQ,1,5.0,0.9269
B001EO7MHA,1,5.0,0.9724
B001EO7MNE,1,5.0,0.8261
B001EO7MQ6,1,5.0,0.8908
B001EO7MTS,3,4.0,0.8288
B001EO7N10,1,5.0,0.3182
B001EO7N3S,1,5.0,0.8074
B001EO7N6A,1,5.0,0.6249
B001EO7NA6,2,4.0,0.3693
B001EO7NJ2,5,4.2,0.8177
B001EO7NTC,1,4.0,0.5574
B001EO7O8W,3,3.3333,-0.1167
B001EO7OAA,1,5.0,0.9349
B001EO7OAU,1,5.0,0.9493
B001EO7OC8,1,5.0,0.765
B001EOMQ94,1,5.0,0.9837
B001EOMQ9E,5,4.8,0.8433
B001EOUP4M,1,4.0,0.8074
B001EPPAI2,1,3.0,0.6369
B001EPPAPU,1,5.0,0.8074
B001EPPAUA,1,5.0,0.7236
B001EPPAVO,2,2.5,0.2703
B001EPPB9A,5,4.8,0.621
B001EPPBA4,1,4.0,0.8074
B001EPPBB8,1,5.0,0.9599
B001EPPBCM,4,4.25,0.2798
B001EPPBE0,3,5.0,0.9169
B001EPPBIG,1,5.0,0.9169
B001EPPBMW,4,4.25,0.5029
B001EPPBQS,4,4.75,0.8797
B001EPPBTK,2,3.5,0.4442
B001EPPBWM,1,3.0,0.3553
B001EPPBXG,4,4.25,0.5406
B001EPPBY0,3,4.6667,0.8547
B001EPPBYK,2,5.0,0.7393
B001EPPC0I,1,5.0,0.8176
B001EPPC1C,1,5.0,0.9552
B001EPPC7G,2,5.0,0.9736
B001EPPC80,13,4.3077,0.4553
B001EPPC9Y,1,4.0,0.5859
B001EPPCBC,2,5.0,0.8808
B001EPPCCG,1,4.0,0.8934
B001EPPCDA,2,5.0,0.7714
B001EPPCEE,2,5.0,0.8644
B001EPPCFS,12,4.1667,0.4907
B001EPPCGC,1,5.0,0.7096
B001EPPCHQ,2,3.5,0.9013
B001EPPCLM,1,4.0,0.8402
B001EPPCYE,3,5.0,0.7262
B001EPPD2U,1,5.0,-0.34
B001EPPD98,1,5.0,0.6808
B001EPPDDO,1,4.0,0.993
B001EPPDTS,1,1.0,-0.8577
B001EPPE10,1,5.0,0.9448
B001EPPE1K,1,5.0,0.9728
B001EPPEGU,6,3.8333,0.78
B001EPPETM,1,5.0,0.9153
B001EPPF14,1,4.0,0.9943
B001EPPF3C,1,1.0,-0.2869
B001EPPF9G,2,4.0,0.8187
B001EPPFAK,1,4.0,0.8891
B001EPPFGO,1,5.0,0.9814
B001EPPFIC,1,5.0,0.9517
B001EPPFP0,1,5.0,0.872
B001EPPFPU,2,3.5,0.2712
B001EPPFR8,1,1.0,0.4767
B001EPPFT6,1,5.0,0.8603
B001EPPFUK,4,4.25,0.955
B001EPPFWI,3,3.0,0.4121
B001EPPFXM,1,1.0,-0.25
B001EPPG2M,1,4.0,0.9657
B001EPPG9A,1,2.0,0.25
B001EPPI9S,1,4.0,0.3612
B001EPPIMK,1,1.0,0.1779
B001EPPIPW,4,4.5,0.7353
B001EPPIRK,6,4.0,0.7086
B001EPPIT8,3,3.6667,0.5614
B001EPPJC4,1,5.0,0.5859
B001EPPJII,1,5.0,0.802
B001EPPJJW,1,2.0,-0.9666
B001EPPJOW,1,5.0,0.836
B001EPPJT2,5,2.6,0.8429
B001EPPJTW,1,5.0,0.91
B001EPPJVK,1,3.0,0.9157
B001EPPJX8,3,3.0,0.9634
B001EPPK28,1,5.0,0.8984
B001EPPKA0,1,4.0,0.9387
B001EPPKXW,1,4.0,0.9604
B001EPPLFO,1,5.0,0.8834
B001EPPLWM,2,5.0,0.8472
B001EPPLXG,4,3.75,0.8878
B001EPPLZO,2,3.0,0.1449
B001EPPM12,1,1.0,-0.4215
B001EPPM76,1,5.0,0.9761
B001EPPTY2,1,5.0,0.9472
B001EPPV8Q,1,5.0,0.8779
B001EPPVE0,2,5.0,0.8334
B001EPPVRM,1,5.0,0.5267
B001EPPVX6,1,5.0,0.891
B001EPPVYK,1,5.0,0.5719
B001EPPWFS,1,5.0,0.6705
B001EPPXS4,3,3.0,0.8977
B001EPPY3S,1,5.0,0.9169
B001EPPY5Q,2,4.0,0.8724
B001EPPYDS,1,1.0,0.8176
B001EPPYHO,2,1.5,0.8623
B001EPPYJC,2,3.0,0.797
B001EPPYME,1,2.0,0.8625
B001EPPYPG,1,2.0,0.8625
B001EPPZBO,1,5.0,0.7579
B001EPPZE6,1,2.0,0.3818
B001EPQ07C,1,5.0,0.9136
B001EPQ09K,1,5.0,0.8221
B001EPQ0A4,2,3.5,0.856
B001EPQ0EU,1,5.0,0.4019
B001EPQ14E,1,2.0,0.3612
B001EPQ14Y,1,1.0,0.8074
B001EPQ18K,2,4.5,0.7856
B001EPQ1O4,1,5.0,0.9245
B001EPQ3EM,2,3.0,0.978
B001EPQ4A0,1,5.0,0.9118
B001EPQ4CI,1,4.0,0.8696
B001EPQ4DW,1,5.0,0.9432
B001EPQ4T6,1,5.0,0.926
B001EPQ4UA,1,5.0,0.9022
B001EPQ6IU,1,3.0,0.9913
B001EPQ6QW,1,5.0,0.9909
B001EPQ6YE,1,5.0,0.9186
B001EPQ6ZS,2,5.0,0.8059
B001EPQ73O,1,5.0,0.886
B001EPQ8MY,1,4.0,0.8516
B001EPQ8VK,1,5.0,0.6108
B001EPQA22,1,1.0,-0.7096
B001EPQAJU,1,5.0,0.9313
B001EPQDSS,2,3.5,0.9854
B001EPQE8W,1,2.0,0.7964
B001EPQE9G,1,5.0,0.3612
B001EPQEAU,1,3.0,-0.1027
B001EPQECS,1,1.0,0.5719
B001EPQGN0,3,4.3333,0.9431
B001EPQGPS,1,5.0,0.9299
B001EPQGUI,1,5.0,0.7096
B001EPQGVM,2,5.0,0.8622
B001EPQGZ8,1,4.0,-0.6486
B001EPQH2K,1,2.0,0.5314
B001EPQMMK,2,4.0,0.8924
B001EPQMPM,2,5.0,0.904
B001EPQMRK,1,3.0,0.0
B001EPQMU2,6,3.6667,0.7647
B001EPQN3S,1,5.0,0.926
B001EPQN7E,5,4.2,0.6477
B001EPQNCO,3,3.6667,0.7926
B001EPQNO2,1,2.0,0.91
B001EPQO32,1,4.0,0.3612
B001EPQOM8,1,5.0,0.9573
B001EPQPAE,3,4.6667,0.7731
B001EPQPKE,2,4.5,0.5918
B001EPQPO0,1,1.0,-0.0516
B001EPQPPO,2,4.5,0.9321
B001EPQPVI,1,1.0,0.7906
B001EPQQBM,2,4.0,-0.0193
B001EPQQD0,2,5.0,0.9111
B001EPQQIA,1,5.0,-0.5267
B001EPQQL2,6,5.0,0.7599
B001EPQQX0,2,4.0,0.7366
B001EPQREI,2,4.5,0.8024
B001EPQRGG,1,2.0,0.8288
B001EPQRIE,5,4.6,0.6873
B001EPQROS,2,5.0,0.95
B001EPQRUC,1,5.0,0.8658
B001EPQRY8,1,5.0,0.9616
B001EPQS3I,1,3.0,0.6908
B001EPQSY2,1,5.0,0.872
B001EPQTD2,2,4.0,0.4733
B001EPQTLE,1,5.0,0.8779
B001EPQTN2,1,4.0,0.0
B001EPQU3G,1,4.0,0.7506
B001EPQU5E,3,4.6667,0.8111
B001EPQU6S,2,5.0,0.7871
B001EPQUEA,2,3.5,0.8859
B001EPQUHM,1,5.0,0.8934
B001EPQV1W,9,4.4444,0.6646
B001EPQVBM,4,4.0,0.5117
B001EPQVDA,1,5.0,0.7506
B001EPQVEO,1,4.0,-0.0516
B001EPQVFS,6,3.3333,0.2614
B001EPQVUI,1,5.0,0.7964
B001EPQVVM,1,5.0,0.8439
B001EPQYDC,1,5.0,0.0
B001EPQYIW,3,3.6667,0.7778
B001EPQYLO,2,5.0,0.9128
B001EPQYSM,1,5.0,0.4215
B001EPR0EO,1,5.0,0.8519
B001EPR0K8,1,5.0,0.9769
B001EPR18O,1,5.0,0.9468
B001EPRDCI,5,5.0,0.7988
B001EQ4ABO,12,3.0,0.3467
B001EQ4ADC,5,4.8,0.9197
B001EQ4AGO,1,4.0,0.5719
B001EQ4AIC,2,5.0,0.9076
B001EQ4AKU,2,5.0,0.6579
B001EQ4AMS,1,3.0,0.9382
B001EQ4ATQ,4,4.5,0.9083
B001EQ4CJO,8,2.875,0.2537
B001EQ4CT4,1,5.0,0.8016
B001EQ4D84,2,3.0,0.2786
B001EQ4DAM,1,5.0,0.7845
B001EQ4DC0,1,5.0,0.8625
B001EQ4DDE,1,5.0,0.8402
B001EQ4DES,2,5.0,0.9
B001EQ4DG6,5,4.0,0.5836
B001EQ4DHK,1,5.0,0.7096
B001EQ4DMU,1,5.0,0.8834
B001EQ4DPC,2,5.0,0.3409
B001EQ4DQQ,3,4.3333,0.747
B001EQ4DUM,3,4.6667,0.9216
B001EQ4DVQ,4,4.75,0.8791
B001EQ4DXE,4,5.0,0.6213
B001EQ4E3I,1,5.0,0.6249
B001EQ4E60,5,3.2,0.6535
B001EQ4EC4,2,4.5,0.7663
B001EQ4EDI,1,3.0,0.911
B001EQ4EEW,1,2.0,0.8555
B001EQ4EHE,9,4.8889,0.7464
B001EQ4EIS,1,5.0,0.8885
B001EQ4ELA,1,3.0,0.3339
B001EQ4F14,4,3.0,0.2452
B001EQ4G6I,4,5.0,0.6148
B001EQ4G7W,2,4.0,0.3604
B001EQ4GHC,1,2.0,0.7655
B001EQ4GKE,1,5.0,0.9201
B001EQ4GUO,1,5.0,0.836
B001EQ4GXQ,1,5.0,0.875
B001EQ4GZ4,6,4.3333,0.8026
B001EQ4H3A,4,3.0,0.4016
B001EQ4H7G,18,4.3889,0.7799
B001EQ4HEE,3,3.6667,0.9028
B001EQ4HFI,3,4.6667,0.9335
B001EQ4HIA,1,1.0,0.7964
B001EQ4HRG,3,3.0,0.5739
B001EQ4HU8,1,4.0,0.0
B001EQ4HVC,10,3.9,0.4722
B001EQ4HXA,3,5.0,0.7738
B001EQ4HYE,1,5.0,0.7351
B001EQ4I20,1,3.0,0.836
B001EQ4I4I,2,5.0,0.9229
B001EQ4I5M,3,5.0,0.6439
B001EQ4I84,4,4.75,0.7132
B001EQ4I9I,3,5.0,0.7224
B001EQ4ICA,4,4.25,0.8049
B001EQ4ID4,1,1.0,0.6249
B001EQ4IDO,2,5.0,0.7994
B001EQ4IES,9,4.6667,0.8117
B001EQ4IG6,1,1.0,0.5267
B001EQ4II4,1,2.0,0.3818
B001EQ4IJS,5,4.8,0.8231
B001EQ4IKW,3,5.0,0.9312
B001EQ4IMA,5,5.0,0.8614
B001EQ4INO,1,5.0,0.4404
B001EQ4IQ6,3,3.3333,0.5606
B001EQ4IRA,2,5.0,0.9377
B001EQ4ISY,1,4.0,0.872
B001EQ4J06,5,5.0,0.7676
B001EQ4J1K,3,4.6667,0.5686
B001EQ4J42,3,3.6667,0.6589
B001EQ4J56,1,3.0,0.9293
B001EQ4J7O,2,4.5,0.946
B001EQ4J92,2,5.0,0.7534
B001EQ4JD8,1,5.0,0.9723
B001EQ4JFQ,3,5.0,0.8207
B001EQ4JOC,4,4.0,0.5628
B001EQ4JQ0,2,3.5,0.435
B001EQ4JS8,2,5.0,0.9377
B001EQ4K28,2,4.5,0.6666
B001EQ4K4G,1,2.0,0.1531
B001EQ4K78,1,5.0,0.9201
B001EQ4KDM,1,5.0,0.9846
B001EQ4KJ6,1,5.0,0.9794
B001EQ4KM8,5,4.8,0.9382
B001EQ4KO6,2,4.0,0.6396
B001EQ4KQE,1,1.0,0.9442
B001EQ4KVE,2,3.5,0.5804
B001EQ4KYQ,6,4.8333,0.9204
B001EQ4LAE,2,5.0,0.9822
B001EQ4LCW,3,5.0,0.4791
B001EQ4LFO,4,5.0,0.8515
B001EQ4LGI,1,5.0,0.6249
B001EQ4LOA,1,1.0,0.765
B001EQ4LY0,1,4.0,0.7134
B001EQ4LZY,2,3.5,0.9008
B001EQ4M6M,2,3.0,0.4502
B001EQ4MPI,8,4.75,0.9406
B001EQ4MUS,1,5.0,0.8555
B001EQ4MZI,2,3.5,0.9115
B001EQ4N52,1,2.0,0.1815
B001EQ4NDO,1,4.0,0.926
B001EQ4NH0,1,4.0,0.9186
B001EQ4NIO,1,2.0,0.3832
B001EQ4NM0,2,4.5,0.9206
B001EQ4NNO,1,3.0,0.4215
B001EQ4NPC,1,5.0,0.4404
B001EQ4NWK,4,5.0,0.6045
B001EQ4O38,2,5.0,0.8698
B001EQ4OBA,2,5.0,0.8665
B001EQ4OHY,1,5.0,0.8519
B001EQ4ONI,2,5.0,0.8412
B001EQ4ORY,1,4.0,0.8773
B001EQ4OWO,22,4.1364,0.5395
B001EQ4OY2,3,3.6667,0.4791
B001EQ4P00,4,4.0,0.6656
B001EQ4P2I,35,4.6286,0.8648
B001EQ4P46,1,3.0,0.93
B001EQ4PGO,1,1.0,0.8591
B001EQ4POG,1,3.0,0.34
B001EQ4PS2,6,4.6667,0.8862
B001EQ4Q8Q,5,4.0,0.6084
B001EQ4QA4,2,2.5,0.8503
B001EQ4QHW,1,5.0,0.946
B001EQ4QJK,36,4.5833,0.804
B001EQ4QOU,3,3.6667,0.5017
B001EQ4QSG,3,4.6667,0.0312
B001EQ4RBM,45,4.8222,0.8293
B001EQ4REO,1,5.0,0.8625
B001EQ4RU8,7,5.0,0.8333
B001EQ4RVC,3,5.0,0.9429
B001EQ4RWQ,7,3.1429,0.422
B001EQ4RXU,1,4.0,0.9147
B001EQ4RZS,1,5.0,0.8779
B001EQ4S2K,1,5.0,0.9186
B001EQ4S52,3,3.0,0.573
B001EQ4S6G,2,5.0,0.9001
B001EQ4S9I,2,1.0,-0.4082
B001EQ4SDE,1,5.0,0.9325
B001EQ4SEI,2,5.0,0.9576
B001EQ4SHK,8,5.0,0.881
B001EQ4SRU,2,4.0,0.5308
B001EQ4VXG,3,5.0,0.69
B001EQ4VYU,2,3.5,0.7652
B001EQ4W1C,1,5.0,0.1027
B001EQ4W4Y,1,5.0,0.9001
B001EQ4Y1U,4,4.75,0.7142
B001EQ4Y2Y,1,5.0,-0.1969
B001EQ4Y4W,5,3.8,0.5998
B001EQ4YAQ,1,5.0,0.8126
B001EQ4YSS,1,5.0,0.4779
B001EQ4ZR8,3,3.6667,0.7662
B001EQ4ZTG,5,4.0,0.2921
B001EQ4ZXM,1,5.0,0.8481
B001EQ4ZYQ,1,5.0,0.8689
B001EQ50U4,2,5.0,0.8646
B001EQ516C,5,5.0,0.8788
B001EQ517G,5,4.8,0.8813
B001EQ5194,1,5.0,0.9186
B001EQ51CQ,4,5.0,0.917
B001EQ51JE,3,4.6667,0.8028
B001EQ51YE,6,4.5,0.656
B001EQ51ZI,1,5.0,0.959
B001EQ520C,2,4.5,-0.0193
B001EQ521Q,2,5.0,0.9804
B001EQ522A,3,2.6667,0.0024
B001EQ524S,1,5.0,0.8442
B001EQ526Q,1,5.0,0.9649
B001EQ52CU,4,4.75,0.55
B001EQ52M0,3,3.3333,0.3539
B001EQ52QQ,1,5.0,0.9565
B001EQ52S4,5,4.8,0.8221
B001EQ52WK,1,1.0,0.34
B001EQ531U,1,5.0,0.7713
B001EQ5388,2,3.0,0.7827
B001EQ53BK,1,5.0,0.2732
B001EQ53JC,2,4.5,0.8433
B001EQ53K6,2,4.0,0.9618
B001EQ53Q0,2,5.0,0.9024
B001EQ53TM,1,5.0,0.0
B001EQ53WE,1,5.0,0.8851
B001EQ53YM,2,3.5,0.1472
B001EQ53ZQ,1,1.0,-0.6103
B001EQ5428,1,4.0,0.7003
B001EQ546Y,4,3.0,0.3266
B001EQ5482,1,1.0,0.4588
B001EQ548W,1,5.0,0.6124
B001EQ54AA,1,5.0,0.9485
B001EQ54GO,1,5.0,0.9709
B001EQ54H8,3,1.0,-0.0419
B001EQ54IM,4,4.75,0.9194
B001EQ54K0,3,4.6667,0.8488
B001EQ54KK,1,3.0,0.2263
B001EQ54L4,2,4.0,0.5772
B001EQ54M8,4,4.25,0.6951
B001EQ54PA,3,5.0,0.8077
B001EQ54QE,1,2.0,0.5994
B001EQ54R8,3,5.0,0.797
B001EQ54UK,3,5.0,0.9441
B001EQ54YQ,2,4.5,0.465
B001EQ550E,1,5.0,0.9566
B001EQ5522,1,5.0,0.8934
B001EQ5536,2,5.0,0.6976
B001EQ554K,6,5.0,0.5808
B001EQ55A4,2,3.0,0.2084
B001EQ55E0,3,4.6667,0.8702
B001EQ55KE,1,2.0,0.9595
B001EQ55MM,7,3.8571,0.6707
B001EQ55O0,3,3.3333,0.7875
B001EQ55PE,5,3.8,0.8148
B001EQ55R2,2,5.0,0.8013
B001EQ55RW,55,4.3455,0.8592
B001EQ55T0,1,5.0,0.9584
B001EQ55UY,1,5.0,0.8834
B001EQ55V8,1,5.0,0.9337
B001EQ55VS,5,5.0,0.8101
B001EQ55YU,1,2.0,0.7717
B001EQ55ZO,32,3.5312,0.7251
B001EQ5644,1,5.0,0.967
B001EQ564O,1,2.0,0.8957
B001EQ566M,1,4.0,0.8658
B001EQ567Q,1,5.0,0.9349
B001EQ569Y,1,5.0,0.8957
B001EQ56DA,3,4.6667,0.5427
B001EQ56GM,1,4.0,0.7269
B001EQ56IA,2,3.0,-0.0386
B001EQ56JO,1,5.0,0.9698
B001EQ56LM,1,5.0,0.7096
B001EQ56N0,1,5.0,0.969
B001EQ56OE,1,1.0,0.4215
B001EQ56T4,5,3.2,0.545
B001EQ56V2,3,3.6667,0.7189
B001EQ56VC,1,4.0,0.765
B001EQ56XA,1,5.0,0.8622
B001EQ56Y4,1,5.0,0.8519
B001EQ56YY,2,4.5,0.4868
B001EQ574I,4,5.0,0.7822
B001EQ576G,1,3.0,0.4404
B001EQ57DO,2,5.0,0.4576
B001EQ57JS,4,3.75,0.8562
B001EQ57M0,1,5.0,0.6249
B001EQ57NY,1,4.0,0.9741
B001EQ57QG,1,5.0,0.8481
B001EQ582E,7,5.0,0.6898
B001EQ58EC,4,4.75,0.9635
B001EQ58GK,2,4.5,0.7808
B001EQ58MO,1,1.0,-0.7184
B001EQ596O,17,4.1765,0.7009
B001EQ59AA,1,5.0,0.6597
B001EQ59AK,1,5.0,0.2732
B001EQ59C8,3,4.6667,0.5159
B001EQ59CS,1,5.0,0.9707
B001EQ59EQ,2,5.0,0.9312
B001EQ59RI,2,4.0,0.9411
B001EQ59TQ,1,4.0,0.9945
B001EQ59V4,4,3.0,0.5416
B001EQ59W8,1,4.0,0.9001
B001EQ59Z0,1,4.0,0.9661
B001EQ5A5E,3,5.0,0.819
B001EQ5A5Y,1,4.0,0.8074
B001EQ5AAY,1,5.0,0.8176
B001EQ5ACC,5,5.0,0.8823
B001EQ5AK4,5,3.6,0.507
B001EQ5AMW,1,5.0,0.9129
B001EQ5AU4,3,4.3333,0.4707
B001EQ5AVI,1,2.0,0.4215
B001EQ5AWM,4,5.0,0.7887
B001EQ5B5I,2,5.0,0.5329
B001EQ5BOO,2,3.5,0.7984
B001EQ5BPS,2,5.0,0.9358
B001EQ5BQW,2,5.0,0.8894
B001EQ5BSA,1,4.0,0.8399
B001EQ5BUI,1,5.0,0.8915
B001EQ5BXA,5,3.6,0.8434
B001EQ5BZS,1,4.0,0.8555
B001EQ5C2A,1,4.0,0.0
B001EQ5C3E,1,1.0,-0.5267
B001EQ5CHK,3,4.0,0.6565
B001EQ5CIO,3,5.0,0.755
B001EQ5CK2,4,4.25,0.8214
B001EQ5CNY,1,2.0,0.6486
B001EQ5CPC,1,1.0,0.5106
B001EQ5CSE,1,4.0,0.8271
B001EQ5CXY,1,5.0,-0.2023
B001EQ5D0Q,2,1.0,0.0952
B001EQ5D1K,1,3.0,0.3182
B001EQ5D42,1,5.0,0.8074
B001EQ5D6U,7,4.1429,0.8576
B001EQ5DG0,5,4.2,0.8311
B001EQ5DHE,3,5.0,0.7675
B001EQ5DK6,4,5.0,0.9551
B001EQ5DLA,2,3.5,0.9498
B001EQ5DME,3,4.3333,0.5865
B001EQ5DO2,3,5.0,0.9276
B001EQ5E5A,4,4.75,0.6282
B001EQ5E5U,1,5.0,0.7964
B001EQ5EA0,1,5.0,0.9578
B001EQ5EAK,1,3.0,0.743
B001EQ5EC8,1,5.0,0.6303
B001EQ5EJ6,1,5.0,0.9485
B001EQ5EJQ,2,5.0,0.9446
B001EQ5EKU,5,4.6,0.6684
B001EQ5EM8,1,5.0,0.8701
B001EQ5EQE,1,2.0,0.2263
B001EQ5ERI,21,4.619,0.6942
B001EQ5EW8,4,3.25,0.1692
B001EQ5EWI,5,5.0,0.7248
B001EQ5F04,2,5.0,0.7831
B001EQ5F7W,1,5.0,0.9967
B001EQ5F9K,6,3.6667,0.7356
B001EQ5FC2,2,4.5,-0.138
B001EQ5FEU,4,5.0,0.8534
B001EQ5FKE,2,3.0,0.674
B001EQ5FO0,7,4.4286,0.8524
B001EQ5FPE,1,4.0,0.8625
B001EQ5FRW,2,5.0,0.8628
B001EQ5FSG,5,4.2,0.8887
B001EQ5FTA,1,5.0,0.7269
B001EQ5FV8,1,5.0,0.9081
B001EQ5FW2,1,5.0,0.8807
B001EQ5G1C,1,5.0,0.9666
B001EQ5G7G,1,5.0,0.5267
B001EQ5G9O,1,3.0,0.2944
B001EQ5GC6,4,4.5,0.8546
B001EQ5GDK,4,4.5,0.5998
B001EQ5GG2,3,4.6667,0.8947
B001EQ5GJY,2,5.0,0.6995
B001EQ5GLM,3,5.0,0.9153
B001EQ5GTO,1,4.0,0.765
B001EQ5GX0,2,3.0,0.7902
B001EQ5GXK,5,4.0,0.3762
B001EQ5GZI,3,3.6667,0.9225
B001EQ5H02,3,5.0,0.8213
B001EQ5H6Q,5,5.0,0.8783
B001EQ5H7A,1,5.0,0.886
B001EQ5HCK,2,5.0,0.9434
B001EQ5HPW,5,5.0,0.9281
B001EQ5HQG,4,5.0,0.8753
B001EQ5HRA,3,3.6667,0.5626
B001EQ5I9M,2,2.5,0.913
B001EQ5I9W,1,5.0,0.9295
B001EQ5IAG,5,4.6,0.827
B001EQ5IJC,1,5.0,0.4939
B001EQ5IJW,1,1.0,0.6597
B001EQ5ILU,1,3.0,0.6293
B001EQ5IN8,2,5.0,0.9613
B001EQ5INS,5,3.2,0.926
B001EQ5IPQ,3,3.6667,0.8209
B001EQ5IR4,1,5.0,0.9753
B001EQ5IS8,7,4.1429,0.5131
B001EQ5IU6,1,5.0,0.9902
B001EQ5J0K,1,5.0,0.9042
B001EQ5J32,1,5.0,0.8126
B001EQ5J4G,4,3.0,0.6729
B001EQ5JCS,1,5.0,0.3323
B001EQ5JDM,1,5.0,0.9747
B001EQ5JJQ,7,4.0,0.8435
B001EQ5JKK,13,4.9231,0.8588
B001EQ5JLE,31,4.6452,0.8299
B001EQ5JLY,20,4.7,0.7154
B001EQ5JMS,3,4.3333,0.8082
B001EQ5JNW,7,4.1429,0.6551
B001EQ5JV4,1,5.0,-0.2732
B001EQ5K9U,1,5.0,0.8861
B001EQ5KHC,7,3.8571,0.9047
B001EQ5KI6,1,4.0,0.4588
B001EQ5KNQ,1,5.0,0.9042
B001EQ5KOK,3,3.3333,0.5273
B001EQ5KRM,2,2.5,0.4906
B001EQ5KTK,1,3.0,0.9274
B001EQ5KUO,1,5.0,0.8834
B001EQ5L0I,7,4.7143,0.8595
B001EQ5L3U,2,2.5,0.87
B001EQ5L5I,1,2.0,0.3818
B001EQ5L94,2,5.0,0.7986
B001EQ5LD0,1,5.0,0.9509
B001EQ5LDU,1,5.0,0.8519
B001EQ5LGC,2,4.5,0.6498
B001EQ5LLC,2,4.0,-0.1006
B001EQ5LOO,5,4.2,0.5758
B001EQ5LSA,1,2.0,0.8402
B001EQ5LT4,9,5.0,0.7705
B001EQ5MCA,3,4.3333,0.7198
B001EQ5MGQ,1,3.0,0.7906
B001EQ5MJ8,1,5.0,0.8176
B001EQ5MMK,3,3.3333,0.944
B001EQ5MOS,1,4.0,0.886
B001EQ5MPW,4,4.5,0.3546
B001EQ5MS4,2,3.0,-0.184
B001EQ5MT8,2,5.0,0.7881
B001EQ5MUC,1,5.0,0.9559
B001EQ5MZW,2,3.5,0.9116
B001EQ5N10,1,5.0,0.7717
B001EQ5N5G,1,5.0,0.9756
B001EQ5NE2,4,5.0,0.6031
B001EQ5NEW,6,4.3333,0.779
B001EQ5NG0,4,4.0,0.6284
B001EQ5NHE,7,3.4286,0.1982
B001EQ5NJM,3,4.0,0.7848
B001EQ5NLU,7,4.7143,0.1625
B001EQ5NMY,4,4.25,0.3908
B001EQ5NSS,1,5.0,0.9851
B001EQ5O2I,3,5.0,0.4164
B001EQ5O3M,1,5.0,0.9476
B001EQ5O4G,3,3.3333,0.5295
B001EQ5O5U,1,3.0,0.7845
B001EQ5O6Y,4,4.75,0.9336
B001EQ5OAA,20,3.6,0.4245
B001EQ5OKU,3,3.3333,0.8375
B001EQ5OSM,4,2.5,0.2018
B001EQ5OU0,1,4.0,0.9423
B001EQ5OV4,1,5.0,0.9325
B001EQ5OVY,1,5.0,0.9186
B001EQ5OYQ,1,5.0,0.7579
B001EQ5OZU,4,3.75,0.8644
B001EQ5P40,2,3.0,0.0972
B001EQ5P5E,1,5.0,0.9565
B001EQ5P7C,2,3.0,0.7895
B001EQ5PD6,1,5.0,0.9612
B001EQ5PJA,6,4.5,0.6155
B001EQ5PKE,3,4.6667,0.7066
B001EQ5PLS,3,5.0,0.6659
B001EQ5PRW,1,4.0,0.9432
B001EQ5PSQ,2,4.0,0.8596
B001EQ5PTA,1,5.0,0.5574
B001EQ5PU4,1,5.0,0.9476
B001EQ5PWW,5,4.8,0.8122
B001EQ5Q3U,7,4.5714,0.8847
B001EQ5QW6,1,5.0,0.8402
B001EQ5QWQ,1,5.0,0.8979
B001EQ5QY4,1,5.0,0.9202
B001EQ5QZI,1,5.0,0.8442
B001EQ5RA2,1,5.0,0.9744
B001EQ5RDO,2,5.0,0.5458
B001EQ5RFC,2,3.5,0.3183
B001EQ5RHA,1,2.0,-0.1027
B001EQ5RI4,1,1.0,-0.9477
B001EQ5RIO,1,4.0,0.7096
B001EQ5RO8,1,5.0,0.7783
B001EQ5RRA,3,4.6667,0.7966
B001EQ5RRU,2,5.0,0.8368
B001EQ5S4W,1,1.0,0.891
B001EQ5S6U,1,2.0,0.8655
B001EQ5S9C,2,2.5,0.7056
B001EQ5SFG,2,4.5,0.9441
B001EQ5SGU,6,4.3333,0.7481
B001EQ5SHE,2,3.5,0.4009
B001EQ5SKQ,2,4.5,0.2388
B001EQ5SLA,2,5.0,0.9299
B001EQ5SLU,1,5.0,0.8718
B001EQ5SMO,2,5.0,0.8938
B001EQ5SN8,2,5.0,0.8642
B001EQ5SPQ,2,4.5,0.9062
B001ERERTS,1,5.0,0.9186
B001ESA30Y,1,5.0,0.5399
B001ESHNWU,1,5.0,0.8795
B001ESHO56,2,5.0,0.6802
B001ESHOA6,1,5.0,0.7506
B001ESJ5HQ,2,4.5,0.8206
B001ESJ5IA,1,5.0,0.9042
B001ESJ5MG,1,3.0,0.5194
B001ESJ5P8,1,4.0,0.743
B001ESKSDQ,1,5.0,0.9473
B001ESKSJ0,1,5.0,0.8553
B001ESN9IM,1,5.0,0.886
B001ET5XVC,2,5.0,0.903
B001ET5XVW,1,4.0,0.0
B001ET5XW6,2,5.0,0.6717
B001ET5XWG,3,4.3333,0.7315
B001ET5XWQ,1,4.0,0.6908
B001ET5XX0,2,4.5,0.8146
B001ET5XXK,4,4.0,0.7372
B001ET5XZS,4,5.0,0.9399
B001ET5Y02,2,5.0,0.9689
B001ET5Y0M,3,4.6667,0.7839
B001ET5Y1G,11,4.9091,0.9239
B001ET5Y4I,1,5.0,0.5859
B001ET5Y52,8,3.375,0.6427
B001ET5Y5C,1,1.0,-0.34
B001ET63MK,1,4.0,0.5165
B001ET63UW,1,5.0,0.7003
B001ET6XRA,2,2.0,-0.0302
B001ETCS8S,1,5.0,0.7717
B001EU5S9S,2,5.0,0.9258
B001EU7UB2,1,5.0,0.9951
B001EUB680,1,5.0,0.6705
B001EUG65I,5,3.4,0.8348
B001EVHWVE,2,5.0,0.2567
B001EVUUKY,1,5.0,0.9217
B001EW5YQS,20,3.25,0.638
B001EWBVKG,1,5.0,0.9153
B001EX42JM,2,4.5,0.7817
B001EXNA2W,2,5.0,0.8758
B001EXO3UA,2,4.5,0.1079
B001EXR53C,2,4.5,0.4574
B001EXS7XE,2,5.0,0.929
B001EXTW9M,1,4.0,0.8956
B001EXXC9S,1,5.0,0.9022
B001EYKUMY,2,4.0,0.7853
B001EYUE20,1,5.0,0.9432
B001EYUE2A,1,5.0,0.3167
B001EYUE34,2,5.0,0.7853
B001EYUE4I,2,4.5,0.8088
B001EYUE5C,6,5.0,0.7531
B001EYUE5M,40,4.3,0.6833
B001EYUE6G,2,5.0,0.805
B001F05PC2,1,5.0,0.1779
B001F0QVFC,1,5.0,0.9726
B001F0R7IW,1,2.0,0.5332
B001F0RJ4Y,1,1.0,0.765
B001F0RJDA,1,5.0,0.9838
B001F0RJE4,1,2.0,0.802
B001F0RJEE,2,5.0,0.909
B001F0RJHG,2,4.5,0.9277
B001F0RJHQ,2,4.5,0.8414
B001F0RJI0,1,5.0,0.6997
B001F0RJIK,4,4.75,0.9109
B001F0RJNA,2,5.0,0.8818
B001F0RRTQ,14,3.8571,0.5374
B001F0RRU0,8,4.375,0.8707
B001F10AU8,1,4.0,0.9412
B001F10XUU,13,3.6154,0.7595
B001F1SAO6,1,5.0,0.8834
B001F1SAPA,7,4.8571,0.9722
B001F1U5WG,7,4.2857,0.691
B001F1VR8C,5,4.2,0.8613
B001F1VR8W,1,5.0,0.6597
B001F1YU8Q,1,5.0,0.8834
B001F1YU9U,3,4.6667,0.9562
B001F1YUAO,3,5.0,0.8305
B001F23DG0,1,5.0,-0.296
B001F2AV42,8,4.75,0.8274
B001F2GDNK,1,1.0,0.4939
B001F2GDO4,2,3.0,0.31
B001F2GDOE,1,1.0,0.9711
B001F2GDQ2,1,1.0,-0.7003
B001F2I9YG,2,4.5,0.8842
B001F2IACM,1,5.0,0.0
B001F2K0T8,1,5.0,0.1513
B001F2KB4C,3,4.3333,0.9171
B001F32S0Q,1,3.0,0.9477
B001F3A1AA,6,3.8333,0.7818
B001F3C2U2,2,5.0,0.8414
B001F3FCWC,1,3.0,0.894
B001F3G2TO,2,4.0,0.916
B001F3HCK2,1,2.0,0.926
B001F3HD06,1,5.0,0.9371
B001F3I18Y,2,5.0,0.7372
B001F3IFN0,1,5.0,0.8439
B001F3IJFO,2,5.0,0.956
B001F3IK2Q,2,5.0,0.9274
B001F3JNYK,1,5.0,0.9337
B001F3KNW6,2,3.0,0.1213
B001F3LC80,1,4.0,0.9287
B001F3LC8A,1,5.0,0.9371
B001F5EOXI,1,5.0,0.7184
B001F5FXV0,1,5.0,0.6486
B001F5RRSC,1,2.0,0.9182
B001F6MHNG,2,2.0,0.6272
B001F6ZLRA,1,5.0,0.8481
B001F8GXT8,1,5.0,0.9859
B001F8ITLI,1,5.0,0.9851
B001F8NHXI,1,4.0,0.5709
B001F93Z6G,1,5.0,0.969
B001F978B4,1,5.0,0.9769
B001F978BO,1,4.0,0.6705
B001F993N0,3,3.6667,-0.1811
B001F9AOR4,1,1.0,-0.2263
B001F9P3O8,1,5.0,0.4445
B001F9QW16,10,3.2,0.1754
B001FA19MM,1,1.0,0.0258
B001FA1A7G,2,5.0,0.9739
B001FA1AWG,1,4.0,0.8555
B001FA1AXU,2,4.0,0.199
B001FA1BJS,1,4.0,0.8625
B001FA1BYI,2,4.5,0.2986
B001FA1D0U,1,5.0,0.9682
B001FA1D5U,1,1.0,-0.1027
B001FA1DGY,1,5.0,0.9862
B001FA1DKA,1,5.0,0.6597
B001FA1DMI,1,3.0,0.1531
B001FA1DP0,1,3.0,0.9041
B001FA1DQE,1,3.0,0.6041
B001FA1DSM,1,4.0,0.9875
B001FA1DUA,2,5.0,0.9202
B001FA1DUU,1,2.0,0.9761
B001FA1DVO,1,5.0,0.3612
B001FA1DYG,2,4.5,0.4076
B001FA1DZK,1,1.0,0.5106
B001FA1E0O,3,3.6667,0.8677
B001FA1E4U,1,2.0,-0.7906
B001FA1E5Y,1,5.0,0.4276
B001FA1E7M,1,3.0,0.4404
B001FA1E90,1,5.0,0.8225
B001FA1EJU,2,5.0,0.7734
B001FA1EOU,1,5.0,0.9789
B001FA1EVS,1,5.0,0.8481
B001FA1EZ4,1,5.0,0.9853
B001FA1F5I,2,5.0,0.6692
B001FA1G6G,1,1.0,-0.1027
B001FA1GEI,2,3.0,0.1469
B001FA1H74,1,5.0,0.9062
B001FA1I50,1,5.0,0.9652
B001FA1IFU,2,4.0,0.5533
B001FA1IHS,1,5.0,0.9638
B001FA1IZA,1,5.0,0.9633
B001FA1J9A,1,5.0,0.7906
B001FA1JHW,1,5.0,0.9479
B001FA1JKY,2,4.5,0.6102
B001FA1JN6,2,5.0,0.422
B001FA1JR2,1,5.0,0.9382
B001FA1JVI,3,5.0,0.7726
B001FA1K2G,1,5.0,-0.2911
B001FA1K6W,3,3.6667,0.3766
B001FA1K80,3,5.0,0.9108
B001FA1K94,2,5.0,0.4256
B001FA1KA8,3,5.0,0.8983
B001FA1KBC,3,5.0,0.7406
B001FA1KEO,1,4.0,0.9931
B001FA1KFS,3,3.0,0.5612
B001FA1KGC,1,5.0,0.8271
B001FA1KJO,9,3.6667,0.6028
B001FA1KKS,1,5.0,0.9678
B001FA1KLW,7,4.8571,0.2644
B001FA1KN0,1,5.0,0.9702
B001FA1KNA,1,5.0,0.8689
B001FA1KNK,12,4.8333,0.8222
B001FA1KO4,9,5.0,0.6783
B001FA1KP8,2,5.0,0.9032
B001FA1KPS,1,3.0,0.7579
B001FA1KSA,1,5.0,0.961
B001FA1KT4,1,3.0,-0.4215
B001FA1KTO,4,5.0,0.828
B001FA1KTY,1,3.0,0.9552
B001FA1KU8,8,4.625,0.7642
B001FA1KUI,1,5.0,0.0
B001FA1KVM,1,3.0,-0.3832
B001FA1KYO,3,5.0,0.6008
B001FA1KYY,1,5.0,0.8016
B001FA1KZ8,3,4.0,0.8001
B001FA1L3E,1,5.0,0.9091
B001FA1L3Y,3,5.0,0.5186
B001FA1L52,1,5.0,0.8467
B001FA1L6Q,4,1.75,0.5369
B001FA1L7A,1,5.0,0.9488
B001FA1L7U,4,4.25,0.9242
B001FA1L8O,8,4.875,0.7441
B001FA1L9I,21,4.381,0.5024
B001FA1LAC,5,4.6,0.7295
B001FA1LAM,1,5.0,-0.7819
B001FA1LF2,7,4.0,0.893
B001FA1LGQ,1,5.0,0.9042
B001FA1LHA,1,4.0,0.8807
B001FA1LIE,1,5.0,0.8979
B001FA1LJ8,1,5.0,0.93
B001FA1LK2,2,3.5,0.7056
B001FA1LL6,3,4.6667,0.4125
B001FA1LMA,3,4.3333,0.9079
B001FA1LOS,1,5.0,0.9694
B001FA1LP2,2,5.0,0.8323
B001FA1LQ6,4,5.0,0.9232
B001FA1LRU,1,5.0,0.9349
B001FA1LVG,4,4.0,0.6462
B001FA1LW0,2,4.5,0.8252
B001FA1M0G,1,5.0,0.8402
B001FA1M5Q,1,5.0,0.9582
B001FA1MEC,3,2.3333,0.4094
B001FA1MHE,3,3.6667,0.9432
B001FA1MHY,7,3.5714,0.3326
B001FA1MMY,1,5.0,0.9558
B001FA1MN8,1,1.0,-0.7351
B001FA1MOW,1,5.0,0.9465
B001FA1OPO,1,5.0,0.9009
B001FA1RUQ,6,4.5,0.8737
B001FA1S1E,6,4.5,0.9058
B001FA1S3M,2,5.0,0.8011
B001FA1SDC,3,3.6667,0.5443
B001FA1SI2,2,5.0,0.9377
B001FA1SOG,1,4.0,0.6597
B001FA1SW8,1,5.0,0.9062
B001FB68JA,1,5.0,0.7845
B001FB68PY,2,5.0,0.702
B001FB68UY,1,1.0,-0.4576
B001FB68W2,2,4.0,0.8196
B001FB69Q2,1,4.0,0.93
B001FB69SK,3,4.0,0.7624
B001FB69SU,4,4.75,0.8196
B001FB69TY,1,4.0,0.8396
B001FB69US,3,3.3333,0.6793
B001FB69XU,2,5.0,0.9026
B001FB69Z8,2,5.0,0.7466
B001FB6A0C,1,5.0,0.9275
B001FB6A2A,1,5.0,0.5994
B001FB6B0G,5,4.0,0.5502
B001FB6BA6,1,5.0,0.872
B001FB6BB0,1,5.0,0.2796
B001FB6BE2,1,5.0,0.8935
B001FB6BU6,1,5.0,0.5994
B001FBKO4U,1,5.0,0.8658
B001FCFYU8,36,4.5556,0.7405
B001FCJQTI,1,5.0,0.9471
B001FCLL0U,3,4.6667,0.9259
B001FCPLKG,1,5.0,0.9153
B001FFEU1E,1,5.0,0.9705
B001FFGREW,1,5.0,0.8968
B001FFL8RI,1,5.0,0.93
B001FK6BAM,4,4.25,0.5509
B001FKA84C,3,4.3333,0.7502
B001FKC4XA,6,4.6667,0.4635
B001FKQQDO,1,3.0,0.802
B001FOPQL8,2,3.5,0.7454
B001FOXYJO,2,3.5,0.7395
B001FOXYO4,1,5.0,0.8422
B001FOXYR6,4,4.25,0.7473
B001FP2PWA,2,5.0,0.9026
B001FPGYLI,1,5.0,0.8555
B001FPSZYM,1,5.0,0.7003
B001FPT06E,1,5.0,0.5719
B001FPT0FK,1,5.0,0.7845
B001FPT0ZA,3,4.0,0.8459
B001FPT1WM,4,4.0,0.4516
B001FPT2NK,1,5.0,0.836
B001FPT3W0,1,5.0,0.8625
B001FPT6YA,1,5.0,0.802
B001FPT7DA,1,1.0,0.0
B001FPUWAM,1,5.0,0.0
B001FPUWPW,2,4.5,0.8961
B001FPUYIM,1,5.0,0.886
B001FPV1SE,1,5.0,0.7841
B001FPV2MY,1,3.0,0.0
B001FPWXY0,1,5.0,0.0
B001FPWXZO,1,5.0,0.7003
B001FPWY9O,1,4.0,0.9697
B001FPWZ6Q,2,5.0,0.9487
B001FPYVLS,1,4.0,0.7351
B001FPYWCG,1,5.0,0.9497
B001FPYYRE,1,5.0,-0.0415
B001FQ0UEE,1,5.0,0.9497
B001FQ0UM6,1,5.0,0.8176
B001FQ0W2Y,2,5.0,0.9448
B001FQ106Q,1,5.0,0.9698
B001FR94YU,1,5.0,0.2878
B001FSISXM,1,5.0,0.994
B001FSISY6,2,4.0,0.8187
B001FSISZK,2,5.0,0.7517
B001FSJCPK,45,4.7111,0.6815
B001FSK3IA,2,5.0,0.922
B001FSK3S0,5,5.0,0.8651
B001FSK3SU,2,2.5,0.8814
B001FSK4N4,2,2.5,0.8622
B001FSK4NE,1,5.0,0.9729
B001FSK4NY,1,5.0,0.9938
B001FSK4O8,1,2.0,0.8402
B001FSK4OS,4,3.75,0.7761
B001FSK4R0,2,4.5,0.8365
B001FUT6LS,2,5.0,0.8986
B001FV2K6K,1,5.0,0.6973
B001FVNM3A,1,5.0,0.9336
B001FVNM4Y,1,5.0,0.9001
B001FVSSG6,1,5.0,0.9764
B001FWXLYE,1,5.0,0.3612
B001FWXLYY,1,5.0,0.9648
B001FWXM16,1,5.0,0.765
B001FWXMHA,1,5.0,0.9964
B001FXIMWO,1,4.0,0.7269
B001FXPNY4,3,4.0,0.9387
B001FXQ9QU,3,5.0,0.9513
B001FXQ9RY,1,1.0,0.9098
B001FXQALO,1,5.0,0.9638
B001FXU6QO,2,5.0,0.9023
B001FXU6VY,1,1.0,0.4215
B001FXU6WI,1,5.0,0.9901
B001FXU6YQ,1,1.0,0.9098
B001FXZ5L0,2,4.0,0.076
B001FY180Q,1,5.0,0.936
B001FY1XWO,1,2.0,0.8807
B001FYUVG8,6,4.1667,0.68
B001FYUVJU,9,4.2222,0.7299
B001FYUVKE,4,3.5,0.5205
B001FYUVLI,6,4.3333,0.5305
B001FYX0BG,7,4.8571,0.6021
B001FYX0KM,2,4.5,0.8656
B001FYX0NE,6,4.3333,0.4905
B001FYZ0VO,7,4.4286,0.5865
B001FYZ0W8,6,4.1667,0.5581
B001FZ0SVA,4,5.0,0.8599
B001FZ0SY2,2,4.5,0.8438
B001FZ0T1E,6,3.5,0.589
B001FZ0T2S,7,4.4286,0.8398
B001G0MFVK,1,5.0,0.9831
B001G0MFZQ,1,5.0,0.9537
B001G0MG00,1,5.0,0.9467
B001G0MG0K,3,4.0,0.8652
B001G0MG14,1,5.0,0.9295
B001G0MG28,1,5.0,0.7964
B001G0MG2I,5,4.2,0.6638
B001G0MG46,2,4.5,0.8502
B001G0N5RS,2,1.0,-0.1338
B001G0NHYO,2,5.0,0.8433
B001G0NI0M,1,5.0,0.9842
B001G0NI34,1,5.0,0.9201
B001G0NKVO,1,5.0,0.7579
B001G0NKXW,1,4.0,0.8934
B001G0NKYQ,1,2.0,-0.3597
B001G0NKZA,3,4.3333,0.8089
B001G0NKZU,9,4.3333,0.8241
B001G0NL04,13,4.5385,0.7784
B001G0NL0O,1,5.0,0.765
B001G0NL18,2,4.0,-0.3243
B001G0NL1I,2,5.0,0.8785
B001G0NL2W,4,5.0,0.9383
B001G0NZRI,3,3.3333,0.2174
B001G0NZTG,2,4.5,0.9137
B001G253NA,1,5.0,0.7964
B001G2B7YE,1,4.0,0.8271
B001G2K5CY,2,4.5,0.939
B001G2QMFI,1,5.0,0.8402
B001G47IZE,1,5.0,0.7783
B001G4R0LQ,1,5.0,0.9872
B001G4S8X0,1,4.0,0.9876
B001G5J7XO,1,4.0,0.9545
B001G5L4US,1,2.0,0.0
B001G5N8KC,1,5.0,0.8126
B001G5ORLG,1,5.0,0.9818
B001G604XA,2,5.0,0.86
B001G604XU,2,4.5,0.5768
B001G604YE,2,5.0,0.8936
B001G604ZI,6,3.8333,0.8588
B001G6M8IE,1,3.0,0.9186
B001G6RK2I,1,2.0,0.6908
B001G6W0Y6,2,5.0,0.905
B001G7PK4M,1,5.0,0.9874
B001G7Q0X2,1,4.0,0.926
B001G7Q1PY,2,5.0,0.9626
B001G7QFEQ,3,3.3333,0.6604
B001G7QG5O,1,5.0,0.9292
B001G8R9WW,2,4.0,0.8125
B001G8RCU6,1,5.0,0.8832
B001G8RNPU,3,3.6667,0.6608
B001G8TFZ6,1,5.0,0.9858
B001G8UC8K,1,5.0,0.9186
B001G8UCRQ,2,4.5,0.834
B001G8W7SI,1,5.0,0.9231
B001G8W7YC,4,4.5,0.7615
B001G8W814,1,5.0,0.4588
B001G8WXJQ,1,5.0,0.8142
B001G96KJ4,2,5.0,0.9048
B001GAJ7ZW,1,4.0,0.9863
B001GB0U2K,2,5.0,0.9602
B001GB42O2,2,5.0,0.4868
B001GB7IJI,3,4.6667,0.7693
B001GBAZP2,1,3.0,0.1027
B001GBBTQG,1,5.0,0.9432
B001GBEFYO,1,1.0,-0.34
B001GBMSHK,1,5.0,0.9601
B001GCTT9E,3,4.6667,0.8995
B001GCTTAI,1,3.0,0.5325
B001GCTTRQ,32,3.9688,0.6169
B001GCTTYY,2,3.0,0.1502
B001GCU0E2,2,5.0,0.8868
B001GCU93E,1,5.0,0.836
B001GCVLUE,1,5.0,0.9044
B001GCVLVI,4,5.0,0.3955
B001GCVLX6,3,5.0,0.8701
B001GCVLXG,1,5.0,0.8588
B001GE01OO,1,5.0,0.8834
B001GE3T1G,1,5.0,0.4404
B001GE6ZDU,1,1.0,-0.1496
B001GE8N4Y,6,4.1667,0.7103
B001GEBTYK,1,5.0,0.6369
B001GECV1A,1,3.0,0.8807
B001GFLVLU,1,4.0,0.8271
B001GH19PG,5,4.8,0.8848
B001GHYO44,1,1.0,0.8103
B001GHYO4E,1,5.0,0.0
B001GIE4YI,2,5.0,0.6141
B001GIETIE,1,5.0,0.9552
B001GIETMA,3,4.0,0.5038
B001GINOP8,20,4.45,0.7368
B001GINOQC,17,4.4706,0.8755
B001GINORG,4,4.75,0.8642
B001GIWH3I,1,5.0,0.9571
B001GJJQMC,1,5.0,0.9946
B001GKQHGE,1,1.0,0.5719
B001GKSHP8,3,5.0,0.7239
B001GKV8DQ,9,5.0,0.7468
B001GL6GBE,29,4.7586,0.7912
B001GM3DDC,1,5.0,0.872
B001GM3DZ0,1,5.0,0.296
B001GM5K3S,1,5.0,0.807
B001GM60J6,1,5.0,0.4005
B001GM969M,3,5.0,0.6938
B001GM97BE,1,5.0,0.5964
B001GMCNQA,1,5.0,0.7506
B001GMCP5Y,1,5.0,0.8519
B001GPJ1J4,1,2.0,0.7184
B001GQ3E28,4,3.75,0.7513
B001GQ3E2I,7,5.0,0.9332
B001GQ3E2S,6,4.6667,0.6259
B001GQ3E32,2,5.0,0.9803
B001GQ3E3C,8,4.625,0.7138
B001GQ3E3M,16,4.3125,0.898
B001GQ3E4G,5,4.6,0.894
B001GQ3E5A,3,3.6667,0.8318
B001GQ9YJ0,3,4.0,0.738
B001GQ9ZBM,2,4.0,0.2112
B001GQC17W,2,5.0,0.8433
B001GQGJMA,1,4.0,-0.144
B001GQN9C8,2,3.0,0.97
B001GRP8DA,2,4.5,0.9604
B001GS6PKO,1,5.0,0.9118
B001GS6PLI,1,4.0,0.9001
B001GSB51S,4,4.25,0.362
B001GSB5MM,1,1.0,0.7184
B001GSB5Y0,4,4.75,0.9265
B001GSFDIO,2,3.0,0.8025
B001GSFEJ2,5,4.2,0.7094
B001GTOH30,1,3.0,0.8176
B001GUVLA6,2,4.0,0.6709
B001GVIQQW,2,5.0,0.9724
B001GVIQTO,1,5.0,0.9169
B001GVIR5M,1,5.0,0.7184
B001GVIR5W,1,1.0,-0.5859
B001GVIR9I,2,4.5,0.7709
B001GVIR9S,2,3.0,0.9354
B001GVIRC0,1,5.0,0.3818
B001GVIRCU,3,4.0,0.4197
B001GVIRD4,6,5.0,0.8373
B001GVIRFW,1,5.0,0.8915
B001GVIRKM,2,5.0,0.9165
B001GVIRMK,2,3.5,0.909
B001GVIRWA,1,1.0,0.0953
B001GVIRYI,1,5.0,0.8442
B001GVIRYS,14,4.4286,0.7865
B001GVIS4M,17,4.4118,0.8309
B001GVIS6K,1,5.0,0.9538
B001GVIS6U,2,5.0,0.9636
B001GVIS8S,1,5.0,0.9811
B001GVISJM,2,3.0,0.1591
B001GVISJW,2,4.0,0.5627
B001GVISTC,1,5.0,0.9042
B001GVISU6,3,5.0,0.9185
B001GVISY2,1,4.0,0.9604
B001GVISYC,1,5.0,0.3612
B001GVISYM,3,5.0,0.9368
B001GVISZG,4,4.25,0.7121
B001GVIT0A,1,5.0,0.836
B001GVIT14,1,2.0,0.1797
B001GVIT1O,1,5.0,0.9153
B001GVIT6E,8,4.875,0.8279
B001GVIT7I,1,5.0,0.9628
B001GVIT7S,1,5.0,0.97
B001GVIT82,1,5.0,0.6124
B001GVIT8M,1,1.0,0.7506
B001GVIT9Q,3,3.6667,0.7724
B001GVIUEA,1,5.0,0.7841
B001GVIUKE,2,5.0,0.9136
B001GVIUSG,6,4.0,0.5076
B001GVIUTU,1,2.0,0.9784
B001GVIUVS,4,3.5,0.5329
B001GVIUX6,7,3.1429,0.7107
B001GVIUXQ,8,3.375,0.7574
B001GVIUYA,7,3.8571,0.5594
B001GVJQ34,1,4.0,0.8074
B001GWN9UE,1,5.0,0.8996
B001GWVOTM,6,3.8333,0.5402
B001GXDB06,1,1.0,0.6369
B001GXDHTG,1,5.0,0.9153
B001GXUH4O,1,5.0,0.8271
B001GZ2ZB0,2,5.0,0.9456
B001GZ30F0,1,5.0,0.902
B001GZ7SP8,1,5.0,0.9732
B001GZYCDY,1,5.0,0.4404
B001H001NI,2,4.5,0.8372
B001H0FHXW,6,4.3333,0.9039
B001H0FHZA,9,3.1111,0.5865
B001H0FI0O,5,3.4,0.8311
B001H0FI22,9,4.2222,0.9085
B001H0FI36,8,3.75,0.6275
B001H0FI4K,1,4.0,-0.4019
B001H0FI72,3,5.0,0.9427
B001H0G5HY,1,5.0,0.9972
B001H0G5JC,1,4.0,0.9666
B001H17CJS,1,5.0,0.9217
B001H19FIY,1,1.0,-0.3182
B001H1BHVC,3,3.3333,-0.1327
B001H1BJQK,1,5.0,0.9393
B001H1E250,1,1.0,0.3818
B001H1GUVO,3,3.0,-0.1505
B001H322YQ,2,4.5,0.8562
B001H3230E,1,4.0,0.8979
B001H32336,1,3.0,-0.2976
B001H32FI4,1,3.0,0.5423
B001H32FP2,1,1.0,0.1226
B001H32FTI,2,3.0,0.4221
B001H32G24,1,5.0,0.8313
B001H3NI0S,1,4.0,0.9236
B001H3O6P4,1,5.0,0.9362
B001H3O6UO,1,5.0,0.9382
B001H3PZRM,1,5.0,0.8957
B001H3RVZ6,1,5.0,0.7717
B001H3T5G4,1,4.0,0.8934
B001H3VNWI,1,5.0,0.8648
B001H3VQFM,1,5.0,0.9535
B001H3YKO6,3,3.6667,0.7942
B001H4FPE4,2,5.0,0.9028
B001H7TG5K,1,4.0,0.5859
B001H803P6,1,5.0,0.872
B001H828EK,1,5.0,0.8885
B001H8HP48,1,5.0,0.9468
B001H8R00M,1,2.0,0.4899
B001H955WQ,1,5.0,0.4019
B001H9N2WG,1,4.0,0.7506
B001H9N2X0,1,4.0,0.7506
B001H9N3B6,2,5.0,0.8946
B001H9N3BG,2,5.0,0.9594
B001H9NBA4,1,5.0,0.8689
B001H9XOEW,1,2.0,0.9977
B001HA5XZO,1,5.0,0.836
B001HA6W36,1,5.0,0.8074
B001HBBQIQ,6,4.5,0.6827
B001HBBQKY,10,4.2,0.9239
B001HBEE0I,1,5.0,0.7906
B001HBI3SW,1,5.0,0.9637
B001HBR23O,2,4.5,0.9608
B001HBRDVU,2,5.0,0.7996
B001HBTGI8,1,5.0,-0.2263
B001HBVDY8,2,5.0,0.842
B001HBXL5M,2,3.5,-0.0988
B001HBXO54,5,4.4,0.5852
B001HBY7RI,1,4.0,0.7269
B001HCKEB0,3,2.6667,0.1248
B001HKFC28,1,5.0,0.969
B001HKZZ4I,11,4.6364,0.7449
B001HKZZ6Q,1,5.0,0.6361
B001HKZZ7A,1,5.0,0.6808
B001HL0I9E,1,1.0,0.9485
B001HLZA2Y,1,4.0,0.802
B001HN5G0I,4,5.0,0.9028
B001HN5LY4,1,5.0,0.9049
B001HN5S38,3,3.6667,0.798
B001HN5Z4K,32,4.4688,0.9287
B001HN67MO,1,5.0,0.8439
B001HNTJBK,1,5.0,0.946
B001HNTWC6,1,5.0,0.9469
B001HNTZ0K,1,5.0,0.8176
B001HNU8PG,1,5.0,0.9666
B001HNUBGW,1,5.0,0.8442
B001HNW9BM,1,3.0,0.9201
B001HNWE8A,1,5.0,0.9468
B001HNXNXU,1,4.0,0.9803
B001HNXP4C,1,5.0,0.9442
B001HNXW8G,2,5.0,0.7554
B001HNXXMG,1,5.0,0.8807
B001HO02Y2,1,5.0,0.9422
B001HO1X54,1,4.0,0.9201
B001HO1XHM,1,1.0,0.3612
B001HO21JG,2,5.0,0.9655
B001HO21WI,1,5.0,0.9459
B001HOH5NS,1,1.0,-0.5106
B001HS89WK,1,5.0,0.9766
B001HTE1JY,2,4.5,0.6476
B001HTE2TS,1,5.0,0.8555
B001HTE5L8,3,4.3333,0.9139
B001HTE67G,1,5.0,0.7269
B001HTG05C,1,5.0,0.743
B001HTG24G,1,5.0,0.7351
B001HTG33G,1,5.0,0.788
B001HTG33Q,2,3.0,0.4136
B001HTG3IQ,1,5.0,0.9838
B001HTG3YU,1,4.0,0.8074
B001HTG4TO,2,5.0,0.9238
B001HTG6E2,1,5.0,0.9073
B001HTG6Z6,1,5.0,0.9153
B001HTG71E,1,5.0,0.8532
B001HTG8EU,1,5.0,0.7024
B001HTG8IQ,1,4.0,0.9779
B001HTGAQQ,9,5.0,0.898
B001HTGAUM,2,3.0,0.1947
B001HTI0YQ,1,2.0,0.9451
B001HTI1CW,1,5.0,0.9771
B001HTI1L8,2,5.0,0.9127
B001HTI1Y0,1,4.0,0.9649
B001HTI226,1,4.0,-0.2755
B001HTI24E,2,3.5,0.0671
B001HTI38E,1,5.0,0.9832
B001HTI3T8,1,5.0,0.9335
B001HTI4EC,1,5.0,0.743
B001HTI58M,3,5.0,0.8596
B001HTI5SW,8,3.875,0.804
B001HTI5XC,3,3.3333,0.1639
B001HTI60Y,1,5.0,0.9962
B001HTI6BI,2,3.0,0.0177
B001HTI6CM,1,5.0,0.743
B001HTI6FO,1,3.0,0.92
B001HTI6Y0,1,5.0,0.9816
B001HTI7MQ,2,5.0,0.9572
B001HTI8XE,1,5.0,0.839
B001HTICR6,1,5.0,0.9792
B001HTIDN4,1,5.0,0.939
B001HTIF3M,1,5.0,0.9201
B001HTIFXC,1,5.0,0.6808
B001HTIGPY,1,5.0,0.7845
B001HTIPC8,1,5.0,0.9709
B001HTIPU0,1,4.0,0.4939
B001HTIS84,1,5.0,0.975
B001HTIS98,2,4.5,0.941
B001HTISGQ,1,4.0,0.8271
B001HTISRU,2,5.0,0.9003
B001HTITEW,1,5.0,0.872
B001HTIUDC,2,5.0,0.9674
B001HTIV68,1,5.0,0.5994
B001HTIVA4,1,5.0,0.6597
B001HTIVCW,1,5.0,0.9738
B001HTIVX6,1,5.0,0.9246
B001HTIW8U,1,5.0,0.9578
B001HTIWIK,1,4.0,0.9885
B001HTIY1U,1,5.0,0.7871
B001HTIYJM,1,5.0,0.9607
B001HTJ06S,3,5.0,0.9092
B001HTJ0WM,1,5.0,0.8957
B001HTJ158,1,5.0,0.4404
B001HTJ2BQ,27,3.0741,0.6905
B001HTJ2ES,1,4.0,0.9756
B001HTJ49G,12,4.4167,0.8333
B001HTJ52C,1,5.0,0.6369
B001HTJ540,1,5.0,0.7783
B001HTJ838,1,5.0,0.4033
B001HTJANQ,1,5.0,0.765
B001HTJD5G,1,5.0,0.7096
B001HTJEZ0,2,5.0,0.8985
B001HTJF2W,1,5.0,0.8999
B001HTJFGI,2,3.0,0.917
B001HTJFP4,1,3.0,0.7096
B001HTJGXK,1,5.0,0.8689
B001HTJIQA,1,5.0,0.9432
B001HTKN7S,5,3.8,0.1229
B001HTKNR8,1,5.0,-0.34
B001HTKO86,2,5.0,0.909
B001HTKOWC,37,4.4324,0.6847
B001HTKP0I,1,5.0,0.8583
B001HTKP2G,3,4.3333,0.735
B001HTKP5I,1,5.0,0.9971
B001HTKP8A,2,5.0,0.9711
B001HTKQ0C,1,5.0,0.9805
B001HTKQ3O,3,4.6667,0.2269
B001HTKQIY,1,5.0,0.8402
B001HTKQQG,4,5.0,0.8607
B001HTKR1U,3,5.0,0.8204
B001HTKRWY,1,5.0,0.9934
B001HTKRZQ,1,5.0,0.9732
B001HTKS00,2,4.5,0.3326
B001HTKS1Y,1,3.0,0.8779
B001HTKS4G,2,4.5,0.8436
B001HTKUJ4,2,5.0,0.9424
B001HTKULC,1,5.0,0.9817
B001HTKVA2,1,5.0,0.9359
B001HTKVG6,1,5.0,0.9652
B001HTKY40,1,5.0,0.296
B001HTKYOK,1,5.0,0.8265
B001HTKZ5S,1,1.0,0.9118
B001HTKZT4,3,3.6667,0.421
B001HTL2QE,3,4.3333,0.9548
B001HTL3SQ,1,5.0,0.8311
B001HTL7TG,1,5.0,0.5413
B001HTMS5I,1,5.0,0.8689
B001HTMSIA,1,5.0,0.7033
B001HTMSZI,2,5.0,0.9793
B001HTMVUA,2,4.5,0.9242
B001HTN1JA,4,2.75,0.9767
B001HTN4HO,1,3.0,0.7984
B001HTN5W8,1,5.0,0.895
B001HTN5ZU,1,1.0,0.0883
B001HTOYIC,1,2.0,-0.0258
B001HTP04E,8,3.75,0.6142
B001HTP102,2,5.0,0.9175
B001HTP418,1,4.0,0.886
B001HTP5DU,2,5.0,0.532
B001HTP9FO,1,5.0,0.9862
B001HTPAE4,5,4.6,0.817
B001HTPAY4,1,5.0,0.9304
B001HTR204,1,2.0,0.8911
B001HTR2E0,2,5.0,0.5264
B001HTR4WA,2,4.5,0.585
B001HTR63C,1,5.0,0.7783
B001HTRADI,1,5.0,0.5859
B001HW4GSW,1,3.0,0.6486
B001HWCF4O,2,5.0,0.9058
B001HWD2OG,3,4.6667,0.8204
B001HWE6F0,2,3.0,0.0963
B001HWEO1Q,2,5.0,0.9664
B001HWGKV8,4,4.0,0.3836
B001HWT0GA,1,5.0,0.9578
B001HWWKGW,4,4.25,0.451
B001HWWKW6,3,4.6667,0.901
B001HWWL6Q,5,3.6,0.5266
B001HWWLHA,10,4.2,0.7147
B001HX59QO,5,4.6,0.8913
B001HX59ZU,4,3.75,0.8003
B001HXHJ3A,1,2.0,0.3818
B001HXI0V0,2,5.0,0.7924
B001HXJG8G,2,3.5,0.6532
B001HXJGKO,3,4.0,0.8936
B001HXJMXA,4,3.5,0.7083
B001HXJPS2,1,5.0,0.6486
B001HXJQ3Q,1,5.0,0.9218
B001HXLSUU,6,3.0,0.4786
B001HXMQNS,1,5.0,0.9001
B001HXN01A,1,5.0,0.9029
B001HXN7YU,1,1.0,-0.7003
B001HXNIPS,10,4.6,0.738
B001HY03MI,2,5.0,0.9562
B001HY7R5O,1,5.0,0.8575
B001HYB2P0,13,4.6154,0.8316
B001HYD85W,1,5.0,0.4939
B001HYD8IE,1,5.0,0.872
B001HZWWQW,1,5.0,0.885
B001I0S4G8,2,3.5,0.9113
B001I16ENM,3,4.6667,0.396
B001I1A7KI,1,5.0,-0.836
B001I1DT6C,1,5.0,0.93
B001I43F9A,4,3.5,0.4438
B001I4G2PO,1,5.0,0.8225
B001I4GZ74,1,5.0,0.7351
B001I4H3PM,1,5.0,0.9374
B001I4J6UC,1,1.0,0.9565
B001I4TC6A,1,5.0,0.6908
B001I61BNA,1,5.0,0.7351
B001I6ARHG,1,3.0,-0.2023
B001I6CP6W,1,3.0,-0.9643
B001I6GS5Q,1,1.0,0.891
B001I6NQAG,1,1.0,0.891
B001I6NUT8,1,5.0,0.9552
B001I6POJ2,1,5.0,0.7741
B001I7AZZO,1,5.0,0.9705
B001I7B2ZG,1,5.0,0.7351
B001I7IZ9C,2,5.0,0.7976
B001I7OPJ6,1,5.0,0.8807
B001I89K86,2,5.0,0.8357
B001I8BNMC,2,4.5,0.98
B001I8BO7Q,1,5.0,0.9153
B001I8BOBM,1,5.0,0.2023
B001I8BOBW,2,4.5,0.8834
B001I8BOEE,1,5.0,0.9493
B001I8BONA,1,5.0,0.9325
B001I8DOZQ,1,5.0,0.743
B001I8DP5U,4,4.0,0.586
B001I8EVQW,1,3.0,0.8625
B001I8EVZI,5,4.2,0.7225
B001I8EW5C,3,5.0,0.9448
B001IA3RV0,4,4.25,0.6121
B001IA3S1Y,3,5.0,0.8302
B001IA7WCA,3,3.0,0.3215
B001IA99FS,3,5.0,0.771
B001IA99JO,2,4.5,0.9134
B001IAE3V8,1,5.0,0.8979
B001IAHTF0,1,5.0,0.5574
B001IAKEVG,4,5.0,0.6997
B001IAQ8KC,2,4.0,0.627
B001ICTYDI,1,3.0,0.5859
B001ICW5IE,1,4.0,0.9839
B001ID2TPC,1,5.0,0.8625
B001ID8A28,1,5.0,0.8934
B001IEXQSU,2,4.0,0.8981
B001IHWDX6,3,3.0,0.2911
B001II469O,1,5.0,0.7717
B001II46YO,2,3.5,0.8362
B001II477A,2,5.0,0.8742
B001II47GG,1,3.0,0.8481
B001II47PW,1,2.0,0.0
B001II480G,8,3.0,0.4519
B001IJCKLE,1,3.0,0.5859
B001IJCKYG,1,3.0,0.9242
B001IMBNKK,2,4.5,0.9384
B001IMHG06,1,5.0,0.9403
B001IMUGR6,1,5.0,0.4767
B001IMUHCU,1,4.0,-0.2023
B001IMYGH2,1,5.0,0.6124
B001IN3FHI,1,5.0,0.8706
B001INCUQ0,2,3.0,0.5023
B001IQ1ITM,3,3.0,0.4489
B001IQ1ITW,8,4.25,0.6583
B001IQ3HNC,1,5.0,0.7003
B001IR2VLU,3,3.0,0.4276
B001IRUC1G,1,5.0,0.9832
B001IVADAW,2,5.0,0.8968
B001IVCKRQ,1,2.0,0.8748
B001IVULDG,1,5.0,0.7655
B001IVUWSA,1,5.0,0.9678
B001IVV2F2,1,5.0,0.9678
B001IVWEIQ,2,3.0,0.568
B001IVXALG,1,5.0,0.9459
B001IVXOBC,1,5.0,0.6808
B001IVYDJO,1,1.0,0.2263
B001IVZXQ6,1,5.0,-0.6808
B001IW03ZG,1,5.0,0.9274
B001IW05RM,1,5.0,0.4939
B001IW0ASG,2,5.0,0.9615
B001IW0BLC,1,5.0,0.891
B001IW3WMW,1,2.0,0.8126
B001IW7O6C,1,1.0,0.4404
B001IW7QWY,1,1.0,0.9716
B001IW7T3A,1,5.0,0.8442
B001IW7UK2,1,5.0,0.9287
B001IW83IA,3,5.0,0.832
B001IW9A50,2,3.0,0.5966
B001IWBI1E,1,5.0,0.9042
B001IWCR96,1,5.0,0.8658
B001IWG8G4,2,3.5,0.8512
B001IY9T36,1,5.0,0.7783
B001IYAIJA,1,5.0,0.6369
B001IYHEWO,1,1.0,0.6369
B001IYSOQO,1,5.0,0.979
B001IZ431I,1,5.0,-0.1796
B001IZ4J30,1,1.0,-0.1779
B001IZ5M18,1,5.0,0.6249
B001IZ5MFE,1,5.0,0.964
B001IZ5QG4,2,5.0,0.9446
B001IZ88YQ,1,3.0,0.7003
B001IZ8A08,1,4.0,0.6369
B001IZ8AAI,3,4.0,0.4717
B001IZ8OZY,2,3.5,0.7904
B001IZ8PDA,3,4.6667,0.9268
B001IZ8UMQ,1,5.0,0.7845
B001IZ8WAG,1,5.0,0.8958
B001IZ9ME6,7,5.0,0.8065
B001IZ9NDQ,2,2.5,0.0962
B001IZ9O7Q,2,5.0,0.3825
B001IZA22W,1,5.0,0.296
B001IZA2LI,1,5.0,0.6369
B001IZA560,4,4.0,0.8427
B001IZA5EM,2,4.0,0.5924
B001IZA7BI,1,5.0,0.9062
B001IZA8S0,1,5.0,0.9539
B001IZASY4,3,5.0,0.8769
B001IZATIY,2,5.0,0.9396
B001IZAYMK,1,5.0,0.9382
B001IZBE2Y,1,4.0,0.802
B001IZBH0S,4,5.0,0.8633
B001IZBIRA,2,5.0,0.9406
B001IZBXAW,1,5.0,0.959
B001IZBXBG,2,5.0,0.7563
B001IZC1QC,1,3.0,0.7947
B001IZCL8U,2,5.0,0.8934
B001IZCY4Q,2,5.0,0.3573
B001IZD8MS,1,5.0,0.91
B001IZECUK,1,5.0,0.9911
B001IZEJ76,1,4.0,0.7906
B001IZG6P4,1,5.0,0.8271
B001IZG730,1,5.0,0.9022
B001IZG834,1,5.0,0.6997
B001IZG8D4,1,5.0,0.9761
B001IZGA32,2,5.0,0.8416
B001IZGC58,1,2.0,-0.8542
B001IZHJL4,1,5.0,-0.25
B001IZHPZE,1,5.0,0.0
B001IZHRD4,2,4.0,0.6534
B001IZHSII,2,5.0,0.7106
B001IZHSWO,2,2.0,0.2818
B001IZHX8I,1,5.0,0.1882
B001IZHYNM,2,5.0,0.7018
B001IZHZJA,2,5.0,0.9188
B001IZHZYA,1,5.0,0.9816
B001IZI0RG,4,4.0,0.604
B001IZI2N8,1,1.0,0.5859
B001IZI8FA,1,5.0,0.3687
B001IZI8LE,1,5.0,0.7845
B001IZI940,1,4.0,0.3818
B001IZIB34,3,2.3333,0.7398
B001IZIBC0,1,4.0,0.0
B001IZIBES,1,5.0,0.9325
B001IZIBIY,1,5.0,0.9756
B001IZIBN4,1,5.0,0.9801
B001IZIBNY,1,5.0,0.9169
B001IZIBQG,1,5.0,-0.0693
B001IZIBTS,1,5.0,0.9386
B001IZIC3S,1,5.0,0.9325
B001IZIC7E,3,4.3333,0.889
B001IZIC8I,6,5.0,0.8556
B001IZICJW,3,3.6667,0.4715
B001IZICO2,6,5.0,0.5913
B001IZICQU,3,4.6667,0.9647
B001IZIEGS,10,4.5,0.8082
B001IZJO76,1,4.0,0.91
B001IZJPCK,3,5.0,0.6349
B001IZJPNO,2,5.0,0.6964
B001IZJT94,3,4.0,0.7483
B001IZK5PQ,1,5.0,0.9854
B001IZK7K4,2,3.5,0.9436
B001IZK7P4,2,4.5,0.6644
B001IZK7TA,1,1.0,0.3182
B001IZK8LW,1,5.0,0.5423
B001IZKD2Q,4,5.0,0.9056
B001IZLTTW,1,5.0,0.765
B001IZLUNC,2,5.0,0.6265
B001IZLWNA,1,5.0,0.8689
B001IZM2NY,1,5.0,0.4215
B001IZM2RK,2,5.0,0.9788
B001IZM5TK,2,5.0,0.8294
B001IZM5UY,1,5.0,0.8672
B001IZM5WC,1,5.0,0.9957
B001IZM7NY,2,3.5,0.2127
B001IZM7QQ,9,4.8889,0.8376
B001IZM7V6,1,5.0,0.767
B001IZM81A,4,4.75,0.6142
B001IZM85Q,3,3.0,0.4168
B001IZM8U6,1,5.0,0.8225
B001IZM8WO,1,3.0,0.9441
B001IZM8WY,3,3.6667,0.3798
B001IZM8Z6,1,5.0,0.7993
B001IZM90K,2,5.0,0.7918
B001IZM91Y,4,4.75,0.4088
B001IZM92I,4,4.25,0.7192
B001IZM92S,18,4.1667,0.7318
B001IZM9B4,2,5.0,0.6436
B001J1K9KA,3,5.0,0.8479
B001J1P630,2,4.5,0.8996
B001J3ZUQ6,8,3.75,0.7091
B001J4GHOO,5,3.8,0.863
B001J4WA7C,1,5.0,0.7845
B001J5LFHC,1,5.0,0.6565
B001J5MVO8,1,5.0,0.9325
B001J5NE30,1,4.0,0.7436
B001J5QHYS,1,4.0,0.4588
B001J5R8H8,1,3.0,0.8934
B001J5SW5U,4,3.75,0.4131
B001J5VAF4,1,1.0,0.5267
B001J5WTC2,4,4.5,0.9315
B001J78U6O,1,5.0,0.9825
B001J7PGMK,1,5.0,0.7717
B001J86T1G,1,5.0,0.9726
B001J8H1E0,10,4.5,0.8352
B001J8J4UY,7,4.4286,0.9044
B001J8LGEG,3,5.0,0.9176
B001J8V54M,1,5.0,0.9928
B001J8YRSS,8,4.75,0.7015
B001J9QBU4,32,4.4688,0.7447
B001J9ST90,6,4.0,0.6956
B001J9SUHG,13,3.8462,0.7239
B001J9URUY,9,3.6667,0.8226
B001JA5PYQ,2,4.0,0.1705
B001JA70GM,1,1.0,0.6284
B001JACDZK,1,5.0,0.6249
B001JDHUUA,2,5.0,0.9338
B001JDQ4Q6,5,4.2,0.4202
B001JEAP10,1,5.0,0.9936
B001JG537O,4,4.0,0.5154
B001JGK2L6,1,5.0,0.991
B001JGNJ84,1,5.0,0.6808
B001JH93BU,4,4.75,0.8154
B001JHY626,1,5.0,0.7269
B001JIU48K,1,1.0,0.1621
B001JIWOZQ,3,3.6667,0.5875
B001JJEG2Y,1,5.0,0.9337
B001JJLUK0,4,3.25,0.8336
B001JJXBTS,1,5.0,0.5657
B001JJXDSC,3,5.0,0.9395
B001JJXSIC,1,5.0,0.8807
B001JJYZ1Q,5,5.0,0.7953
B001JJYZ2U,2,5.0,0.939
B001JJZCVI,1,3.0,0.4404
B001JK27ME,2,4.0,0.8488
B001JK27VA,1,4.0,0.9628
B001JK4826,2,4.0,0.8488
B001JK486C,1,4.0,0.9657
B001JK62OI,1,4.0,0.9628
B001JK7MQK,1,1.0,0.6369
B001JK83PY,1,4.0,0.9345
B001JKNN5E,2,4.0,0.5468
B001JKPL4K,1,5.0,0.5574
B001JP7G16,2,1.5,-0.762
B001JP7G1Q,2,5.0,0.4691
B001JP7G3Y,2,3.0,0.1162
B001JP7G48,2,4.5,0.1993
B001JP7G4I,5,2.2,0.1415
B001JPD21Y,1,5.0,0.9888
B001JSHRY4,1,5.0,0.8176
B001JSWJHE,1,1.0,0.7269
B001JTCPA4,1,5.0,0.9728
B001JTFRF4,1,5.0,0.9538
B001JTFRGS,1,5.0,0.9283
B001JTIIZA,1,5.0,0.7436
B001JTTS04,1,5.0,0.9186
B001JU2W3I,1,3.0,0.9927
B001JU6BYO,1,5.0,0.9274
B001JU7YJA,1,4.0,0.1779
B001JU81ZG,25,3.92,0.6135
B001JYU06K,5,5.0,0.8584
B001JYU0BK,2,4.5,0.5273
B001JYVT60,5,3.8,0.7494
B001JYVTNS,9,4.4444,0.5953
B001K2GLRS,1,5.0,0.9809
B001K2HWNU,1,2.0,0.9153
B001K360PK,1,4.0,-0.1027
B001K39VZQ,1,5.0,0.8134
B001K4B9EQ,3,3.6667,0.8732
B001K5GK3A,1,5.0,-0.2732
B001K9TK24,2,3.0,0.6176
B001KEF8PM,1,5.0,0.9577
B001KEFNNE,2,5.0,0.9524
B001KEH2MO,1,3.0,0.9533
B001KEWW7E,2,5.0,-0.0524
B001KGDMFI,4,2.75,0.7721
B001KHHYH4,1,5.0,0.8643
B001KJ7FOY,4,4.5,0.8628
B001KJSPQQ,2,5.0,0.4884
B001KN92IC,3,3.0,0.3398
B001KNASEO,4,3.75,0.7679
B001KNB92Y,1,5.0,0.802
B001KNC9KA,1,4.0,0.9766
B001KNC9VE,1,5.0,0.9272
B001KNF5EC,1,3.0,0.1779
B001KNFYCA,1,5.0,0.9917
B001KNFYES,1,5.0,0.9887
B001KNO0HU,1,3.0,0.9927
B001KNOAZC,1,5.0,0.98
B001KNPZXI,1,5.0,0.9933
B001KNTULQ,1,4.0,0.7184
B001KP8EO8,3,5.0,0.7578
B001KPF720,1,2.0,-0.0258
B001KPI2D6,1,4.0,0.9967
B001KPL1PM,1,5.0,0.6908
B001KPLX4Q,1,4.0,0.9939
B001KPLXPK,1,4.0,0.9766
B001KPO1EA,1,4.0,0.9939
B001KPPRD4,1,5.0,0.8553
B001KPUHJ8,1,1.0,0.4767
B001KQ0LXO,1,1.0,0.6124
B001KQ7JDE,2,5.0,0.9745
B001KQ9L26,2,5.0,0.8956
B001KQAR24,19,4.2105,0.6594
B001KQJLDK,1,5.0,0.8692
B001KS8TKY,1,5.0,0.8519
B001KT60G8,1,5.0,0.4588
B001KT9ZUG,1,1.0,0.6041
B001KT9ZXI,1,3.0,0.0
B001KTA03C,29,4.7241,0.8839
B001KU0PEK,1,5.0,0.9769
B001KU2TZI,2,3.5,0.6261
B001KULK12,1,3.0,0.4767
B001KUOELU,1,5.0,0.875
B001KUOFXM,1,5.0,0.7096
B001KUOG54,1,5.0,0.9246
B001KUOGKY,1,5.0,0.9538
B001KUOGUE,1,5.0,0.9816
B001KUOH26,9,4.6667,0.7056
B001KUQG3O,5,3.4,0.5719
B001KUQGHA,1,1.0,-0.4404
B001KUQIU0,1,5.0,0.8689
B001KUQJ7W,1,5.0,0.9955
B001KUSKHY,1,4.0,0.9265
B001KUSKUQ,1,5.0,-0.2023
B001KUSL0K,1,5.0,0.969
B001KUSL1E,1,5.0,0.9806
B001KUSLGY,24,3.5417,0.4245
B001KUULIK,1,5.0,0.9886
B001KUULNU,2,3.0,0.8092
B001KUULXA,1,3.0,0.8591
B001KUUMYS,1,5.0,0.0183
B001KUUNP6,1,5.0,0.9628
B001KUUO1E,1,5.0,0.9585
B001KUUO4G,1,5.0,0.6249
B001KUUODC,1,1.0,0.3818
B001KUUOH8,1,5.0,0.807
B001KUUOI2,1,5.0,0.9485
B001KUUONW,1,5.0,0.9042
B001KUUOQ4,1,5.0,0.9682
B001KUVTM2,8,5.0,0.8265
B001KUWCWS,1,5.0,0.8173
B001KUWDMW,2,5.0,0.9044
B001KUWEL2,1,4.0,0.8516
B001KUWEMQ,1,5.0,0.9022
B001KUWENU,1,4.0,0.9716
B001KUWEOO,1,5.0,0.7579
B001KUWFL6,2,5.0,0.7635
B001KUWFPC,10,4.4,0.9058
B001KUWFXY,2,5.0,0.7252
B001KVLDBI,1,4.0,0.7374
B001KVNDM0,2,4.5,0.4337
B001KVPBS4,23,4.5652,0.8504
B001KVPC0G,6,4.5,0.9202
B001KVPC8I,8,4.375,0.6873
B001KVRJ7K,1,4.0,0.8555
B001KW59RQ,1,4.0,0.9337
B001KW8TX2,1,5.0,0.989
B001KW8UVI,1,5.0,0.4019
B001KW9QCK,1,2.0,0.8225
B001KWCW0I,1,4.0,-0.6553
B001KWEZTO,9,4.4444,0.5978
B001KWF2O6,2,5.0,0.8312
B001KWGUII,1,5.0,0.5994
B001KWH7TY,1,5.0,0.9648
B001KWVFKG,1,1.0,-0.4588
B001KWVJCU,2,2.0,0.4129
B001KWXK36,2,5.0,0.5802
B001KWXKMM,1,5.0,0.93
B001KY0960,1,5.0,0.9459
B001KYATH4,5,4.4,0.8995
B001KYBRO8,3,4.6667,0.8304
B001KYCQXE,3,3.6667,0.3061
B001KYDXWC,1,5.0,0.9531
B001KZ0YS2,1,1.0,0.6762
B001KZ1AEY,1,5.0,0.6369
B001KZ1CG0,1,1.0,0.8658
B001KZ2T12,3,4.3333,0.9354
B001KZ7G2E,1,5.0,0.9061
B001KZMD9K,1,5.0,0.9334
B001L02AX8,1,5.0,0.9601
B001L048WO,1,3.0,0.3612
B001L04BDA,1,4.0,0.9136
B001L06354,1,5.0,0.5994
B001L0677S,2,4.5,0.933
B001L09CZ2,1,5.0,0.5994
B001L0B2BO,1,5.0,0.9804
B001L0JYLY,1,5.0,0.9501
B001L191TS,2,5.0,0.9843
B001L1ASN6,9,4.4444,0.7087
B001L1AT62,4,4.5,0.9172
B001L1DYAA,2,5.0,0.2054
B001L1H85W,1,5.0,0.0258
B001L1IQHQ,2,5.0,0.9399
B001L1IRMK,3,4.6667,0.8394
B001L1IRXE,1,1.0,0.8658
B001L1IU5E,2,5.0,0.9046
B001L1KG3I,1,5.0,0.8316
B001L1KH6Y,3,5.0,0.8218
B001L1KHBY,1,5.0,0.9062
B001L1KHPA,2,5.0,0.8524
B001L1KL2E,1,5.0,0.9395
B001L1MI70,1,5.0,0.902
B001L1MMNU,1,5.0,0.941
B001L1MOOW,2,4.5,0.8377
B001L330B6,3,3.0,0.4389
B001L477B4,1,5.0,0.4588
B001L47B9W,1,5.0,0.9501
B001L47ZG6,1,4.0,0.296
B001L48ZD8,1,5.0,0.503
B001L492LW,2,5.0,0.9318
B001L492VC,1,5.0,0.8442
B001L493S4,1,5.0,0.9628
B001L494RY,1,5.0,0.8885
B001L498EI,1,5.0,0.9414
B001L499M4,1,5.0,0.9656
B001L4B10C,4,4.5,0.8755
B001L4COIK,2,5.0,0.3334
B001L4CPJI,1,3.0,0.4404
B001L4D01A,1,5.0,0.6249
B001L4EMBC,1,5.0,0.9414
B001L4EME4,8,4.125,0.5634
B001L4EWOO,1,5.0,0.836
B001L4EXSO,1,4.0,0.8481
B001L4GGM0,2,4.5,0.8306
B001L4JEXS,2,5.0,0.8974
B001L4JH5I,23,4.5217,0.7609
B001L4NHKE,1,5.0,0.4404
B001L4NJ1G,1,5.0,0.8074
B001L4NJTS,1,5.0,0.8481
B001L4NOO8,1,5.0,0.4201
B001L4OMI0,1,5.0,0.4215
B001L4U298,2,5.0,0.5774
B001L4YYYC,2,5.0,0.9827
B001L51US4,2,5.0,0.5702
B001L54X74,2,5.0,0.9294
B001L6WPYG,1,2.0,0.982
B001L70JBG,2,4.0,0.8445
B001L70ZX8,1,4.0,0.4754
B001L71L0O,1,3.0,0.8029
B001L73DMI,1,4.0,0.9274
B001L7DCKQ,1,5.0,0.8689
B001L7PDTO,1,5.0,0.8973
B001L7RZZ4,1,5.0,0.4927
B001L7UP2Y,1,1.0,0.503
B001L7XT7C,1,5.0,0.6712
B001L7XU6C,1,1.0,-0.296
B001L7Y1I8,2,5.0,0.443
B001L883QS,1,5.0,0.9666
B001L8DOFI,2,3.0,-0.2533
B001LDAE4C,5,4.0,0.4045
B001LEUZD6,1,5.0,0.802
B001LFEUCM,14,3.7857,0.7925
B001LFJKEA,1,5.0,-0.3612
B001LFW8F8,2,3.5,0.4913
B001LG940E,63,3.6825,0.8601
B001LG945O,56,3.4107,0.8632
B001LGG9K2,1,5.0,0.8834
B001LGGH2C,5,4.0,0.8264
B001LGGH40,61,3.5082,0.8617
B001LGGH54,58,3.2931,0.8385
B001LGORNI,1,5.0,0.8779
B001LIQGOY,1,1.0,0.5574
B001LIQPIQ,1,5.0,0.9711
B001LK2OYI,2,3.0,0.9244
B001LK4CPM,1,5.0,0.9565
B001LM2J0A,1,4.0,0.0772
B001LM2KXG,1,3.0,0.6597
B001LM5V64,1,5.0,0.9245
B001LM5VDM,1,5.0,-0.7717
B001LM7QJ4,1,5.0,0.9821
B001LMMCRU,1,4.0,0.7269
B001LMNXFA,1,5.0,0.7096
B001LMT1CY,3,4.3333,0.6879
B001LN2QU2,3,5.0,0.833
B001LN4IZS,4,5.0,0.869
B001LNHQ34,6,5.0,0.8415
B001LNJFY2,1,5.0,0.7579
B001LNLW16,4,5.0,0.7687
B001LNLW5M,6,3.6667,0.5499
B001LNMXQO,2,2.5,0.5838
B001LNR8KK,1,5.0,0.6845
B001LNSRT6,1,5.0,0.8832
B001LNTY70,35,4.5429,0.8266
B001LNUKE6,2,5.0,0.956
B001LNUWIA,1,5.0,0.7845
B001LNWITQ,1,5.0,0.7184
B001LNZG9U,1,3.0,-0.1027
B001LO1A0S,3,5.0,0.9168
B001LO1BF2,1,5.0,0.7819
B001LO37PY,4,5.0,0.5503
B001LO4YOC,1,3.0,0.25
B001LO4YZQ,1,5.0,0.9623
B001LO509K,1,5.0,0.4404
B001LO511W,3,5.0,0.4314
B001LQCOIS,40,3.675,0.7503
B001LQNHZW,1,3.0,0.6161
B001LQNUO0,1,5.0,0.875
B001LQNUPO,1,1.0,0.6486
B001LQNVOE,1,2.0,0.7096
B001LQNVTE,1,5.0,0.6369
B001LQNWES,1,5.0,0.743
B001LQNWRK,1,3.0,0.9441
B001LQNX4M,1,5.0,0.8805
B001LQNX8S,1,1.0,0.913
B001LQNXDI,1,5.0,0.9246
B001LQNXOC,4,3.0,0.6187
B001LQO1PC,1,5.0,0.9274
B001LQPU5C,1,4.0,0.234
B001LQPVWO,1,4.0,0.9873
B001LQPW3C,2,5.0,0.92
B001LQPW9G,1,5.0,0.883
B001LQR9R4,1,3.0,0.9837
B001LQRATG,1,2.0,0.8591
B001LQRC3K,2,4.5,0.8682
B001LQRCH6,5,4.2,0.8619
B001LQRFLE,1,5.0,0.9337
B001LQRKC8,2,5.0,0.69
B001LQTCQA,2,3.0,-0.1564
B001LQTCV0,4,4.75,0.7944
B001LQTCY2,3,5.0,0.8315
B001LQTD4G,1,1.0,0.0772
B001LQTDBE,1,3.0,0.7351
B001LQTDZA,2,5.0,0.9012
B001LQTEF4,3,4.3333,0.5672
B001LQTGNE,3,4.6667,0.9094
B001LQTH1A,2,3.0,-0.0396
B001LQTHYW,2,4.5,0.766
B001LQTIDC,1,2.0,0.8402
B001LQTJ3Q,3,5.0,0.9697
B001LQTJ8Q,1,5.0,0.7976
B001LQTJEU,3,4.6667,0.9666
B001LQTJNQ,1,1.0,0.4472
B001LQTT9A,1,5.0,0.9169
B001LQWO8I,4,3.75,0.9334
B001LQXUU4,2,4.5,0.864
B001LR3FXK,1,5.0,0.9217
B001LULT2Q,1,5.0,0.9337
B001LUM1ZU,11,3.0909,0.8593
B001LUQ3WC,2,4.0,0.0449
B001LUQHQ4,1,5.0,0.9648
B001LVBQGY,1,5.0,0.4404
B001LW3Q5W,2,4.5,0.0386
B001LXYA5Q,19,3.2105,0.682
B001M04TC2,1,1.0,0.3182
B001M0502K,2,3.0,0.847
B001M0503E,1,5.0,0.6249
B001M0503O,1,5.0,0.9153
B001M05070,6,4.0,0.8667
B001M0507A,1,5.0,0.296
B001M0507K,3,4.6667,0.2693
B001M0508O,1,1.0,-0.7574
B001M050CA,15,4.2667,0.8047
B001M050CK,2,1.5,0.434
B001M050CU,24,4.5417,0.7473
B001M050T8,6,2.5,0.5584
B001M050VQ,3,2.3333,0.783
B001M050YI,1,5.0,0.6249
B001M051UQ,1,2.0,0.3369
B001M054E4,1,1.0,-0.6705
B001M072DK,1,5.0,0.6369
B001M072NU,2,3.5,0.7882
B001M072X0,1,5.0,0.9246
B001M072XU,1,5.0,0.91
B001M07320,1,4.0,-0.25
B001M073SO,1,5.0,0.9876
B001M0743S,2,4.0,0.8558
B001M07456,1,5.0,0.7783
B001M07460,3,5.0,0.6729
B001M0746K,1,1.0,-0.9816
B001M0749C,2,5.0,0.9
B001M0749M,1,5.0,0.9723
B001M074A6,1,5.0,0.9834
B001M074HO,1,5.0,0.5859
B001M074JM,2,5.0,0.8796
B001M074KQ,2,4.0,0.7014
B001M074LA,5,3.0,0.2071
B001M074LK,3,3.3333,0.2648
B001M074ME,6,3.1667,0.4
B001M074MY,3,4.0,0.7638
B001M074NI,1,5.0,0.9683
B001M074OW,2,5.0,0.9554
B001M074PQ,1,1.0,0.1779
B001M074Q0,7,4.5714,0.8714
B001M08XA6,3,4.3333,0.8
B001M08XBU,1,5.0,0.4588
B001M08XPG,4,4.0,0.741
B001M08XS8,1,5.0,0.9545
B001M08XU6,1,5.0,0.6309
B001M08YP0,1,5.0,0.2732
B001M08YZA,24,3.375,0.6833
B001M09ATY,2,3.0,0.6239
B001M09BHU,7,4.7143,0.5732
B001M09BKW,1,5.0,0.875
B001M09BOS,5,5.0,0.9069
B001M09BQQ,2,5.0,0.918
B001M09BS4,2,5.0,0.92
B001M09BTS,3,3.6667,0.6725
B001M0A5XY,4,4.0,0.8222
B001M0A66A,1,5.0,0.4588
B001M0A6B0,1,1.0,0.3182
B001M0A6C4,10,4.5,0.8108
B001M0A6GK,1,4.0,0.875
B001M0A6LA,1,5.0,0.9642
B001M0A6QK,2,5.0,0.9517
B001M0A6R4,2,5.0,0.8996
B001M0A8M2,1,5.0,0.936
B001M0A8W2,1,5.0,0.8074
B001M0A8XG,1,5.0,0.9637
B001M0A8XQ,2,4.0,0.2395
B001M0A8Y0,1,5.0,0.9186
B001M0AK5M,4,4.75,0.7794
B001M0AKE8,5,4.2,0.8373
B001M0AKSE,2,5.0,0.9393
B001M0AL0G,4,5.0,0.6224
B001M0AL8I,1,5.0,0.6249
B001M0ALFG,2,4.5,0.9648
B001M0ALFQ,1,5.0,0.4201
B001M0ALII,3,4.3333,0.7114
B001M0ALT2,1,5.0,0.9558
B001M0DRYI,1,5.0,0.9834
B001M0G1R8,1,3.0,0.9918
B001M0G1UK,1,3.0,0.6369
B001M0G1VO,1,4.0,0.7039
B001M0G1XW,1,1.0,0.6124
B001M0G204,2,5.0,0.9609
B001M0G2MM,1,1.0,0.128
B001M0G2NQ,2,5.0,0.8082
B001M0G2PO,5,5.0,0.9201
B001M0G2Q8,5,4.0,0.6664
B001M0UK3E,2,4.0,0.8032
B001M1950M,1,4.0,0.7845
B001M19IJK,4,4.0,0.7188
B001M1DTA4,1,5.0,0.9771
B001M1DUDU,3,5.0,0.8818
B001M1EQ60,1,5.0,0.6124
B001M1IOUE,1,4.0,0.9552
B001M1JDMM,8,4.125,0.8047
B001M1N1X4,5,5.0,0.9379
B001M1UT1G,2,2.5,0.6858
B001M1V47O,1,5.0,0.8271
B001M1V4L0,1,4.0,0.5574
B001M1V4Z6,2,4.5,0.7584
B001M1V514,1,5.0,0.9246
B001M1V54G,1,5.0,0.9201
B001M1V55K,3,5.0,0.904
B001M1V5P0,1,4.0,0.9274
B001M1V87A,2,5.0,0.9
B001M1V8U2,1,5.0,0.4019
B001M1V8ZM,2,5.0,0.902
B001M1V9HY,1,5.0,0.7906
B001M1V9MY,3,5.0,0.9082
B001M1VADM,1,5.0,0.91
B001M1YJ58,2,4.5,0.9657
B001M1YYLW,4,4.5,0.7958
B001M1YZD4,1,5.0,0.9136
B001M1Z0M4,1,5.0,0.8074
B001M1Z1IW,4,5.0,0.8912
B001M1Z2EK,1,1.0,-0.4588
B001M1Z2HW,2,3.0,0.86
B001M1ZVH8,1,5.0,0.6705
B001M20IMK,1,3.0,0.4826
B001M20WV2,1,5.0,0.9756
B001M22T54,1,5.0,0.8885
B001M22TA4,3,4.6667,0.8708
B001M23VEW,4,3.0,0.5001
B001M23W4G,2,5.0,0.7634
B001M23W50,2,3.0,0.384
B001M23W6Y,1,5.0,0.9571
B001M23WG4,1,5.0,0.9521
B001M23WY6,1,5.0,0.7351
B001M23XK4,1,5.0,0.9168
B001M23XLI,3,3.6667,0.561
B001M23YBW,1,5.0,0.8225
B001M23Z0C,1,4.0,0.9349
B001M24VX2,1,1.0,0.8632
B001M29OAM,1,5.0,0.7845
B001M2BLVM,3,4.6667,0.5955
B001M2BM34,1,5.0,0.9778
B001M2BM3O,4,4.75,0.6792
B001M2BM4I,43,4.3256,0.7881
B001M2BM84,2,5.0,0.7222
B001M2BPLI,1,5.0,0.9726
B001M2GSME,1,5.0,0.9817
B001M2X354,1,1.0,-0.2732
B001M2X55C,1,5.0,0.9018
B001M2YXPI,1,5.0,0.0
B001M54X0A,2,3.5,0.8538
B001M555O8,1,5.0,0.9655
B001M59RZQ,2,5.0,0.5249
B001M5RNTS,4,4.5,0.7798
B001MA4UKI,1,4.0,0.765
B001MBTNUE,2,5.0,0.4511
B001MBTNVI,1,3.0,0.7454
B001MBTNXQ,1,5.0,0.4754
B001MC9QB4,3,3.0,0.2936
B001MIE22Q,1,1.0,-0.5221
B001MJWTJS,3,3.6667,0.6399
B001MKG4FW,1,5.0,0.9085
B001MLZAT2,1,5.0,0.8834
B001MLZB6E,1,3.0,0.2585
B001MNE16I,1,5.0,0.8316
B001MOJXME,1,5.0,0.9307
B001MOWL8M,1,5.0,0.8952
B001MP30DG,2,4.5,0.9116
B001MQEN0O,1,4.0,0.7003
B001MSONC0,1,5.0,0.6361
B001MSTLE0,1,5.0,0.9588
B001MSZK04,3,5.0,0.8488
B001MTEWSY,1,4.0,0.8251
B001MUBY66,3,4.6667,0.884
B001MUC0PU,1,4.0,0.7845
B001MUC1A4,1,5.0,0.886
B001MUM3HA,1,5.0,-0.919
B001MURXMK,3,4.3333,0.9628
B001MUZYWQ,1,5.0,0.8971
B001MUZZXY,1,5.0,0.8074
B001MV0006,1,1.0,0.9675
B001MWRT0Y,5,4.0,0.8767
B001MWRT2W,4,4.75,0.8727
B001MX71QU,1,5.0,0.926
B001MXBUZS,1,5.0,0.9754
B001N0F9IY,1,5.0,0.6369
B001N0QJ2Y,1,5.0,0.6369
B001N0WDKQ,2,5.0,0.9506
B001N1Q2J8,1,4.0,0.5719
B001N3NPV4,2,5.0,0.1081
B001N3RFFQ,1,5.0,0.9926
B001N3RHTA,1,5.0,0.8402
B001N80ELI,5,5.0,0.9491
B001N81UN4,1,5.0,0.7414
B001N8599K,2,5.0,0.9258
B001N87KRE,1,5.0,0.9571
B001N9V56K,1,5.0,0.9609
B001NA6QQ8,1,4.0,0.9942
B001NASPPI,2,5.0,0.2072
B001NAUGWS,1,5.0,0.8481
B001NAW0VS,4,3.75,0.771
B001NC8HQS,2,5.0,0.5561
B001NC8HS6,5,5.0,0.8982
B001NCB2V0,1,3.0,0.9901
B001NCD0PG,1,5.0,0.8591
B001NCGXPA,1,1.0,-0.4939
B001NCI9WK,1,5.0,0.8807
B001NCJX1Q,1,5.0,0.8834
B001NCKGGC,1,5.0,0.7783
B001NCM89K,2,5.0,0.3666
B001NCMP66,1,1.0,0.5106
B001NCO082,1,1.0,-0.6801
B001NDEYPA,1,5.0,0.802
B001NDEZ9A,1,5.0,0.994
B001NDHLQO,1,5.0,0.9925
B001NDZXV4,1,5.0,0.93
B001NEOZYY,1,2.0,0.0
B001NG332W,2,4.0,0.066
B001NG3XGI,1,1.0,-0.5423
B001NG3XHC,1,4.0,0.7569
B001NG71ZM,1,5.0,0.5719
B001NG72AG,1,4.0,0.8122
B001NG72HO,1,1.0,-0.4927
B001NG72JW,2,5.0,0.8758
B001NG72RY,1,5.0,0.3991
B001NG72UQ,2,5.0,0.8023
B001NGASBG,2,4.5,0.9362
B001NGASNY,2,4.0,0.8222
B001NGASS4,1,4.0,0.9628
B001NGAT0Q,2,3.0,0.7896
B001NGAT2O,1,2.0,0.8267
B001NGAT60,2,5.0,0.9071
B001NGAT9W,1,5.0,0.939
B001NGATEM,1,4.0,0.9953
B001NGATQA,1,1.0,0.9273
B001NGAY7O,1,1.0,0.34
B001NGJBWS,1,5.0,0.8779
B001NH0A0O,1,3.0,0.6808
B001NH1VUC,1,5.0,0.8984
B001NH1W3I,1,1.0,-0.6764
B001NH5I4M,1,1.0,0.6115
B001NH5J4Q,1,5.0,0.886
B001NH727I,1,1.0,-0.2732
B001NH728M,1,5.0,0.9595
B001NI0FJO,1,5.0,0.8832
B001NIRLZU,1,4.0,0.7501
B001NIZU9Y,2,5.0,0.9546
B001NIZUA8,1,5.0,0.9661
B001NJGA7Y,7,4.2857,0.7444
B001NJI7GQ,6,4.3333,0.7746
B001NJJOCW,2,4.0,0.3922
B001NJKIQ8,1,5.0,0.5423
B001NJMLTU,3,4.6667,0.7808
B001NJNN6A,1,5.0,0.7906
B001NLH8EQ,1,3.0,0.9666
B001NN531Y,1,1.0,0.8316
B001NNAUC6,3,4.3333,0.8249
B001NNB3X6,1,5.0,0.6369
B001NO6EA2,2,1.0,0.755
B001NOEBHA,1,5.0,0.6249
B001NOQ1RI,1,3.0,0.9099
B001NST0Y0,1,5.0,0.9897
B001NVAC08,1,5.0,0.92
B001NVEJKC,1,5.0,0.946
B001NW70MK,2,4.0,0.4838
B001NXHY8Y,33,4.7273,0.8477
B001NXM3GM,19,4.3684,0.8701
B001NXM3I0,29,4.1034,0.8366
B001NXOCRA,12,4.5,0.6477
B001NY01C4,3,4.6667,0.8253
B001NYRMX0,1,1.0,0.2023
B001NZLUYG,7,4.8571,0.7041
B001NZPFB0,9,4.1111,0.925
B001NZQB7C,2,3.0,0.7204
B001NZTESU,3,4.0,0.8377
B001NZUBUU,4,4.5,0.6621
B001NZUJ2A,1,5.0,0.7783
B001NZUJBG,1,4.0,0.8126
B001NZVW4O,4,5.0,0.9621
B001NZVW80,5,4.2,0.8315
B001NZVWF8,5,4.8,0.8629
B001NZW2V6,2,3.0,0.7992
B001NZXWHO,2,5.0,0.9719
B001O023FK,18,4.6111,0.7859
B001O06KG8,1,5.0,0.8834
B001O08SQI,2,4.5,0.9094
B001O0BL9E,3,3.3333,0.5206
B001O17I36,9,2.7778,0.3063
B001O1Q0NA,10,4.4,0.7588
B001O1VDXM,2,4.5,0.7585
B001O1Z5RW,2,3.0,0.3454
B001O226I2,1,5.0,0.9857
B001O2DDL6,1,2.0,0.6705
B001O2DDUM,3,4.0,0.6803
B001O2DE1U,1,5.0,0.7209
B001O2DEK6,2,5.0,0.7694
B001O2DF6O,4,4.75,0.7995
B001O2DGMC,1,4.0,0.891
B001O2DGY0,5,4.0,0.4472
B001O2DH4Y,5,4.0,0.8755
B001O2DIUC,1,5.0,0.7351
B001O2F5VC,2,5.0,0.8808
B001O2F5WQ,1,5.0,0.9393
B001O2F64I,7,3.5714,0.6921
B001O2H9WU,7,4.4286,0.8541
B001O2HA10,2,4.5,0.8843
B001O2HB5U,4,4.75,0.9374
B001O2HBIM,6,4.6667,0.6752
B001O2IWVW,8,3.375,0.7083
B001O2IX3Y,3,3.6667,0.2976
B001O2IX8E,6,2.5,0.2731
B001O2IXCK,2,3.5,0.7208
B001O2N1PY,1,5.0,0.4404
B001O2N48I,1,5.0,0.9042
B001O2OFZY,3,5.0,0.954
B001O2QWWI,1,5.0,0.9337
B001O3DQ2Q,1,4.0,0.5423
B001O3U7AK,15,4.7333,0.8225
B001O4EKJI,3,5.0,0.9017
B001O4FPDI,2,3.0,0.8397
B001O4GMDU,1,3.0,0.8514
B001O5UBDG,1,5.0,0.9628
B001O6YB72,1,5.0,0.9565
B001O6ZGH6,4,5.0,0.5499
B001O7DEMY,1,5.0,0.9704
B001O832FC,1,5.0,0.9062
B001O832J8,1,2.0,0.5994
B001O88NG0,1,5.0,0.9774
B001O8API4,2,4.5,0.4358
B001O8KJNU,2,4.5,0.1372
B001O8KQP6,1,5.0,0.8481
B001O8KR4Q,1,5.0,0.91
B001O8MMUI,1,2.0,0.8225
B001O8MOMO,1,5.0,0.98
B001O8MPDW,1,5.0,0.9001
B001O8NLO4,1,5.0,0.2732
B001O8NLV2,1,1.0,-0.4404
B001O8NN24,1,5.0,0.9838
B001O8NRAC,1,5.0,0.8834
B001O8PKV6,2,5.0,0.6043
B001O8PMQE,1,5.0,0.9788
B001O8PRZA,1,4.0,0.7184
B001O8WHZS,2,5.0,0.1818
B001OBVZGM,1,3.0,0.6486
B001OCBSS6,1,5.0,0.891
B001OCBSZO,3,4.3333,0.426
B001OCBT3U,20,4.05,0.8202
B001OCBTKI,1,5.0,0.9186
B001OCG0AM,1,5.0,0.9565
B001OCG0O8,2,4.5,0.8962
B001OCG0Z2,3,5.0,0.9387
B001OCG1A6,3,5.0,0.9111
B001OCKI5U,7,4.7143,0.7364
B001OCKIBY,23,4.1739,0.8546
B001OCKIP0,43,4.2093,0.9026
B001OCKIUA,1,5.0,0.25
B001OCKIZA,1,5.0,0.891
B001OEH48W,1,3.0,-0.25
B001OEK3GC,1,5.0,0.9672
B001OFC4EA,1,5.0,0.6124
B001OFCIOG,1,5.0,0.8225
B001OFHM2Y,1,3.0,0.6369
B001OGL256,1,5.0,0.4588
B001OHA1X4,1,3.0,0.8934
B001OHX1ZY,26,4.1538,0.7207
B001OHX96U,1,5.0,0.8576
B001OI196Q,1,5.0,0.6705
B001OI5VTW,1,4.0,0.6249
B001OKC6CA,2,5.0,0.7712
B001OKGBAS,1,5.0,0.9769
B001OKM8MS,1,5.0,0.9675
B001OLUIJM,1,2.0,0.9509
B001ONPMN2,7,3.2857,0.6748
B001ONPMOG,6,4.3333,0.843
B001ONPMQ4,2,5.0,0.5596
B001ONPN22,4,4.0,0.413
B001ONPN40,1,5.0,0.836
B001ONPN9K,1,5.0,0.969
B001ONQ9EI,1,5.0,0.7574
B001ONTM3I,1,1.0,0.4391
B001ONVOAM,3,5.0,0.8434
B001ONVOC0,9,4.3333,0.5166
B001ONVOEI,1,4.0,0.9493
B001ONVOFC,1,5.0,0.5413
B001ONVON4,7,4.0,0.5348
B001ONXSBA,2,3.0,0.3111
B001ONZQRE,2,3.0,0.8211
B001OOYNDG,2,5.0,0.854
B001OQXEHK,2,3.5,0.7875
B001OVIAEC,1,2.0,-0.8658
B001OVYYLU,3,4.6667,0.93
B001OXLNNU,1,4.0,0.9417
B001OY262Q,1,5.0,0.945
B001OZ5FPA,5,4.4,0.7526
B001P05K6I,13,4.4615,0.6502
B001P05K7M,21,4.1429,0.5576
B001P05K7W,25,4.52,0.575
B001P05K8Q,27,4.4815,0.5614
B001P0RG8I,1,5.0,0.8588
B001P1V2UK,1,5.0,0.0
B001P1Y6AI,1,5.0,0.9062
B001P1YO0U,4,5.0,0.9241
B001P1YOGE,12,4.3333,0.7429
B001P1YPMC,1,3.0,0.7845
B001P1YWWK,8,4.0,0.6001
B001P201YC,2,3.5,0.6825
B001P20FCU,1,5.0,0.8843
B001P22ARI,1,5.0,0.9594
B001P22B18,1,5.0,0.7096
B001P22GHC,15,4.1333,0.8486
B001P22K5U,11,4.2727,0.6031
B001P244GI,1,4.0,0.4404
B001P2487I,1,4.0,0.8036
B001P248HS,1,5.0,0.9413
B001P2490E,1,5.0,0.9274
B001P26PBA,7,4.5714,0.4663
B001P28DHY,4,4.25,0.9593
B001P2KCXC,10,4.9,0.7062
B001P2PRUA,4,2.75,0.775
B001P3NU30,36,3.9722,0.565
B001P3NU3K,7,4.5714,0.7274
B001P3NU3U,21,4.1429,0.5994
B001P3NU44,18,3.9444,0.6278
B001P3NU4E,17,4.2353,0.7455
B001P3NU4O,24,3.9583,0.7555
B001P3PR54,41,4.439,0.72
B001P3PR5O,6,4.8333,0.8718
B001P3PR5Y,8,3.875,0.6488
B001P4FETM,2,4.0,0.5344
B001P4H57Q,2,5.0,0.7147
B001P4ITDA,4,3.75,0.7165
B001P4R23I,1,1.0,0.9749
B001P5406O,1,5.0,0.6478
B001P6G2IM,1,3.0,0.0
B001P734XC,1,3.0,0.8074
B001P7370C,2,3.5,0.961
B001P737PC,5,3.8,0.7238
B001P738IS,1,5.0,0.8834
B001P74NXM,29,4.3448,0.7543
B001P7539A,2,4.5,0.3471
B001P75CKK,6,5.0,0.1804
B001P76XAS,4,2.5,0.6867
B001P76XH6,1,5.0,0.8271
B001P76YCK,2,4.0,0.9008
B001P76YO8,3,2.0,0.4332
B001P777DU,1,4.0,0.923
B001P77C8U,1,5.0,0.7128
B001P78SW4,1,5.0,-0.1027
B001P7AZN4,5,3.4,0.3851
B001P7H4W4,1,5.0,0.7117
B001P8I4PE,9,3.8889,0.5311
B001P9FUFU,4,5.0,0.4781
B001P9KG5O,1,5.0,0.9764
B001PAS5GK,5,4.6,0.7066
B001PATNEI,3,5.0,0.9091
B001PAVI0U,1,5.0,0.7392
B001PB1B5G,1,5.0,0.0516
B001PB1C3C,1,5.0,0.4404
B001PB4LR6,4,5.0,0.6958
B001PB6L4W,1,5.0,0.9022
B001PB8014,1,5.0,-0.5269
B001PB8YE2,1,4.0,-0.3832
B001PBKZK8,5,5.0,0.1614
B001PBN5QE,2,5.0,0.7902
B001PCYJ4A,5,4.0,0.595
B001PCZ3YU,2,4.5,0.5809
B001PE1R6G,3,5.0,0.9164
B001PEWJWC,6,5.0,0.8851
B001PEZLCM,1,5.0,0.9201
B001PEZLCW,2,3.0,0.8088
B001PF1846,1,5.0,0.6697
B001PFC1A6,6,4.5,0.8466
B001PFK3UQ,2,5.0,0.5256
B001PH8CL6,1,2.0,0.9364
B001PHSPZ4,1,5.0,0.8807
B001PHUMM8,1,5.0,0.9545
B001PHVO5W,1,4.0,0.4588
B001PICX42,16,4.6875,0.7686
B001PICXJC,2,5.0,0.7891
B001PIEFTI,1,5.0,0.9774
B001PIH3MY,4,4.0,0.5708
B001PIL438,1,3.0,0.886
B001PILV5E,4,4.75,0.8588
B001PILVGI,2,5.0,0.9
B001PJQW70,1,5.0,0.9284
B001PKSER0,1,5.0,0.9413
B001PKTSQQ,3,4.6667,0.8637
B001PKTSRK,1,5.0,0.9541
B001PKTSUC,1,4.0,0.9486
B001PKUXSI,1,1.0,-0.6124
B001PKV3Z0,1,5.0,0.9349
B001PKWA5C,1,4.0,0.7003
B001PLO9YG,1,5.0,0.8655
B001PLPARG,1,5.0,0.9336
B001PM0KRU,2,5.0,0.9382
B001PMC3LQ,9,4.7778,0.9069
B001PMC3O8,9,3.5556,0.7987
B001PMC3PM,15,4.2,0.6998
B001PMC3QG,14,3.5,0.5164
B001PMCDJ8,4,4.0,0.3617
B001PMCDK2,4,4.0,0.8763
B001PMCDNY,2,5.0,0.9357
B001PMCFJQ,7,5.0,0.922
B001PMCFLY,3,4.3333,0.8416
B001PMCFMS,2,5.0,0.7992
B001PMDYT6,14,4.4286,0.938
B001PMDYV4,13,4.3077,0.7907
B001PMDYXW,17,3.6471,0.7383
B001PMDYZA,14,4.5714,0.759
B001PNCETQ,3,4.6667,0.8798
B001PNF52Y,1,5.0,0.9598
B001PNIEWM,1,1.0,0.4404
B001PNK8TO,2,5.0,0.8751
B001PNM44G,1,5.0,0.8122
B001PNUO3Y,1,5.0,0.7239
B001PNW85G,1,5.0,0.8834
B001PNXO3G,1,5.0,0.1779
B001PNYKLG,1,4.0,0.7906
B001PNYKO8,2,4.0,0.8912
B001PNYKSE,4,2.75,0.8524
B001PO7FDU,4,3.5,0.6615
B001PO7FIU,10,4.6,0.6759
B001POGTP0,2,5.0,0.7482
B001POJLPU,1,5.0,0.926
B001POMABC,1,5.0,0.7943
B001PQK2OM,1,5.0,0.9552
B001PQNV6S,16,3.4375,0.7802
B001PQOAN6,1,5.0,0.5106
B001PQOAP4,1,5.0,0.9875
B001PQOB4O,3,5.0,0.8644
B001PQREMK,1,5.0,0.765
B001PQRERU,1,1.0,-0.6249
B001PQTYN2,22,4.5909,0.5587
B001PR1AZG,2,5.0,0.8878
B001PUEEUQ,1,1.0,-0.3304
B001PUFBLM,2,2.5,0.6918
B001PUHFF2,3,4.0,0.7157
B001PUHJSK,2,4.0,0.8764
B001PV1V9C,1,5.0,0.93
B001PYXMV4,2,5.0,0.9586
B001PYZY7Y,1,5.0,0.9764
B001Q2MMZM,1,5.0,0.9578
B001Q2MZ7W,1,5.0,0.2263
B001Q2NQ7A,1,1.0,0.0
B001Q51RU0,2,2.5,0.9136
B001Q54UIQ,1,5.0,0.8402
B001Q721IA,1,5.0,0.9062
B001Q9C8CM,1,3.0,0.7184
B001Q9EFVY,16,4.25,0.9025
B001Q9EFW8,18,4.1667,0.8628
B001Q9EGFE,15,4.1333,0.8398
B001Q9EGFY,12,4.25,0.9548
B001QA2Q8M,2,5.0,0.6899
B001QCKS4O,3,1.0,0.4022
B001QCSHLK,1,1.0,0.8481
B001QD1XBK,1,3.0,0.3551
B001QD5XHK,1,5.0,0.9595
B001QD70KI,1,5.0,0.9859
B001QE7J2G,26,3.8077,0.5691
B001QE7LFG,2,5.0,0.851
B001QE7MV4,1,5.0,0.7717
B001QE7Q1A,1,5.0,0.2732
B001QE7RJQ,3,3.6667,0.4289
B001QE7S4K,1,5.0,0.9807
B001QE8W54,1,5.0,0.9869
B001QE91DQ,4,1.5,0.4638
B001QE91KE,3,3.6667,0.8193
B001QE96CW,8,4.5,0.6277
B001QEAUZO,10,4.3,0.5494
B001QEB1WK,1,5.0,0.9595
B001QEB3D2,4,3.75,0.79
B001QEB3E6,4,5.0,0.763
B001QEB6RU,1,5.0,0.1531
B001QEB7Z6,1,5.0,-0.6705
B001QEB8A0,1,5.0,0.3446
B001QEEXCK,24,4.375,0.6689
B001QEEZX2,2,5.0,0.7465
B001QEF4RS,5,4.0,0.8559
B001QEF4XC,3,5.0,0.5178
B001QEGGAM,1,5.0,0.6573
B001QF5Q1G,1,5.0,0.9022
B001QGKFY8,1,5.0,0.886
B001QHPQNC,1,5.0,0.9147
B001QHRMRU,1,5.0,0.7783
B001QHYD6I,1,5.0,0.9585
B001QIOVSM,1,5.0,0.9698
B001QJW57U,1,5.0,0.9889
B001QK45EK,3,2.3333,-0.0222
B001QKC6BO,2,5.0,0.8844
B001QKE59U,4,5.0,0.9406
B001QKFZRG,1,5.0,0.8885
B001QKGLOM,1,3.0,0.9313
B001QMKF5Q,1,5.0,0.8439
B001QOQIKK,2,3.0,0.899
B001QQ9RW4,2,5.0,0.7897
B001QQDFKY,1,3.0,0.985
B001QQWB3G,1,2.0,0.6908
B001QRU5RY,2,5.0,0.7366
B001QRWA8G,1,5.0,0.8316
B001QTKZKY,1,1.0,0.8321
B001QTKZOA,2,5.0,0.4326
B001QTN5V0,1,5.0,0.9393
B001QTP9SC,6,4.8333,0.8824
B001QTRF70,1,5.0,0.988
B001QTRG6U,2,5.0,0.9232
B001QTRGAQ,1,5.0,0.9873
B001QTRGCE,1,5.0,0.2732
B001QTSV6Y,2,5.0,0.8555
B001QTUCMK,1,5.0,0.875
B001QVA42Q,1,3.0,0.7906
B001QVK0D4,1,5.0,0.6369
B001QVY3QY,1,5.0,0.34
B001QW2YGY,3,5.0,0.9303
B001QW34QI,1,5.0,0.9303
B001QW6LMW,3,5.0,0.9552
B001QWBU3M,1,5.0,0.8676
B001QWCANG,2,5.0,0.9441
B001QWEL1U,2,3.0,0.4467
B001QX2IH8,3,1.3333,0.5024
B001QXC8E6,10,3.7,0.4683
B001QXC8JG,1,3.0,-0.802
B001QXC8KK,2,5.0,0.6287
B001QXYL3M,1,5.0,0.9792
B001QXYQFK,3,5.0,0.9487
B001QXYRR2,1,5.0,0.936
B001QXYZ4M,1,5.0,0.7906
B001QXYZE2,1,5.0,0.9349
B001QXZ0UA,4,3.25,0.4641
B001QXZ6KE,2,5.0,0.8584
B001QXZ7L2,2,4.0,0.4715
B001QXZ8ES,5,4.6,0.7916
B001QXZ94C,1,5.0,0.8885
B001QXZA0K,1,3.0,0.4641
B001QY03TC,5,4.2,0.5684
B001QY04Q4,1,5.0,0.8591
B001QY0SA6,1,3.0,0.0516
B001QY27AU,3,5.0,0.9069
B001QY29L2,1,4.0,0.7845
B001QY2PSE,1,3.0,0.8271
B001QY4SH0,2,4.0,0.9418
B001QY75DE,1,5.0,0.9612
B001QYAYO6,2,4.5,0.705
B001QZYFOU,1,4.0,0.6369
B001QZZ1J8,5,4.6,0.8793
B001R1CBNA,1,4.0,0.8555
B001R1E250,1,5.0,-0.1531
B001R1LRPS,3,2.0,0.0391
B001R1T0XY,3,4.6667,0.8614
B001R2Q1SA,1,3.0,0.7845
B001R2S6JM,1,1.0,-0.7003
B001R2S6M4,1,4.0,0.4927
B001R2U9OW,1,5.0,0.9393
B001R300WM,3,4.6667,0.902
B001R30112,1,2.0,0.4404
B001R3BQC0,1,2.0,-0.5859
B001R3BQNY,6,4.8333,0.9056
B001R3CH82,3,4.0,0.7814
B001R3CHGO,1,3.0,0.9867
B001R3CI7W,3,3.6667,0.5102
B001R3VEY0,1,5.0,0.8979
B001R5QS0S,1,1.0,0.4588
B001R5QTU2,1,5.0,0.128
B001R699GM,1,4.0,0.9583
B001R6HC2A,3,3.0,0.8679
B001R79DO4,1,5.0,0.8658
B001R7OKFQ,5,4.2,0.3303
B001R7VT7S,1,5.0,0.9062
B001RBUPJC,1,3.0,0.9473
B001RC242C,2,5.0,0.938
B001RCQZ1I,3,5.0,0.9024
B001RCQZW2,1,5.0,0.5106
B001RDWCZ0,1,5.0,0.998
B001RGY5FW,1,5.0,0.9274
B001RIW8AO,1,3.0,0.9349
B001RIXSMG,3,3.0,0.2395
B001RIXSNK,1,3.0,0.4173
B001RIXU9M,2,3.0,-0.0712
B001RIXUS8,1,3.0,0.7478
B001RIXVGO,3,3.6667,0.8993
B001RJ1FAW,5,4.2,0.6855
B001RJ1FWK,1,5.0,0.8832
B001RJ1G56,1,4.0,-0.2263
B001RJ7BZ0,1,1.0,0.8442
B001RJ7CFE,2,3.0,0.8898
B001RJ7D26,7,2.5714,0.7549
B001RJ7D9E,2,5.0,0.8248
B001RJ91IK,1,3.0,0.9152
B001RJ9266,4,4.25,0.496
B001RJIZGO,1,5.0,0.926
B001RK3NDI,5,4.4,0.882
B001RMB4WI,1,4.0,0.5233
B001RMC0YE,1,1.0,0.6124
B001RN1IF0,1,5.0,0.8689
B001RN1O0E,1,4.0,0.8363
B001RN2VQU,1,5.0,0.7717
B001RN2W6O,1,5.0,0.9192
B001RN8H1S,2,4.0,0.872
B001RN8HJK,4,4.75,0.8921
B001RN8HRW,1,5.0,0.659
B001RNAL76,1,5.0,0.836
B001RNE870,1,5.0,0.9217
B001RNHITU,1,5.0,0.223
B001RNTAK0,4,5.0,0.5228
B001RNX4W0,3,4.6667,0.6643
B001RNYED8,1,4.0,0.9415
B001RO6Z3O,1,5.0,0.8885
B001ROJ3FQ,1,5.0,0.6597
B001RQEMWI,1,5.0,0.9666
B001RQJDJ0,1,5.0,0.8176
B001RQOY94,6,4.3333,0.7794
B001RRAOA6,1,5.0,0.9081
B001RRATKG,1,5.0,0.818
B001RRPJVA,1,5.0,0.983
B001RV50S8,3,1.0,0.3781
B001RV50SS,2,3.0,-0.1864
B001RV8CGK,2,3.5,0.661
B001RV8CHY,3,4.3333,0.743
B001RV9XJA,2,2.0,0.6746
B001RVA5UQ,1,5.0,0.9313
B001RVCDME,7,4.1429,0.8822
B001RVCDNS,2,4.0,0.9222
B001RVCR3Y,2,4.5,0.8041
B001RVE87M,1,3.0,0.9313
B001RVEJ0I,1,1.0,0.967
B001RVEKCA,1,2.0,0.9232
B001RVFDOO,67,4.1642,0.759
B001RVFEP2,106,4.3585,0.7029
B001RVFERK,91,4.2308,0.7269
B001RVXTD6,1,3.0,0.9833
B001RYSEFG,1,4.0,0.1779
B001S0NUNA,1,4.0,0.8225
B001S34CUW,1,1.0,-0.1531
B001S38AK0,2,4.5,0.9417
B001S3D794,1,5.0,0.9604
B001S3FR92,1,2.0,-0.802
B001S3LWQ4,1,2.0,0.9433
B001S3LWRI,1,5.0,0.4404
B001S3MSDA,1,4.0,0.9602
B001S3NZ1O,1,5.0,0.9217
B001S3O5Q8,1,3.0,0.4019
B001S49ZWG,1,5.0,0.9886
B001S4HALY,1,2.0,0.886
B001S8TR34,1,5.0,0.9648
B001SAMKCW,6,4.1667,0.6152
B001SANZHQ,1,5.0,0.9647
B001SANZSA,1,4.0,0.7778
B001SAO0HU,1,5.0,0.984
B001SAO1IS,1,5.0,0.7264
B001SAO534,1,5.0,0.8316
B001SAO77S,1,5.0,0.5859
B001SAOAQQ,1,3.0,-0.5859
B001SAODN6,1,5.0,0.9325
B001SAOE5I,3,5.0,0.7193
B001SAOEEE,1,5.0,0.9524
B001SAOFJS,1,4.0,0.9925
B001SAOFNE,1,5.0,0.4019
B001SAOHWI,3,3.3333,0.8456
B001SAOMBY,2,5.0,0.8344
B001SAOO2Q,3,3.3333,0.0263
B001SAOO6W,1,4.0,0.8281
B001SAQ546,3,3.6667,0.7944
B001SAQ56O,1,5.0,0.9136
B001SAQ640,1,1.0,0.3818
B001SAQ7GM,1,4.0,0.5719
B001SAQ7TO,1,4.0,0.9118
B001SAQA8W,4,4.75,0.772
B001SAQB2W,1,5.0,0.9408
B001SAQCNA,2,3.0,0.4759
B001SAQDKM,4,4.0,0.5712
B001SAQDT8,1,5.0,0.9685
B001SAQDYS,4,4.25,0.8172
B001SAQG18,3,3.3333,0.6972
B001SAQHKI,1,5.0,0.2944
B001SAQKUU,1,2.0,0.8176
B001SAQL3Q,1,5.0,0.6369
B001SAQOKQ,2,5.0,0.872
B001SAQSXY,1,2.0,0.4404
B001SATNT0,1,5.0,-0.5106
B001SATO4E,1,5.0,0.9118
B001SATPU2,1,5.0,0.9081
B001SATSGI,2,3.0,0.0452
B001SATUF2,2,4.0,0.8756
B001SATW46,2,5.0,0.817
B001SATWUA,2,5.0,0.9124
B001SATWWS,9,4.4444,0.7709
B001SAU1LE,1,5.0,0.9169
B001SAU2N6,3,5.0,0.945
B001SAU5SI,1,5.0,0.5719
B001SAUIEY,1,5.0,0.765
B001SAULPA,1,4.0,0.9657
B001SAUOMK,1,5.0,0.765
B001SAUPNS,1,2.0,0.9514
B001SAUUXS,1,5.0,0.9903
B001SAV03C,1,5.0,-0.357
B001SAV2E4,1,5.0,0.765
B001SAV366,1,5.0,0.8221
B001SAVK3W,1,5.0,0.9477
B001SAVL68,1,5.0,0.7906
B001SAVN20,1,1.0,0.4588
B001SAVRMQ,1,1.0,-0.4404
B001SAVSNO,1,5.0,0.6369
B001SAVT1U,1,5.0,0.9729
B001SAVT2E,1,5.0,0.4404
B001SAVT74,1,5.0,0.9775
B001SAVU46,2,5.0,0.2815
B001SAVUHI,1,5.0,0.9246
B001SAVV5Y,2,5.0,0.7583
B001SAVVV8,1,4.0,0.8625
B001SAVX20,1,5.0,0.6478
B001SAVY5G,1,2.0,0.8928
B001SAVYFG,1,5.0,0.1109
B001SAVZ3W,1,5.0,0.4902
B001SAW0G8,1,3.0,0.7713
B001SAW7RA,1,5.0,0.8074
B001SAW8JC,1,5.0,0.9081
B001SAW93C,1,1.0,0.6808
B001SAW9IW,1,3.0,0.6249
B001SAW9ZK,1,5.0,0.9118
B001SAWE2I,1,5.0,0.802
B001SAWJN2,1,5.0,0.8658
B001SAWOIM,1,5.0,0.1027
B001SAWQ8A,1,5.0,0.8481
B001SAWQI0,1,4.0,0.9882
B001SAWS4C,3,3.6667,0.764
B001SAWSTM,1,5.0,0.8347
B001SAWUXG,1,5.0,0.8074
B001SAWYIM,1,5.0,0.9409
B001SAWZOK,7,4.8571,0.3842
B001SAX0EE,1,5.0,0.9617
B001SAX2CE,2,5.0,0.8005
B001SAX5CQ,3,4.0,0.7989
B001SAX7XS,1,5.0,0.9719
B001SAX8WS,1,5.0,0.9272
B001SAXKYO,1,5.0,0.8625
B001SAXMAQ,1,5.0,0.9796
B001SAXMHE,1,5.0,0.8271
B001SAXNE6,4,4.0,0.9166
B001SAXPEO,37,3.973,0.6617
B001SAXVFM,12,4.5,0.7411
B001SAXWME,1,3.0,0.8126
B001SAY0DE,1,5.0,0.9402
B001SAY0DO,1,5.0,0.8858
B001SAY1FG,1,1.0,0.6798
B001SAY5NE,1,1.0,0.4404
B001SAY7BO,5,3.0,0.5017
B001SAY8ZO,1,5.0,0.9517
B001SAYFK2,1,5.0,0.2023
B001SAYGJC,1,5.0,0.9744
B001SAYK5W,1,5.0,0.2498
B001SAYKJS,1,1.0,0.7579
B001SAYMUK,1,5.0,0.5267
B001SAYOQW,1,2.0,0.7351
B001SAYOYE,1,5.0,0.7906
B001SAYPTS,1,4.0,0.7096
B001SAYQ2O,2,5.0,0.6819
B001SAYQFQ,1,5.0,0.6124
B001SAYXPY,3,5.0,0.7553
B001SAYZJI,1,5.0,0.9495
B001SAZ0WO,1,5.0,0.936
B001SAZFCE,1,5.0,0.5719
B001SAZHFE,1,5.0,0.9869
B001SAZJ6G,2,5.0,0.8928
B001SAZJH0,2,5.0,0.8117
B001SAZK6A,1,3.0,0.1548
B001SAZKOM,1,5.0,0.8807
B001SAZL0K,1,5.0,0.5859
B001SAZNSK,1,5.0,0.938
B001SAZOM0,2,5.0,0.8642
B001SAZPW4,3,5.0,0.917
B001SAZRX6,1,5.0,0.9412
B001SAZVAU,1,5.0,0.8718
B001SAZX9Y,1,3.0,0.9569
B001SAZYMK,1,5.0,0.616
B001SB003C,1,5.0,0.9686
B001SB00M8,1,5.0,-0.4951
B001SB02UI,1,5.0,0.9121
B001SB04N8,3,4.0,0.8506
B001SB05P0,1,5.0,0.9076
B001SB06R2,1,5.0,0.9313
B001SB07XK,1,3.0,-0.5106
B001SB08KW,1,1.0,-0.5859
B001SB0A1E,1,5.0,0.8316
B001SB0A6Y,1,5.0,0.25
B001SB0DG6,1,5.0,0.7845
B001SB0DN4,3,3.6667,0.32
B001SB0FUU,1,5.0,0.836
B001SB0FXC,1,5.0,0.5719
B001SB0IGQ,2,5.0,0.8312
B001SB0LFO,1,5.0,0.9423
B001SB0X20,2,5.0,0.9461
B001SB0XRU,1,5.0,0.6597
B001SB0ZQ4,1,5.0,0.9124
B001SB12T8,1,5.0,0.9606
B001SB14FK,1,5.0,0.765
B001SB14VY,1,5.0,0.9001
B001SB1DJW,1,5.0,0.9943
B001SB1ONC,1,5.0,0.9875
B001SB1P1I,3,4.6667,0.7675
B001SB1SEM,1,5.0,0.7964
B001SB1T1E,1,5.0,-0.4512
B001SB1UQS,3,3.6667,0.3641
B001SB1WN4,1,5.0,0.3818
B001SB1X6K,1,5.0,0.7783
B001SB1XRE,1,1.0,0.0
B001SB1ZHM,1,1.0,0.4767
B001SB216G,2,5.0,0.9142
B001SB22DI,1,5.0,0.6369
B001SB22UG,1,5.0,0.8316
B001SB291S,3,4.0,0.6983
B001SB29Y0,1,3.0,0.0258
B001SB2A6W,1,1.0,-0.25
B001SB2BFC,1,5.0,-0.1531
B001SB2G7A,1,5.0,0.9738
B001SB2I9Q,1,5.0,0.9264
B001SB2J9A,1,5.0,0.6486
B001SB2L3O,1,4.0,0.4404
B001SB2SGO,2,5.0,0.7291
B001SB2SNM,1,5.0,0.7579
B001SB2SPK,2,5.0,0.9517
B001SB34JE,1,5.0,0.8519
B001SB34RG,5,4.2,0.5929
B001SB3THG,1,4.0,0.0
B001SB3UKM,2,3.0,0.3123
B001SB3W0U,1,5.0,0.8316
B001SB3WZU,1,5.0,0.8442
B001SB3XR2,2,5.0,0.9403
B001SB3YSK,1,5.0,0.9081
B001SB3ZD4,1,4.0,0.8876
B001SB3ZZ2,1,5.0,0.8999
B001SB41FU,1,5.0,0.6908
B001SB41O6,1,5.0,0.959
B001SB44PC,1,5.0,0.3956
B001SB44X4,1,3.0,0.0
B001SB4BVY,1,5.0,0.9645
B001SB4C1I,1,3.0,0.4019
B001SB4DLC,2,5.0,0.8882
B001SB4DTE,1,5.0,0.9442
B001SB4FTW,1,5.0,0.9741
B001SB4GNM,1,5.0,0.91
B001SB4IOY,1,5.0,0.9955
B001SB4IV2,1,2.0,0.9485
B001SB4QKU,2,5.0,0.9792
B001SB4S1C,1,4.0,0.991
B001SB4WQI,1,4.0,0.91
B001SB4WUO,3,5.0,0.8151
B001SB5Q36,1,5.0,0.7906
B001SB5RI0,1,5.0,0.992
B001SB5ZGO,2,4.0,0.2739
B001SB60UO,1,5.0,0.9846
B001SB62OS,1,5.0,0.9919
B001SB641E,1,5.0,0.936
B001SB68G0,1,5.0,0.9674
B001SB6A7C,4,4.5,0.6087
B001SB6AB8,2,3.5,0.9012
B001SB6C1Q,3,3.6667,0.5501
B001SB6CJ8,1,2.0,0.212
B001SB6E3M,1,5.0,0.9706
B001SB6LNK,3,5.0,0.1962
B001SB815G,1,1.0,-0.6124
B001SB85Z2,1,5.0,0.9403
B001SB864M,5,4.2,0.5414
B001SB8AZC,13,4.8462,0.7516
B001SB8BSI,1,5.0,0.802
B001SB8G2O,2,5.0,0.8675
B001SB8HM8,2,5.0,0.931
B001SB8P7K,1,5.0,0.4767
B001SB8PD4,1,5.0,0.9118
B001SBA5SC,1,5.0,0.6808
B001SBA816,1,5.0,0.9304
B001SBAC80,1,4.0,0.9196
B001SBAU5K,1,5.0,0.9769
B001SBB0A4,5,4.8,0.8872
B001SBB1QM,1,5.0,0.9863
B001SBB2BG,2,5.0,0.9051
B001SBB7L6,1,5.0,0.7906
B001SBCVDE,1,5.0,0.9542
B001SBCWEW,1,1.0,-0.5439
B001SBD1R4,1,5.0,0.7906
B001SBD3RM,1,5.0,0.9595
B001SBGNKG,1,5.0,0.9909
B001SCAL0S,1,5.0,0.9493
B001SCCO8A,2,5.0,0.6497
B001SCCON0,1,5.0,0.8316
B001SCEJ74,1,5.0,0.9493
B001SER0L4,2,4.5,0.8821
B001SH8XHG,2,5.0,0.79
B001SHURRK,1,5.0,0.8225
B001SI04VI,1,5.0,0.9468
B001SIM5UQ,1,5.0,0.4215
B001SIRNOE,1,5.0,0.8625
B001SIRU42,18,3.6667,0.6741
B001SIS14U,2,5.0,0.7093
B001SITWC0,23,3.8261,0.6239
B001SITWYS,1,5.0,0.9371
B001SITXH4,14,3.0,0.5297
B001SITYJ6,17,3.7647,0.4647
B001SITZFY,2,3.0,0.3382
B001SIU13O,3,2.0,0.8727
B001SIXXWU,13,4.4615,0.6883
B001SIXZPA,2,2.5,0.1254
B001SIY3EC,19,4.2632,0.573
B001SIY3O2,19,4.0526,0.5993
B001SIY414,14,4.5,0.6856
B001SIY5NQ,14,4.0714,0.614
B001SJ1I58,2,2.5,0.1901
B001SJHNT8,2,5.0,0.9214
B001SJR4XS,8,4.25,0.8882
B001SJR5EQ,1,5.0,0.3182
B001SJTF44,2,5.0,0.9404
B001SK3US0,1,5.0,0.128
B001SS46LM,1,5.0,0.8445
B001SS5R8S,1,5.0,0.9633
B001SS5RI8,1,4.0,0.5423
B001SSMQKU,2,4.0,0.8927
B001STPJJO,12,4.25,0.7169
B001STX13U,6,4.8333,0.7423
B001SVL1XU,1,3.0,0.802
B001T21KDE,1,5.0,0.8316
B001T3GGXM,2,2.0,0.6926
B001T3UQ8I,1,5.0,0.875
B001T48OW2,1,1.0,0.8074
B001T4QI0W,4,5.0,0.6633
B001T4UMM2,14,5.0,0.7951
B001T4WKJ0,1,5.0,0.8481
B001T4ZOK2,1,5.0,0.9
B001T4ZOL6,2,3.0,0.5232
B001T5GHUM,1,3.0,0.7996
B001T5PGN6,2,5.0,0.839
B001T6VV9I,1,1.0,0.9168
B001T73QEU,2,5.0,0.4198
B001T73QIQ,1,1.0,-0.4501
B001T7HGRS,1,5.0,0.7579
B001T7HHC2,1,1.0,-0.4939
B001T7I82U,2,4.0,0.9034
B001T7I9TW,1,5.0,0.7579
B001T7KEJK,1,5.0,0.9531
B001T7O93M,1,5.0,0.9531
B001T7OAWW,1,3.0,0.8141
B001T8I45A,1,3.0,0.7447
B001T9J552,2,4.0,0.6386
B001TBAU5E,1,4.0,0.0516
B001TD5XIQ,1,4.0,0.9287
B001TEMEFK,9,4.6667,0.8374
B001TGX88U,1,5.0,0.8689
B001TGXGRS,1,5.0,0.936
B001TGY7W6,1,5.0,0.8637
B001TH4BPI,1,5.0,0.9701
B001TH4C2A,15,4.4,0.9026
B001THPU0I,4,3.75,0.2792
B001THPU3A,8,4.875,0.8853
B001THPU76,4,4.25,0.9281
B001THPU9E,6,4.5,0.5755
B001THRQN2,2,5.0,0.9526
B001THVGBA,2,5.0,0.6215
B001THW7AO,5,5.0,0.8857
B001THX7MG,2,5.0,0.9328
B001THXOD8,1,5.0,0.8402
B001THXOFG,2,4.5,0.7836
B001THXOIS,2,5.0,0.7232
B001THXOM4,5,4.8,0.8817
B001THZ38C,1,5.0,0.7579
B001TI7BLS,1,5.0,0.0516
B001TIEVW0,1,1.0,0.5423
B001TIQPLU,1,3.0,0.2263
B001TJISSC,3,4.0,0.4673
B001TJPJ5C,1,5.0,-0.357
B001TKBUF4,1,1.0,0.6808
B001TKE2EA,1,4.0,0.128
B001TL0BIA,1,2.0,0.9612
B001TLF2M0,3,4.6667,0.7823
B001TLS8JY,2,3.0,0.8256
B001TLSOQQ,1,5.0,0.8122
B001TLY7A8,35,4.1429,0.8057
B001TLY7BM,47,4.2553,0.7779
B001TLY7DK,6,3.0,0.2018
B001TM29ZW,2,4.5,0.7725
B001TM2A24,4,3.5,0.4258
B001TM2A2Y,1,5.0,0.9426
B001TM2A3I,4,4.75,0.7835
B001TM2A60,1,5.0,0.9118
B001TM3XF2,7,3.4286,0.4459
B001TM3XHU,1,4.0,0.3612
B001TM3XI4,3,5.0,0.6233
B001TM3XJ8,2,4.5,0.9364
B001TM5U12,1,5.0,0.7906
B001TM70V0,43,4.3023,0.7994
B001TM70XS,37,4.2703,0.8261
B001TM711E,6,3.5,0.3519
B001TNW23U,1,5.0,0.9902
B001TNXSZG,2,5.0,0.7015
B001TO33IW,1,5.0,0.8934
B001TO33JG,1,5.0,0.5267
B001TO5HEU,1,5.0,0.9633
B001TOAB64,1,1.0,0.211
B001TORSC4,1,2.0,-0.2716
B001TP0EBA,1,5.0,0.9652
B001TQO2OY,1,5.0,0.9922
B001TQQ1EI,1,5.0,0.9922
B001TQQ1I4,1,2.0,0.7296
B001TQVHJW,1,5.0,0.967
B001TY6T6K,1,1.0,0.5899
B001TZJ1ZK,1,1.0,0.8402
B001TZJ2MW,1,5.0,0.8126
B001TZJ3N0,3,4.6667,0.8851
B001TZJ3OE,10,4.8,0.8573
B001TZJ3VC,1,4.0,0.8957
B001TZL6ZS,3,1.0,0.2289
B001TZMBTI,1,3.0,-0.4215
B001TZMCEC,1,5.0,0.9349
B001TZME0E,1,5.0,0.9263
B001TZPWK8,1,5.0,0.9549
B001TZPWYO,1,5.0,-0.4404
B001TZRYRM,1,5.0,0.7964
B001TZSDJK,1,2.0,0.9627
B001TZU1JA,1,5.0,0.872
B001U0ON1G,2,3.5,0.6309
B001U0ON5M,1,1.0,-0.6369
B001U1Y6U8,2,4.5,0.7214
B001U2BB1E,1,4.0,-0.7906
B001U2BLYQ,3,4.0,0.2911
B001U2FEF8,1,5.0,0.9153
B001U2GMYA,1,5.0,0.9432
B001U2GN12,1,5.0,0.9413
B001U2HRLM,1,5.0,0.1761
B001U2VKI8,2,5.0,0.9227
B001U2VV5A,1,1.0,-0.4588
B001U6A79M,1,5.0,0.9136
B001U6JSVK,1,5.0,0.8271
B001U8CED2,4,4.0,0.8596
B001U8HAM2,1,5.0,0.8689
B001U8SS64,2,5.0,0.6765
B001U91OS2,4,3.0,0.1161
B001UB0SPU,2,4.0,0.8634
B001UB7I8U,2,5.0,0.9209
B001UD1CTO,2,5.0,0.918
B001UD6730,1,5.0,0.7351
B001UD7TZA,1,5.0,0.8622
B001UDLZ9G,2,5.0,0.9238
B001UE9PC4,1,5.0,0.5256
B001UFP1QC,2,5.0,0.8264
B001UFQ2ME,1,3.0,0.8895
B001UFSOXE,3,4.6667,0.7551
B001UFU13A,1,4.0,0.9282
B001UG37BM,3,5.0,0.8409
B001UHQRQS,1,1.0,0.7261
B001UHRX1G,4,4.5,0.7884
B001UIHHF2,1,1.0,-0.6486
B001UIHKUE,1,4.0,0.8807
B001UILK1E,1,5.0,0.992
B001UJCKCG,1,1.0,-0.8555
B001UJEN6C,3,3.6667,0.3223
B001UJIFRU,7,3.8571,0.878
B001UJNVB0,1,5.0,0.9217
B001UK0EB4,1,5.0,0.9676
B001UK7LVA,1,5.0,0.5106
B001UKBDGY,2,5.0,0.7598
B001UKQPH6,1,5.0,0.9775
B001UKSV32,1,5.0,0.9775
B001UL4IYW,1,1.0,-0.9432
B001UL5JWM,5,3.4,0.6545
B001ULE64Y,1,5.0,0.4215
B001ULH7P4,18,3.5556,0.496
B001ULH8NU,2,3.0,0.7479
B001ULIGQS,2,1.0,0.6777
B001ULOTKU,29,3.6897,0.7512
B001ULOUMC,5,5.0,0.4975
B001UMKHV4,1,5.0,0.7919
B001UO33CC,1,4.0,0.9931
B001UO52TY,2,5.0,0.949
B001UO90BA,2,4.0,0.8558
B001UOW6I4,1,5.0,0.9313
B001UOW7D8,2,5.0,0.8472
B001UOZCBC,3,5.0,0.7001
B001UP1CJM,1,5.0,0.9714
B001UP2188,1,5.0,0.5719
B001UP2ULQ,1,5.0,0.9246
B001UQ2SH6,1,5.0,0.9772
B001UQA2SI,1,5.0,0.6705
B001UQAN5A,1,2.0,0.1531
B001UTDUMK,1,3.0,0.743
B001UTVQM6,1,5.0,0.9782
B001UUGLZC,1,4.0,0.9274
B001UUJ910,4,3.25,0.4982
B001UUNDMG,1,2.0,0.0772
B001UUNDOE,2,5.0,0.979
B001UUTHBC,1,5.0,0.7506
B001UUVKFS,1,5.0,0.4767
B001UV1JRQ,2,4.5,0.6474
B001UYX1JC,2,4.0,0.7345
B001V6OIX2,1,5.0,0.9022
B001V70MAO,1,4.0,0.7003
B001V76MFS,3,5.0,0.8458
B001V76MJY,1,5.0,0.9081
B001V78QUM,1,5.0,0.9042
B001V78QZW,3,4.6667,0.6358
B001V7P00G,5,5.0,0.9688
B001V8RC2O,1,2.0,0.0516
B001V911YI,1,5.0,0.9217
B001VA8MT4,15,4.6667,0.7986
B001VD5COO,1,5.0,0.9584
B001VDXO3K,9,3.7778,0.6217
B001VE26I8,1,5.0,0.9565
B001VEFHYI,1,4.0,0.9048
B001VIIXXQ,4,4.75,0.9459
B001VIRD7S,1,1.0,-0.2023
B001VIWE2W,1,5.0,0.8761
B001VIWGDY,1,5.0,0.9371
B001VIWH2Y,1,1.0,0.8591
B001VIWHNS,3,5.0,0.475
B001VIWU76,2,3.0,0.7188
B001VIWUTE,2,3.5,0.759
B001VIWV5W,1,5.0,0.8979
B001VIY77W,1,5.0,0.3612
B001VIY7O0,11,4.5455,0.7808
B001VIY830,1,5.0,0.9451
B001VIY8BW,16,3.375,0.6066
B001VIY9CA,1,5.0,-0.5106
B001VIY9E8,1,5.0,0.6124
B001VIY9KW,2,5.0,0.7612
B001VIYCK4,15,3.1333,0.7632
B001VJ09ZU,1,5.0,0.9496
B001VJ0B0I,72,3.75,0.7543
B001VJ1GWA,1,5.0,-0.8176
B001VJ1IE6,4,4.75,0.7763
B001VJ3GEQ,2,3.0,0.968
B001VJ3HG8,1,5.0,-0.7579
B001VJ3I1M,1,5.0,0.2732
B001VJ3JI4,1,5.0,0.9957
B001VJ3JRA,1,1.0,0.9324
B001VJ3K56,1,5.0,0.9674
B001VJ3L6E,2,5.0,0.9282
B001VJ3LXW,1,5.0,0.836
B001VJ5838,1,3.0,-0.0516
B001VJ58XI,1,5.0,0.9287
B001VJ5A2W,2,3.0,0.1686
B001VJ5BLC,1,3.0,0.8126
B001VJ5CXE,1,5.0,0.9957
B001VLUWVO,1,1.0,-0.8885
B001VLV61Y,1,5.0,0.0
B001VNDRKK,2,2.0,0.4882
B001VNDSK4,1,5.0,0.9618
B001VNEA9M,3,5.0,0.8884
B001VNEAG0,1,5.0,0.9771
B001VNEB3C,1,5.0,0.8342
B001VNEBEQ,1,4.0,0.9531
B001VNEBSC,5,4.6,0.8549
B001VNEC68,2,5.0,0.7602
B001VNECGI,3,5.0,0.8661
B001VNECN6,2,5.0,0.8909
B001VNECT0,2,4.5,0.8599
B001VNEDNU,1,5.0,0.9678
B001VNEHXG,1,4.0,0.2732
B001VNEICQ,5,4.0,0.5766
B001VNEII0,5,4.2,0.9123
B001VNFHLC,13,4.2308,0.7179
B001VNFI8O,1,5.0,-0.3612
B001VNFOZ6,1,5.0,0.9516
B001VNGG58,14,4.8571,0.6865
B001VNGHSO,3,4.3333,0.6518
B001VNGI10,1,5.0,0.8271
B001VNGJ5K,1,5.0,0.942
B001VNGJCI,1,5.0,0.886
B001VNGJPA,1,4.0,0.7067
B001VNGJT6,1,5.0,0.936
B001VNGJU0,5,2.4,0.3069
B001VNGJUU,3,5.0,0.9013
B001VNGJX2,2,5.0,0.3802
B001VNGK6I,2,5.0,0.0007
B001VNGKHW,3,2.0,0.5871
B001VNGLA8,2,5.0,0.8354
B001VNGLUI,2,5.0,0.576
B001VNGM2K,1,3.0,0.707
B001VNGMDE,1,5.0,0.7096
B001VNGMGG,2,4.0,0.5728
B001VNGMMK,2,5.0,0.8512
B001VNGMPM,5,4.8,0.868
B001VNGNEM,1,2.0,-0.4767
B001VNGNOC,1,5.0,0.9486
B001VNGO7S,1,5.0,0.9152
B001VNGO9G,1,5.0,0.9565
B001VNGOF0,1,5.0,-0.4404
B001VNGP22,1,4.0,0.765
B001VNGPB8,1,5.0,0.91
B001VNGPD6,2,5.0,0.9273
B001VNGPF4,1,5.0,0.8316
B001VNHZ6C,1,1.0,-0.7184
B001VNKTE2,3,4.0,0.4387
B001VNKVPE,1,1.0,0.4767
B001VNKW76,2,5.0,0.664
B001VNKWD0,1,5.0,0.5716
B001VNKWO4,1,3.0,0.3818
B001VNKZCS,1,5.0,0.9231
B001VNL00O,1,5.0,0.9718
B001VNO1NM,1,5.0,0.3368
B001VNO3B2,2,5.0,0.6206
B001VNO3W6,1,4.0,0.9022
B001VNO5RE,1,5.0,0.5141
B001VNO62S,1,5.0,0.9131
B001VNO6DW,1,5.0,0.8519
B001VNOG5U,2,5.0,0.832
B001VNP0NC,2,5.0,0.7672
B001VNP0U0,4,5.0,0.7548
B001VNP0Y6,6,4.5,0.7524
B001VNP1T0,4,5.0,0.8245
B001VNP3BQ,1,5.0,0.9643
B001VNP3R0,5,4.6,0.7044
B001VNP3ZC,1,5.0,0.3182
B001VNP4A6,2,5.0,0.8652
B001VNP528,1,5.0,0.5106
B001VNP7L2,1,5.0,0.4404
B001VNWQ2A,1,5.0,0.926
B001VP82TY,1,4.0,0.9186
B001VP88K2,1,4.0,0.765
B001VPCKV0,1,1.0,0.5719
B001VS62GQ,3,4.3333,0.6281
B001VSBWF2,7,4.1429,0.9082
B001VSXNNG,2,3.5,0.9551
B001VXHOVI,1,5.0,0.9678
B001VXYBNC,1,5.0,0.9313
B001VXYCHM,2,5.0,0.7792
B001VYM6OM,2,5.0,0.6974
B001W0XYCS,1,5.0,0.6369
B001W14THQ,3,5.0,0.663
B001W2H61G,1,5.0,0.9374
B001W3BJHC,1,3.0,0.6705
B001W3KEXC,1,1.0,0.0
B001W3OQWM,2,2.5,0.5409
B001W3OQY0,1,3.0,0.9485
B001W429IO,1,5.0,0.6369
B001W59NKA,1,5.0,0.9601
B001W5QDS0,1,5.0,0.9806
B001W7OQVE,1,5.0,0.8402
B001W929D4,1,1.0,-0.5994
B001W95MA6,2,2.5,0.4014
B001W98YAG,1,5.0,0.946
B001W9EKAO,1,4.0,0.8519
B001W9T7JI,1,5.0,0.9577
B001WAL1NM,1,3.0,-0.2944
B001WAL1NW,4,3.25,0.8921
B001WAL1O6,2,3.0,0.483
B001WAL1OG,2,2.5,0.2231
B001WAL1OQ,3,3.3333,0.791
B001WAL1P0,3,5.0,0.5547
B001WAL1PA,2,2.5,-0.0766
B001WAL1PK,2,4.0,0.7481
B001WAVUC4,2,2.0,0.7526
B001WQHEK0,2,5.0,0.676
B001WRHQRA,1,2.0,0.9305
B001WROTOI,1,5.0,0.9416
B001WX2GAG,1,5.0,-0.4215
B001X7R4MG,2,5.0,0.8575
B001X9793S,1,4.0,0.7579
B001X9GLKK,1,1.0,-0.872
B001XA0M7M,1,1.0,-0.25
B001XQSN18,1,5.0,0.9393
B001XQXZG6,1,5.0,0.967
B001XREK8C,1,5.0,0.8591
B001XSMANI,13,4.4615,0.7451
B001XUFDJ4,1,5.0,0.6597
B001XUIGG6,4,4.75,0.8074
B001XUIGNY,3,4.6667,0.9434
B001XUM9B4,3,4.0,0.6445
B001XUO8AY,8,4.5,0.8169
B001XUO9EE,5,5.0,0.8048
B001XUO9NA,1,5.0,0.9062
B001XVW3DC,4,5.0,0.895
B001XWNBWI,2,5.0,0.6155
B001XWNCMC,1,5.0,0.9325
B001XWNDEY,1,5.0,0.6124
B001XWNF4C,1,5.0,0.9933
B001XWNFSS,2,4.5,0.318
B001XWNGBE,1,5.0,0.4404
B001XWNGTQ,1,5.0,0.8834
B001XWNIAS,1,5.0,0.8316
B001XWNIUI,3,5.0,0.8517
B001XWRGS8,5,5.0,0.6293
B001XWRJTY,1,5.0,0.6908
B001XWRMAU,3,5.0,0.9148
B001XWRMXC,1,5.0,0.959
B001XWRNSG,1,2.0,0.1263
B001XWUWNE,1,1.0,-0.34
B001XX2786,1,5.0,0.8934
B001XXVZXE,1,5.0,0.765
B001XYWOKG,1,5.0,0.8481
B001YIVZ9C,1,5.0,0.9153
B001YJ2VGM,1,5.0,0.8176
B001YJ2XKG,1,5.0,0.9485
B001YJ2Y14,1,5.0,-0.1788
B001YJ2ZL8,1,5.0,0.9169
B001YJ4UYI,1,5.0,0.6597
B001YJ4Y1W,1,4.0,0.9638
B001YJ4Y6W,1,4.0,0.8074
B001YJ5LK0,1,5.0,0.9738
B001YJ6L2C,6,4.6667,0.7706
B001YJ6L4A,4,4.0,0.7676
B001YJ6M7Q,3,4.3333,0.2879
B001YJ6MMG,1,2.0,0.8126
B001YJ7Z0Y,2,4.5,0.7888
B001YJ9I68,2,5.0,0.8426
B001YJ9IM2,1,5.0,0.9062
B001YJ9JOO,1,5.0,0.9644
B001YJBLMM,14,4.2143,0.8833
B001YJBMD0,1,5.0,0.9118
B001YK5HL2,1,5.0,0.9022
B001YK8E6W,1,5.0,0.9493
B001YQM9N0,1,1.0,-0.8271
B001YXNZEU,1,5.0,0.967
B001YXNZN6,1,1.0,-0.8932
B001YXNZRC,1,1.0,0.6115
B001YXXKTK,2,5.0,0.9644
B001Z3BSMA,2,2.0,0.4074
B001Z4KOK6,1,5.0,0.886
B001Z7AEW6,3,2.3333,0.3132
B001Z7CC9O,2,5.0,0.9343
B001ZP3ZRO,1,5.0,0.9259
B001ZR6KRO,1,1.0,0.296
B001ZW71OK,2,3.0,0.7716
B001ZWHGFO,17,4.0588,0.5498
B001ZWIRKW,1,5.0,0.9937
B001ZWMMJY,4,4.75,0.5121
B001ZX6CXU,1,3.0,0.0176
B002032N5U,2,3.0,0.6583
B00206AIK4,1,5.0,0.967
B00206DS60,1,5.0,0.9912
B00206I9RS,1,5.0,0.8555
B00206JW6A,1,4.0,0.7906
B00206RYT2,3,5.0,0.9313
B002074VRY,4,5.0,0.8492
B002076V22,1,5.0,0.9531
B0020785PS,2,4.0,0.0427
B00207871A,2,5.0,0.9469
B00207UBMS,2,5.0,0.8258
B00209OGS6,1,4.0,0.9638
B0020ALBS8,3,2.3333,0.9692
B0020LNABS,7,5.0,0.8452
B0020LP6T2,1,5.0,0.8074
B0020LRFQO,1,5.0,0.5106
B0020MZNSK,1,5.0,0.996
B0020MZOPM,1,5.0,0.996
B0020NF4U6,1,5.0,0.9738
B0020NJE3E,1,2.0,0.95
B0020Q9MCY,1,5.0,0.9287
B0020ZURDI,4,3.0,0.7815
B00212EDVW,2,1.0,-0.1062
B00212HT0O,1,1.0,0.4588
B00212PQ4U,1,5.0,0.9719
B002133Z56,9,4.7778,0.7915
B002135CX4,1,4.0,0.9337
B002138O4I,3,5.0,0.9044
B00213DM72,1,1.0,0.3182
B00213ERI0,8,3.875,0.6762
B00213EU7I,17,4.4118,0.8552
B00213IAUQ,17,4.5294,0.857
B00213Z3LU,1,5.0,0.9169
B002145JO0,1,5.0,0.5423
B002146732,1,5.0,0.9462
B002147OIO,1,5.0,0.3612
B0021491QM,6,4.6667,0.8454
B002149OUK,1,5.0,0.8834
B0021GBNPC,1,1.0,0.2732
B0021GY9CG,1,5.0,0.99
B0021HTJ9I,2,4.5,0.3373
B0021I5AKE,2,5.0,0.9626
B0021I8F60,1,5.0,0.9245
B0021J6CFK,1,5.0,0.853
B0021L8WLA,1,5.0,0.9723
B0021L8XQY,1,5.0,0.959
B0021L8XR8,3,3.0,0.3415
B0021L8XRI,2,5.0,0.3066
B0021L8XRS,3,3.6667,0.7361
B0021L8XSM,1,5.0,0.7522
B0021L8XT6,8,4.25,0.7448
B0021L8XTG,6,3.6667,0.4798
B0021L9XK4,12,4.1667,0.6885
B0021LEDE0,1,1.0,0.624
B0021WJ970,1,5.0,0.9846
B0021Z4W88,1,5.0,0.9628
B0021Z4XI2,1,5.0,0.886
B0022M0M98,1,2.0,0.8532
B0022M2QI8,1,4.0,0.4404
B0022N49PK,1,4.0,0.8689
B0022N4BGC,1,1.0,0.8622
B0022N4CUW,1,3.0,-0.2732
B0022N89QK,1,5.0,0.7003
B0022N8A1E,1,5.0,0.91
B0022N8C5I,1,4.0,0.7184
B00237NV54,1,3.0,0.9501
B00237YDV0,1,4.0,0.7506
B00238ZZDO,3,4.3333,0.5358
B0023AZFIC,2,5.0,0.7043
B0023DFVCO,1,4.0,0.9601
B0023E7EOG,1,4.0,0.9218
B0023EY50M,1,5.0,0.9584
B0023JV3DO,1,5.0,0.9451
B0023QVII2,3,4.6667,0.7754
B0023UGM3O,1,5.0,0.9403
B0023UJG9Q,1,5.0,0.891
B0023UL7S4,2,5.0,0.8978
B0023USPGQ,1,5.0,0.7506
B0023V2EWG,1,5.0,0.9099
B0023V64N6,3,3.6667,0.9509
B0023V65GW,4,4.5,0.7965
B0023VBVIY,1,2.0,-0.25
B0023XKVNS,1,2.0,0.8813
B0023XMZ0A,2,4.0,0.5224
B00243FKRY,1,5.0,0.5859
B002474KRG,1,5.0,0.5719
B00247ATFS,3,4.0,0.7454
B002483SRI,1,5.0,0.9477
B002483TSQ,4,4.75,0.5885
B002483UVM,1,5.0,0.8402
B00248A9HU,2,3.0,0.418
B00248CB30,2,4.5,0.873
B00248E980,1,5.0,0.9147
B00248E9P8,1,5.0,0.9661
B00248EA8Y,7,3.1429,0.7584
B00248EE4O,25,4.64,0.8209
B0024EA8DE,3,5.0,0.8892
B0024KCOFI,1,5.0,0.875
B0024KGQJI,1,5.0,0.9426
B0024KGS1E,1,5.0,0.961
B0024L6WQE,3,4.6667,0.6149
B0024LAQ1Q,1,3.0,0.4588
B0024NKMEU,3,4.6667,0.9609
B0024NMZE0,1,5.0,0.9231
B0024NMZKE,1,1.0,0.9905
B0024NUM7W,2,3.0,0.517
B0024NUM8G,1,3.0,0.9873
B0024NXV16,1,5.0,0.9287
B0024NXVZW,2,2.0,0.0989
B0024SA0M4,1,5.0,0.9618
B0024SCJHS,1,5.0,0.9423
B0024SDYLI,1,5.0,0.889
B0024SEA6Q,1,5.0,0.9862
B0024SGY8S,1,5.0,0.9501
B0024SK3XU,1,5.0,0.9587
B0024SKWG8,2,5.0,0.9461
B0024V5LIO,1,3.0,0.4173
B0024V5LYI,1,5.0,0.3612
B0024V96PI,1,5.0,-0.3415
B0024VCX6M,1,5.0,0.8495
B0024VCZG0,1,5.0,0.9096
B0024VD730,1,5.0,0.9643
B0024VD9OM,1,5.0,0.7351
B0024VFCRO,1,1.0,0.836
B0024VFFBW,1,4.0,0.8074
B0024YDXTK,1,5.0,0.996
B00250HTYS,1,5.0,0.0
B00250HZHO,1,5.0,0.1078
B00250I1H2,1,5.0,-0.3612
B00250I61S,10,4.2,0.721
B00250M2ZY,2,4.0,0.1946
B00250TKVS,2,4.0,0.8044
B00250UD1Y,3,4.6667,0.5817
B00250UDYQ,2,4.5,0.4762
B00250UF6C,1,1.0,-0.9042
B00251CLS6,2,5.0,0.8904
B00258I5PM,3,5.0,0.5273
B0025AMRFY,1,5.0,0.8428
B0025GD3XI,1,4.0,0.8134
B0025KY478,3,5.0,0.9413
B0025OAF9K,3,4.6667,0.3123
B0025U8LRM,1,5.0,-0.471
B0025U9Y8W,1,4.0,0.7774
B0025U9YFK,1,5.0,0.9231
B0025U9ZTU,1,5.0,0.9717
B0025U9ZZY,1,5.0,0.9118
B0025UA5OO,1,5.0,0.9306
B0025UA7AG,1,5.0,0.6369
B0025UA8ZU,1,4.0,0.8126
B0025UAC4M,10,3.0,0.1473
B0025UACXI,1,5.0,0.9371
B0025UAL0M,1,5.0,0.1779
B0025UAMC4,1,5.0,0.8957
B0025UB2BE,1,5.0,0.6369
B0025UBYT4,2,4.5,0.8284
B0025UC1Y6,1,5.0,0.9217
B0025UC2DQ,14,4.4286,0.6838
B0025UC6F0,1,5.0,0.9432
B0025UC71I,1,3.0,0.7269
B0025UC9FM,1,2.0,0.1027
B0025UCA3I,1,5.0,0.7717
B0025UCA9W,2,5.0,0.9429
B0025UCAII,1,1.0,0.2732
B0025UCAO2,2,5.0,0.8837
B0025UCB1Y,1,4.0,0.9694
B0025UCD76,3,5.0,0.8417
B0025UCDBC,1,5.0,0.9156
B0025UCFQU,1,4.0,0.9583
B0025UCGKK,2,2.5,-0.2424
B0025UCGTQ,3,3.3333,0.6938
B0025UCH4U,1,5.0,0.7789
B0025UCHRC,1,5.0,0.7003
B0025UCHTU,1,5.0,0.9704
B0025UCI94,1,3.0,0.1045
B0025UCIGC,1,5.0,0.9371
B0025UCIXA,3,5.0,0.9117
B0025UCJ3E,1,5.0,0.9648
B0025UCN9O,1,4.0,0.9567
B0025UCNR6,2,5.0,0.8774
B0025UCP4W,2,2.5,0.4568
B0025UCRE0,1,5.0,0.9618
B0025UCWQI,1,5.0,0.984
B0025UJVZI,1,4.0,0.9359
B0025UK10C,1,4.0,0.9798
B0025UK51M,1,5.0,0.8658
B0025UK6MU,2,5.0,0.8898
B0025UK92C,3,1.3333,-0.1418
B0025ULL2E,1,5.0,0.7579
B0025ULWNM,1,3.0,0.3612
B0025ULYKI,3,4.6667,0.9229
B0025UM1EQ,1,5.0,0.7845
B0025UMAM4,1,5.0,0.9301
B0025UNSKW,1,2.0,0.8442
B0025UNTNS,1,2.0,0.6124
B0025UNTRE,1,5.0,0.7506
B0025UNUOQ,1,1.0,0.883
B0025UNUPK,1,5.0,0.9352
B0025UNV1S,1,1.0,-0.9578
B0025UNV72,1,5.0,0.9186
B0025UNVEU,2,1.0,0.2787
B0025UNVKY,2,2.5,0.2144
B0025UNVXQ,2,5.0,0.8159
B0025UOANG,1,5.0,0.2023
B0025UOCD4,1,5.0,0.8979
B0025UOE82,3,3.3333,0.3944
B0025UOEZ0,2,5.0,0.9298
B0025UOIF6,1,1.0,-0.3612
B0025UOJ2I,1,5.0,0.8934
B0025UOKW2,1,5.0,0.8225
B0025UOLA8,1,5.0,0.891
B0025UOMUC,1,5.0,-0.25
B0025UOMVG,3,4.6667,0.9556
B0025UOMXE,3,4.0,0.8164
B0025UOMY8,2,4.5,0.7226
B0025UOMZM,11,3.5455,0.5429
B0025UON1A,2,4.5,0.9612
B0025UONL0,1,5.0,0.8957
B0025UONO2,1,5.0,0.8885
B0025UONW4,1,5.0,0.9655
B0025UOO1Y,1,5.0,0.9545
B0025UOOAK,2,4.0,0.2454
B0025UOOBE,3,5.0,0.6268
B0025UOOBO,2,5.0,0.9764
B0025UOODW,1,5.0,0.982
B0025UOOF0,1,5.0,0.8714
B0025VF8FY,3,5.0,0.9466
B0025VF8OA,1,1.0,-0.5423
B0025VP9I0,1,1.0,0.7906
B0025VPEB2,1,5.0,0.9726
B0025VPJBM,1,5.0,0.9673
B0025VQCEA,2,3.5,0.7911
B0025VQGHS,3,1.3333,0.4791
B0025VQIYY,1,5.0,0.9612
B0025VQJK2,2,3.0,0.224
B0025VR80C,2,5.0,0.6984
B0025VR9LA,1,4.0,0.946
B0025VRCDA,1,2.0,-0.3818
B0025VRCF8,1,5.0,0.8591
B0025VRCFS,4,2.25,0.2308
B0025VRCHG,1,5.0,0.902
B0025VRCJY,1,5.0,0.7579
B0025VRGYK,1,5.0,0.9313
B0025VRK7S,1,5.0,0.8402
B0025VRKF0,1,5.0,0.9501
B0025VROPG,1,5.0,0.9705
B0025VSQ4O,1,5.0,0.9246
B0025VZPP2,1,5.0,0.8519
B0025W9A5C,1,5.0,0.9422
B0025WB9P6,1,5.0,0.9201
B0025WGHEE,5,3.0,0.5622
B0025WIAN0,1,5.0,0.9623
B0025YEF3W,1,4.0,0.74
B0025Z0RRE,3,2.6667,0.3905
B0025ZDRLW,1,4.0,0.9652
B00260030O,1,5.0,0.9612
B002603Q8U,1,5.0,0.7003
B002603QOY,1,1.0,0.0899
B00261T5UC,1,5.0,0.5267
B00263VKL2,1,5.0,0.6369
B0026443GA,1,2.0,-0.2732
B00264442S,1,2.0,0.0
B002644Z6I,1,5.0,0.9337
B00264TMWU,3,5.0,0.9177
B00264VGBK,1,4.0,-0.128
B002674AZQ,1,5.0,0.9953
B002677ISW,1,5.0,0.8173
B00267A3AC,2,5.0,0.4434
B00269DALO,1,5.0,0.9393
B00269DHTY,1,5.0,0.5574
B00269DL6S,1,5.0,0.2964
B00269FEIG,4,5.0,0.9799
B00269FEWM,2,4.5,0.8872
B00269OR3E,1,2.0,0.4404
B00269VK20,2,3.5,0.8984
B00269WURE,1,4.0,0.34
B00269WUTC,6,5.0,0.7025
B00269YMNE,1,5.0,0.946
B0026A2BS6,2,5.0,0.2994
B0026BQKT6,10,4.1,0.5856
B0026ECPB0,2,4.0,0.2002
B0026ET22U,1,5.0,0.2023
B0026GBTQA,3,5.0,0.6129
B0026GFO7K,2,5.0,0.7732
B0026GH482,2,5.0,0.8575
B0026GH4HI,1,4.0,0.9801
B0026HC97M,1,3.0,0.8357
B0026HE3SA,1,5.0,0.1531
B0026HFWZI,1,3.0,0.802
B0026HFX8E,1,5.0,0.8648
B0026HG4WS,1,5.0,0.8591
B0026HJHP4,1,5.0,0.6597
B0026HKBUE,1,5.0,0.9764
B0026HKYQK,1,5.0,0.9628
B0026HMVS4,1,1.0,-0.7579
B0026I0O14,1,1.0,-0.8481
B0026K0MCI,1,5.0,0.9911
B0026KFWU0,1,5.0,0.9643
B0026KJPYE,6,4.6667,0.5917
B0026KJQ0W,4,4.25,0.7687
B0026KNQSA,91,4.3626,0.7806
B0026KOZA8,1,2.0,-0.1027
B0026KOZAI,1,5.0,0.9694
B0026KP4GC,6,4.8333,0.8472
B0026KPDG8,111,4.3694,0.7565
B0026KZSI6,1,5.0,0.93
B0026L2MDY,1,4.0,0.4939
B0026L2MFC,1,5.0,0.8555
B0026L7BNK,4,4.5,0.7428
B0026LFEXY,5,5.0,0.9272
B0026LFFN8,4,4.0,0.5284
B0026LFGT6,5,5.0,0.9021
B0026LFHFY,3,5.0,0.7367
B0026LFIQC,1,5.0,0.707
B0026LH17Q,2,5.0,0.798
B0026LHFRW,2,5.0,0.9648
B0026LIN3C,4,5.0,0.7437
B0026LINFK,3,5.0,0.738
B0026LIO9A,2,4.0,0.6432
B0026LIQ3E,1,3.0,0.9607
B0026LIR60,1,5.0,0.7731
B0026LITWC,2,5.0,0.7414
B0026LIV8Y,1,5.0,0.89
B0026LIW1U,1,4.0,0.9729
B0026LIW6K,1,5.0,0.9001
B0026LIYFO,2,5.0,0.8508
B0026LJ6JW,4,4.0,0.8886
B0026LJQG0,4,5.0,0.8292
B0026LJQHE,1,5.0,0.9118
B0026LJRW8,5,4.0,0.5643
B0026LKJHU,1,5.0,0.6597
B0026LKJTS,3,5.0,0.826
B0026LKK7O,4,4.75,0.778
B0026LKY4S,1,5.0,0.7845
B0026LKY8E,1,5.0,0.9666
B0026LN472,9,4.4444,0.7111
B0026LNGTS,1,5.0,0.9974
B0026LQW4Y,8,4.375,0.4781
B0026M6MQ6,1,5.0,0.9545
B0026MB144,1,4.0,0.9654
B0026N8W4U,1,3.0,-0.7906
B0026O17QO,3,3.0,0.5408
B0026PCGEK,1,5.0,0.6369
B0026PENE6,1,1.0,0.9081
B0026PIQ5S,1,5.0,0.7159
B0026PVUBK,1,5.0,0.9612
B0026QNOTK,1,4.0,0.7269
B0026QR356,1,5.0,0.9307
B0026QR76G,1,3.0,0.995
B0026QR7F2,1,1.0,0.1531
B0026RB56I,6,4.3333,0.6546
B0026RHUO4,1,5.0,0.5719
B0026RHUOE,3,2.3333,0.3727
B0026RHUOO,1,5.0,0.9403
B0026RHUOY,2,3.0,0.4359
B0026RHUPI,2,5.0,0.7371
B0026RQTGE,131,4.5115,0.7281
B0026S8UVU,1,1.0,0.5859
B0026S9O60,1,5.0,0.8225
B0026SA6AI,1,5.0,0.9001
B0026SC37W,1,5.0,0.9601
B0026SDUZ6,1,5.0,0.939
B0026SETI8,1,5.0,0.8934
B0026SG1WK,1,2.0,0.4404
B0026SJN4I,1,5.0,0.9601
B0026ST9QK,2,3.5,0.6652
B0026VPVK0,7,2.4286,0.2947
B0026W9TBQ,3,4.6667,0.8121
B0026W9TG6,1,3.0,0.6437
B0026W9TLQ,1,1.0,-0.3818
B0026WHP80,8,3.75,0.6366
B0026WL126,4,4.0,0.5835
B0026WL13U,7,4.2857,0.2162
B0026WL14E,3,3.6667,0.063
B0026WL1F8,6,4.1667,0.364
B0026XT71M,1,1.0,-0.2533
B0026Y3YBK,1,5.0,0.9729
B0026YDOYM,2,4.5,0.9508
B0026YFONG,1,5.0,0.9661
B0027049E4,1,4.0,0.6124
B00270VDVQ,1,1.0,0.0
B00270YQ9M,4,4.75,0.786
B00270Z6FA,1,1.0,0.9709
B002714IUI,2,4.0,0.5921
B0027176UM,2,3.0,0.8046
B002718UM0,1,4.0,0.8974
B00271ANH0,1,5.0,0.8591
B00271CJQI,1,5.0,0.9908
B00271EP60,1,5.0,0.8481
B00271FK5A,6,5.0,0.6198
B00271LH3Y,3,4.3333,0.5701
B00271NNLI,17,2.9412,0.5757
B00271OPVU,23,4.913,0.8429
B00273AYV8,1,1.0,0.4404
B00273JIBK,1,5.0,-0.3182
B00273QP84,1,4.0,0.9393
B00275H6JE,1,5.0,0.9808
B00275OCO6,2,3.0,0.0234
B00275QA2S,1,5.0,0.8874
B00275QACI,1,4.0,0.9612
B00275QAMI,2,5.0,0.4608
B00275QCFS,1,4.0,0.5984
B00275QDMU,1,5.0,0.7964
B00275TUYI,1,4.0,-0.0772
B00276H5GW,7,4.7143,0.8466
B00279NZGI,1,5.0,0.6124
B00279NZL8,1,5.0,0.7264
B00279OMRY,1,4.0,0.5574
B00279QF1A,1,2.0,0.25
B00279XAWC,1,5.0,0.9303
B0027AAPVU,1,5.0,0.8074
B0027AR7RU,1,1.0,0.7269
B0027AWDO2,3,3.6667,0.2222
B0027C8DU8,3,4.0,0.2201
B0027CT5HS,5,4.8,0.9064
B0027DEVCG,2,5.0,0.5057
B0027DS3VG,1,4.0,0.9259
B0027E0XGS,2,5.0,0.3699
B0027E0YVM,2,5.0,0.7996
B0027E2KHI,1,5.0,0.8779
B0027E2M7Q,4,4.5,0.7308
B0027E2MT4,1,5.0,-0.4767
B0027E4O90,1,5.0,0.1082
B0027E4ROW,2,5.0,0.9644
B0027EBPV0,4,4.75,0.508
B0027EEFOE,1,4.0,0.936
B0027EFQHY,2,5.0,0.7024
B0027EFQP6,3,5.0,0.8235
B0027EL8BC,1,5.0,0.8957
B0027F4GL0,1,5.0,0.765
B0027HUUNG,1,5.0,0.3265
B0027ID92E,2,5.0,0.534
B0027ILKZM,1,1.0,0.0
B0027IM402,1,5.0,0.9118
B0027IQC5K,1,1.0,-0.25
B0027IQC6E,5,4.8,0.9487
B0027IQC78,7,4.0,0.8175
B0027IVBBK,1,5.0,0.9744
B0027IXLX6,4,3.25,0.4702
B0027J4BAW,2,5.0,0.4498
B0027J6056,1,2.0,0.9662
B0027JMZSW,1,5.0,0.3818
B0027MIP9C,1,5.0,0.9741
B0027R8YGG,3,3.6667,0.3123
B0027UDYMM,1,2.0,-0.5574
B0027UFU2E,2,5.0,0.7346
B0027UGDXE,1,5.0,0.8957
B0027UKBUA,1,4.0,0.9333
B0027UNVUM,1,1.0,0.8425
B0027UQYZQ,23,4.3913,0.8806
B0027UYD5O,1,5.0,0.7184
B0027UYT4O,13,3.6154,0.7556
B0027VG98W,1,5.0,0.8885
B0027VO330,4,3.75,0.9408
B0027XXHSK,1,4.0,0.8591
B0027XYIDI,1,5.0,0.9468
B0027YSG5S,1,5.0,0.9136
B0027YUMRS,3,3.0,0.6312
B0027YUN1S,4,2.75,0.8514
B0027YUN9K,3,4.0,0.8335
B0027YVU60,1,4.0,0.9153
B0027YVUOM,2,4.5,0.9018
B0027YVUWO,2,5.0,0.9406
B0027YVV00,2,5.0,0.9226
B0027YVVHS,1,5.0,0.9643
B0027YYXM8,1,2.0,0.9538
B0027YZBJC,3,4.6667,0.8513
B0027Z54D4,2,4.5,0.6452
B0027Z5J6G,8,4.75,0.8514
B0027Z7KN6,2,4.0,0.9222
B0027Z8V4S,3,5.0,0.854
B0027Z8VES,20,4.25,0.7239
B0027ZAMXQ,1,5.0,0.9337
B0027ZFLPA,2,4.0,0.9156
B00281KVG2,1,5.0,0.9694
B00281RM46,4,5.0,0.9316
B00282AAXA,1,5.0,0.9086
B00282B2IW,3,5.0,0.8833
B00282IMEE,1,5.0,0.7096
B00282SQRM,1,5.0,0.9863
B00282UD0K,1,4.0,-0.3294
B00282W8F8,3,5.0,0.6963
B00282YCMA,6,3.3333,0.9276
B0028303YU,2,5.0,0.4766
B002831C4K,3,5.0,0.7474
B002838WRU,2,3.0,0.4518
B002838YVE,14,4.7857,0.7736
B00283A57U,2,5.0,0.6516
B00283A5RA,3,4.6667,0.4852
B00283A8TA,8,4.25,0.6561
B00283A98A,2,3.5,0.6644
B00283A9H6,1,5.0,0.2023
B00283BEL6,1,5.0,0.6124
B00283H2HQ,1,3.0,0.7796
B00283H3CU,1,5.0,0.8074
B00283LQI2,7,3.4286,0.8853
B00283LRDG,4,5.0,0.4843
B00283LRLI,1,2.0,0.9153
B00283MYSI,2,3.0,0.7107
B00283OXTG,3,5.0,0.9117
B00283V4GQ,4,4.75,0.9532
B00283Y0EE,1,5.0,0.9246
B00284QDC0,3,3.6667,0.7626
B00284TNL8,7,4.5714,0.6621
B00284TOOY,5,4.2,0.1516
B00284TPUC,1,2.0,-0.7794
B00284TR82,9,4.3333,0.2557
B00284TRPA,1,4.0,-0.6249
B00284TSCW,4,3.5,0.6931
B00284TSTA,4,3.0,0.0745
B00284TTG2,4,5.0,0.8202
B00284YP84,1,5.0,0.9611
B002859GAU,1,4.0,0.946
B00285BI4M,1,5.0,0.9485
B00285DLS8,1,5.0,0.8316
B00285FF6O,1,5.0,0.7906
B00286361O,1,4.0,0.6597
B002863BIW,2,2.5,0.0187
B002864KGO,1,5.0,0.897
B002866EWM,5,4.0,0.8024
B002866FCG,7,4.4286,0.7819
B002866FSU,3,4.6667,0.744
B002866GFC,1,4.0,0.6808
B002866SRS,2,1.5,0.799
B0028677GY,1,2.0,0.8591
B002867DY0,1,2.0,0.9578
B0028686E6,1,4.0,0.8071
B00286BJ90,8,5.0,0.8022
B00286DAQ0,1,5.0,0.8782
B00286DBZA,5,4.4,0.8272
B00286DN5S,3,3.6667,0.6547
B00286EXCU,1,1.0,-0.3612
B00286K7IO,4,5.0,0.8755
B00286KM2A,6,3.8333,0.594
B00286KM8E,10,3.9,0.6655
B00286M6TW,1,3.0,0.6486
B00287KUPI,1,5.0,0.98
B0028A5OYW,2,2.0,0.8161
B0028A7HLU,3,2.0,0.2952
B0028A8YQM,3,5.0,0.6107
B0028A8ZEI,3,4.0,0.5969
B0028AF5D2,1,5.0,0.9022
B0028AF5O6,1,5.0,0.8588
B0028AF5YG,1,3.0,0.8074
B0028AGA2W,2,3.0,0.8566
B0028C2AY2,2,4.0,0.8296
B0028C44IM,3,4.6667,0.7109
B0028C44Z0,1,5.0,0.9519
B0028C7T7K,3,5.0,0.8749
B0028CXZUK,1,5.0,0.0
B0028FKPUU,1,5.0,0.9698
B0028FKR94,2,3.5,0.7129
B0028G7F1Q,1,1.0,0.7893
B0028G9OD8,1,5.0,0.9538
B0028GWGWO,3,4.6667,0.8985
B0028GWGY2,2,5.0,0.8468
B0028GWGYW,2,4.5,0.9448
B0028GWHS2,1,5.0,0.9814
B0028GWJF8,1,5.0,0.8176
B0028GWJHG,1,5.0,0.9626
B0028GWJI0,1,5.0,0.926
B0028GY8UW,2,2.5,0.42
B0028GY93S,1,5.0,0.8777
B0028H1BN8,2,4.5,0.8107
B0028H1D86,1,5.0,0.6124
B0028H1GC4,1,5.0,0.9823
B0028H1H28,2,5.0,0.6917
B0028H1H32,7,4.2857,0.6659
B0028H1H4Q,2,5.0,0.8974
B0028H3IGQ,1,5.0,0.6124
B0028IIWAC,1,5.0,0.9016
B0028LGNSM,2,5.0,0.722
B0028M4X7O,1,5.0,0.9336
B0028MGOIU,3,3.6667,-0.1838
B0028MH9U2,1,4.0,0.9371
B0028MO8R4,1,4.0,0.4363
B0028MOP54,1,5.0,0.7579
B0028P8H82,4,4.75,0.8158
B0028P8IZE,1,5.0,0.8979
B0028PDEYO,1,2.0,0.9507
B0028PDFQG,5,3.6,0.2877
B0028PDG7O,2,5.0,0.7452
B0028PDGQA,2,5.0,0.8583
B0028PDGZQ,1,3.0,0.9256
B0028PDIN6,1,5.0,0.9477
B0028PHH6U,1,1.0,0.7096
B0028PHHLU,1,5.0,0.7579
B0028PHI1O,1,5.0,0.9855
B0028PL7AM,3,3.6667,0.6594
B0028PQ52C,1,4.0,0.9559
B0028S6URO,1,5.0,0.743
B0028SRPM8,1,5.0,-0.1027
B0028SZW6E,1,5.0,0.9719
B0028T4U48,1,3.0,0.0516
B0028T6CFS,1,5.0,0.9509
B0028U7YCW,2,4.5,0.9672
B0028UA2NA,3,4.6667,0.8547
B0028VAQSU,2,5.0,0.9786
B0028VAS8S,6,4.8333,0.8908
B0028VEYG0,1,4.0,0.9022
B0028VY99M,1,4.0,0.9692
B0028VZDFQ,1,3.0,0.6712
B0028VZDOW,1,5.0,0.7717
B0028VZDYC,1,5.0,0.936
B0028VZEJQ,4,4.0,0.8988
B0028W3NU2,1,1.0,-0.2923
B0028W3OEC,1,2.0,0.7269
B0028W3P9G,1,1.0,-0.25
B0028W4DWO,1,5.0,0.9559
B0028W4QQ2,1,5.0,0.8481
B00290DOQ6,1,1.0,0.8442
B00290NPTM,1,5.0,0.6369
B00290P90K,1,3.0,0.9359
B00290W1CY,2,3.5,0.6768
B002910MW4,2,4.0,0.9492
B002910N6Y,5,4.8,0.8751
B002911NFE,1,1.0,0.6124
B002912506,6,4.1667,0.449
B002915VF2,12,3.0,0.5516
B002915VO8,2,5.0,0.9193
B002916F52,1,1.0,-0.0516
B00291AKEO,1,5.0,0.9336
B00291YDME,1,1.0,0.0
B00292BM7C,14,4.7143,0.8415
B00292BM7W,11,4.5455,0.9036
B00292BMMM,6,2.6667,0.843
B00292BMN6,5,2.6,0.8364
B00294TUQA,9,4.7778,0.6884
B00294Y65K,1,1.0,0.8807
B00295EL4U,2,3.0,0.6799
B00295GR3I,2,4.0,0.7891
B00295IBLY,1,5.0,0.8625
B00295IFU6,1,5.0,0.9287
B00295IGHS,5,5.0,0.7694
B002962L7S,1,4.0,0.9237
B002970PMU,1,2.0,0.6124
B00299MYJA,1,3.0,0.9217
B00299N7S2,1,1.0,0.7096
B00299QTL4,2,3.0,0.7615
B0029B1NKE,1,3.0,0.9683
B0029ENXBS,1,4.0,0.9686
B0029F7OQ2,1,5.0,0.6486
B0029I6PJ6,1,5.0,0.9661
B0029J6J14,1,5.0,0.765
B0029J6JI2,3,5.0,0.9226
B0029J6JSC,1,5.0,0.7003
B0029J6KAY,1,5.0,0.872
B0029J6QLM,1,5.0,0.8402
B0029JAR4O,1,5.0,0.886
B0029JASWA,3,5.0,0.9177
B0029JAUR8,1,5.0,0.9753
B0029JB0CW,4,4.75,0.8927
B0029JDU70,1,5.0,0.5574
B0029JDUO8,1,5.0,0.3521
B0029JDVFQ,1,5.0,0.9422
B0029JES6W,2,5.0,0.9526
B0029JETHA,1,5.0,0.7906
B0029JFO1U,1,5.0,0.8934
B0029JFWS0,1,1.0,-0.3182
B0029JFX1G,2,5.0,0.9864
B0029JFZP0,1,1.0,-0.34
B0029JHHO2,3,4.3333,0.8382
B0029JHHXS,2,3.5,0.6452
B0029JHI5U,1,5.0,0.7759
B0029JHILE,1,5.0,0.9476
B0029JHIXM,1,3.0,0.9377
B0029JHJV8,2,5.0,0.7783
B0029JHNBY,2,3.0,0.4559
B0029JHNP0,1,5.0,0.6249
B0029JHO8Q,2,3.5,0.9672
B0029JHVSE,1,5.0,0.8689
B0029JHWI8,3,4.3333,0.5274
B0029JHWRY,2,5.0,0.9172
B0029JHX2S,3,5.0,0.4916
B0029JHZ3A,2,4.0,0.9762
B0029JI9OE,8,4.25,0.9146
B0029JIARK,3,5.0,0.851
B0029JIBAG,4,5.0,0.8838
B0029JICBY,3,5.0,0.879
B0029JICN2,4,4.75,0.5138
B0029JIG9C,4,3.75,0.9087
B0029JIGVK,1,5.0,0.8357
B0029JLRK2,1,5.0,0.8555
B0029JLS7E,2,3.5,0.9076
B0029JLU2C,5,4.4,0.8815
B0029JLVPI,5,4.8,0.9331
B0029JPOWO,1,5.0,-0.2292
B0029JPT9M,2,5.0,0.7686
B0029JRTVI,1,5.0,0.9803
B0029JRYEU,1,5.0,0.0593
B0029JS3XG,1,5.0,0.9643
B0029JTUBA,1,5.0,0.6808
B0029JTYV6,1,5.0,0.9355
B0029JTZ7Y,1,5.0,0.9849
B0029JU348,1,5.0,0.9382
B0029JU6H2,4,3.0,0.3343
B0029JU9H4,2,3.0,0.2459
B0029JVCL6,1,1.0,0.0
B0029JVD0Q,2,3.5,0.7308
B0029JVECI,1,5.0,0.8606
B0029JVIE2,1,4.0,0.9623
B0029JVP5Y,1,1.0,0.8074
B0029JVTK0,1,4.0,0.2023
B0029JVWES,1,5.0,0.6369
B0029JW2E2,1,4.0,0.9066
B0029JW6LG,7,3.8571,0.6717
B0029JW6TS,3,3.6667,0.499
B0029JW71K,3,3.6667,0.7622
B0029JW7E2,4,4.0,0.6274
B0029JW7T2,1,3.0,0.9376
B0029JW8T6,3,4.6667,0.7058
B0029JW92W,1,1.0,0.5267
B0029JW96I,7,4.2857,0.8574
B0029JW9JU,5,4.0,0.8424
B0029JWANK,3,4.6667,0.9286
B0029JWAYO,3,4.0,0.8382
B0029JWN3M,1,5.0,0.9325
B0029JX98K,1,1.0,0.8225
B0029JXG42,1,1.0,0.8516
B0029JXG4W,1,5.0,0.9287
B0029JXHD2,1,5.0,0.8979
B0029JXP0C,1,5.0,0.967
B0029JYSDU,1,4.0,0.3818
B0029JYSOY,2,5.0,0.8552
B0029JYXE4,1,5.0,0.8519
B0029JZ2JY,1,1.0,-0.8225
B0029JZ2X0,1,1.0,0.0
B0029JZ5LE,1,5.0,0.991
B0029JZ6EA,1,1.0,0.4019
B0029JZ6X6,1,4.0,0.8858
B0029JZAIC,1,5.0,0.8993
B0029JZEGA,1,5.0,0.7003
B0029JZLMM,5,4.6,0.8866
B0029JZLVI,1,5.0,0.8176
B0029JZLWW,4,5.0,0.8082
B0029JZMA8,2,3.0,0.4848
B0029JZNBG,1,1.0,-0.4809
B0029JZNES,2,4.5,0.9617
B0029JZQMC,8,4.125,0.8398
B0029K0HBG,1,4.0,0.9747
B0029K0QHG,1,5.0,0.9648
B0029K0QPI,1,3.0,0.6705
B0029K0U90,1,5.0,0.9764
B0029K0UR2,1,5.0,0.5574
B0029K0V94,1,5.0,0.9376
B0029K0XCY,1,2.0,0.5467
B0029K109Y,1,5.0,0.4215
B0029K11EI,4,3.5,0.8349
B0029K11LQ,2,5.0,0.8911
B0029K13AU,1,1.0,0.6697
B0029K1D2I,1,5.0,0.7717
B0029K2WIW,1,4.0,0.9698
B0029K2X6I,1,5.0,0.9552
B0029K321S,3,4.0,0.3647
B0029K32JK,4,4.75,0.6909
B0029K32YU,3,3.6667,0.5663
B0029K34U2,1,5.0,0.8059
B0029K353I,1,5.0,0.9545
B0029K3542,1,1.0,-0.5574
B0029K37KY,1,5.0,0.9872
B0029K3BNC,1,5.0,0.9134
B0029K3DH6,1,1.0,-0.7927
B0029K3EJS,1,4.0,0.079
B0029K3EM0,1,5.0,0.8442
B0029K3GXW,2,3.5,0.8338
B0029K3IIU,1,1.0,0.8126
B0029K54LY,1,3.0,0.1779
B0029K5DHY,1,5.0,0.8957
B0029K5EH8,2,3.0,-0.0017
B0029K68ZK,4,4.25,0.9223
B0029MIUJA,1,5.0,0.3612
B0029NA2KO,1,5.0,0.7506
B0029NGX34,23,4.7391,0.7675
B0029NGY4M,18,4.1111,0.6904
B0029NH0FE,1,5.0,0.9169
B0029NH1JY,1,5.0,0.9473
B0029NIBE8,4,5.0,0.7751
B0029NICD8,6,4.5,0.6854
B0029NIF44,6,5.0,0.5644
B0029NIFXK,19,4.4211,0.6754
B0029NIGMA,19,4.6316,0.8387
B0029NII3C,25,3.96,0.7836
B0029NIIKK,19,4.0,0.5645
B0029NILPW,4,4.25,0.8114
B0029NIMYW,6,3.1667,0.5427
B0029NIO1S,1,5.0,0.9473
B0029NIOYU,10,3.6,0.6965
B0029NIPSA,5,4.0,0.7944
B0029NISMI,5,4.0,0.7351
B0029NIW60,1,1.0,0.5106
B0029NIX6E,6,5.0,0.7893
B0029NIYLS,2,5.0,0.8948
B0029NJ2IC,1,1.0,0.8074
B0029NJ4J4,1,4.0,-0.9169
B0029NLV8G,17,4.1765,0.5409
B0029NM5YA,3,2.3333,0.6711
B0029NM6NU,6,3.6667,0.6783
B0029NM8KQ,10,3.5,0.8816
B0029NMB6M,8,4.75,0.6826
B0029NMDJM,5,3.8,0.6997
B0029NMENM,1,5.0,0.9246
B0029NMM34,1,5.0,0.9186
B0029NMPRW,2,3.0,0.094
B0029NMQO4,1,3.0,0.296
B0029NMRZC,5,5.0,0.9173
B0029NN03K,4,3.5,0.7127
B0029NN184,1,5.0,0.9518
B0029NNCWE,1,5.0,0.9217
B0029NQNWU,2,3.5,0.8831
B0029NQSHU,5,4.6,0.6646
B0029NQTI8,4,4.5,0.8705
B0029NR4LO,3,4.3333,0.9436
B0029NR7NE,7,3.5714,0.7461
B0029NS7BU,5,3.2,0.3662
B0029NS90E,5,3.2,0.6525
B0029NSE3G,4,3.75,0.2353
B0029NSI46,2,3.0,0.7359
B0029NTQ1K,22,4.5455,0.7101
B0029NTRA0,3,5.0,0.8611
B0029NTSHM,1,5.0,0.8714
B0029NTXTA,7,4.0,0.8026
B0029NU2E0,1,4.0,0.7964
B0029NU31M,2,4.5,0.8864
B0029NU416,4,3.25,0.9229
B0029NUSF8,5,4.2,0.6146
B0029NUVWS,6,4.6667,0.8481
B0029NUWA4,6,5.0,0.833
B0029NUX3A,1,5.0,0.8655
B0029NUXDK,2,5.0,0.785
B0029NUYZW,2,4.5,0.7475
B0029NUZG0,3,4.6667,0.8125
B0029NUZTC,1,5.0,0.951
B0029NV488,2,5.0,0.8212
B0029NV4N8,3,5.0,0.8577
B0029NV500,1,5.0,0.5369
B0029NV5QY,3,4.3333,0.4488
B0029NV61I,7,4.7143,0.5404
B0029NV6A4,3,5.0,0.6792
B0029NV6P4,2,5.0,0.9506
B0029NV9EC,4,5.0,0.827
B0029NVGQS,6,4.8333,0.7725
B0029NVIP2,1,5.0,-0.128
B0029NVJ4M,30,4.7667,0.8234
B0029NVJNI,17,4.5882,0.8434
B0029NVJX8,23,4.913,0.8476
B0029NVLB8,1,5.0,0.8783
B0029NVMGC,3,5.0,0.5357
B0029NVMXA,2,5.0,0.6958
B0029NVOEC,2,2.5,0.422
B0029NVOS8,1,5.0,0.5267
B0029NVP82,2,2.5,0.7192
B0029NVPLE,2,5.0,0.5167
B0029NWW5W,2,5.0,0.8873
B0029NX98G,3,5.0,0.471
B0029NX9WM,1,5.0,0.7906
B0029O0DIO,4,5.0,0.8827
B0029O0EFG,4,3.0,0.1986
B0029O0HZS,4,4.0,0.4541
B0029O0K0A,6,5.0,0.8698
B0029O0PPA,1,4.0,0.4588
B0029O0V40,3,4.0,0.0534
B0029O0VUE,5,3.8,0.5389
B0029O0X3E,1,5.0,0.6705
B0029O0XGQ,4,5.0,0.8952
B0029O10P4,21,4.5714,0.7501
B0029O6UQI,2,4.5,0.8022
B0029O6YK0,1,1.0,0.7184
B0029OCXHS,1,2.0,-0.2263
B0029OCY36,2,5.0,0.6794
B0029ODOU8,1,2.0,-0.4939
B0029OGZDG,1,5.0,0.9342
B0029PCIDG,1,5.0,0.9483
B0029PTJSS,3,4.0,0.9285
B0029SU2MM,2,3.0,0.3416
B0029TAT9M,1,3.0,0.765
B0029TAVKE,4,3.75,0.7634
B0029TAVRW,2,1.0,0.3259
B0029TAVV8,1,1.0,0.0772
B0029TECEA,4,4.75,0.8596
B0029TEGM8,3,2.0,0.6519
B0029TEH0Y,1,4.0,0.9715
B0029TEH72,1,2.0,-0.128
B0029TEHDG,3,3.6667,0.8106
B0029TISNG,2,5.0,0.7603
B0029TJR0Y,1,1.0,-0.8779
B0029TJTH0,2,2.0,0.0108
B0029TJTLG,1,3.0,0.8176
B0029TJTWA,1,1.0,0.3182
B0029U7NO0,1,1.0,-0.5095
B0029UN5XI,1,5.0,0.936
B0029WLRCM,1,2.0,0.8341
B0029X5P0G,1,1.0,-0.0657
B0029XBABY,1,5.0,0.8442
B0029XDWLA,7,4.4286,0.794
B0029XDZDK,42,4.1905,0.7369
B0029XDZIK,1,1.0,0.2062
B0029XDZKI,44,4.3409,0.7938
B0029XEY62,1,3.0,0.296
B0029XIU58,1,5.0,0.975
B0029XKTSO,1,5.0,0.872
B0029XKUYM,1,5.0,0.9783
B0029XLH4Y,83,4.4217,0.7643
B0029XO8VS,1,5.0,0.9081
B0029XP0UG,2,5.0,0.8596
B0029XPQVE,1,4.0,0.9101
B0029XQORO,1,5.0,0.9541
B0029XQPPA,1,5.0,0.9337
B0029Y12RU,1,4.0,0.8176
B0029Y4PM4,3,3.6667,0.3515
B0029Y4PNI,2,4.0,0.7714
B0029Y6AJ0,1,3.0,-0.3612
B0029Y6AS6,1,5.0,0.8439
B0029YA89S,3,3.0,0.5953
B0029YA8CA,1,3.0,0.9418
B0029YDR82,5,3.8,0.66
B0029YKQ3Q,2,4.5,0.8922
B0029Z304C,1,5.0,0.6486
B0029ZAOW8,67,4.2537,0.6308
B0029ZWVZ6,1,5.0,0.7506
B002A0TYSM,1,5.0,0.8689
B002A2AY1G,1,5.0,0.8221
B002A603ZY,2,5.0,0.8358
B002A88UZW,2,5.0,0.9575
B002A8WUR6,1,5.0,0.7579
B002ABW7GW,2,3.5,0.6984
B002ACC8II,2,5.0,0.9771
B002ACQH80,1,4.0,0.8357
B002ACQHAS,4,5.0,0.8717
B002ACQHC6,1,4.0,0.8442
B002ACQHDA,2,2.0,-0.2318
B002ACSA7G,5,4.6,0.9292
B002ACU9V6,5,4.2,0.6487
B002ACU9WA,3,3.3333,0.8424
B002ACU9X4,2,2.5,0.1729
B002ACU9XY,1,5.0,0.7351
B002AD8A5M,1,5.0,0.2732
B002AD9G8W,1,5.0,0.9493
B002ADB8X8,1,5.0,0.5574
B002ADELZU,1,5.0,0.5574
B002ADM3XM,1,5.0,0.872
B002AEH6UQ,1,1.0,-0.0865
B002AHJB0Q,1,5.0,0.5083
B002AI69QE,1,5.0,0.9069
B002AIPT6K,1,4.0,0.9643
B002AIRVXO,1,5.0,0.9938
B002AIRWR4,1,4.0,0.6597
B002AIT4G6,1,5.0,0.9468
B002AIU2BM,1,5.0,0.7845
B002AJ1PZI,3,5.0,0.9611
B002AJ1QY8,2,5.0,0.8694
B002AJ1RME,2,4.0,0.7976
B002AJ1S1E,2,3.0,0.1644
B002AJ2ELW,3,4.0,0.5338
B002AJWI2W,1,5.0,0.7506
B002AK2O4I,2,3.0,-0.0421
B002AK88SY,25,3.24,0.6678
B002AL4I00,1,4.0,0.8074
B002ALO05I,3,3.0,0.8056
B002ALRK0U,1,3.0,0.8832
B002ALRK6O,1,3.0,0.743
B002ALRKZU,1,5.0,0.9682
B002ALWPY6,1,2.0,-0.7783
B002ALWQ2C,1,4.0,-0.4767
B002ALWQ9U,1,4.0,-0.0516
B002AMF1QO,1,5.0,0.903
B002AMN030,1,5.0,0.7579
B002AMRBYY,1,3.0,0.9062
B002AMRNNI,3,2.6667,0.7105
B002AMROX2,2,5.0,0.8647
B002AMXQNY,7,4.5714,0.8781
B002AMZ1EG,2,3.5,0.5207
B002AN4KQA,1,4.0,0.8781
B002AN4TWK,6,4.6667,0.74
B002AN6LL2,5,4.4,0.8434
B002AN6SZQ,1,5.0,0.9891
B002AN6V9O,1,5.0,0.7506
B002AN8GXS,12,4.9167,0.6942
B002AN8JDK,1,4.0,-0.3818
B002AN8ME6,1,5.0,0.8979
B002AN8OOO,5,4.0,0.8661
B002ANA68G,17,2.7059,0.0632
B002ANABN6,10,4.5,0.8311
B002ANACE4,1,5.0,0.7906
B002ANACTY,1,5.0,0.3246
B002ANCAU8,1,5.0,0.8807
B002ANCDMS,12,4.75,0.9191
B002ANCDRI,11,4.0909,0.9203
B002ANCEI6,5,4.8,0.7154
B002ANE0BA,2,4.5,0.8695
B002ANE0ME,1,5.0,0.9698
B002ANE164,2,5.0,0.9285
B002ANE43Y,2,5.0,0.9404
B002AP2OS4,2,5.0,0.36
B002AQ0OL2,46,4.1087,0.6971
B002AQ0OS0,23,3.9565,0.6216
B002AQ0OW6,41,4.3171,0.6636
B002AQKY9Y,1,5.0,0.4201
B002AQKYEE,3,5.0,0.8941
B002AQKYJE,1,5.0,-0.3182
B002AQL00G,10,4.7,0.9011
B002AQLO4S,5,4.0,0.817
B002AQLOAM,1,5.0,0.7964
B002AQP2U0,5,4.6,0.9176
B002AQP30Y,2,3.0,0.834
B002AQP3I6,3,5.0,0.7697
B002AQP3MM,2,4.5,0.8625
B002AQP4B2,1,5.0,0.8908
B002AQP4E4,1,5.0,0.7906
B002AQP4QM,3,4.6667,0.9308
B002AQP516,7,3.8571,0.531
B002AQP5A2,1,4.0,0.9413
B002AQP5FW,11,3.8182,0.8613
B002AQP5IE,14,4.4286,0.7934
B002AQP5MK,29,4.4483,0.8699
B002AQP674,1,5.0,0.9634
B002AQP6AQ,1,4.0,0.9432
B002AQX6JE,1,5.0,0.8588
B002AQYN3W,3,4.6667,0.8427
B002AR0QO6,2,4.0,0.7175
B002AR14WO,13,3.3846,0.7142
B002AR155A,3,4.3333,0.8641
B002AR158W,11,4.2727,0.9225
B002AR2XTC,1,1.0,-0.4877
B002AR2XZG,1,3.0,0.2263
B002AR3C42,1,5.0,0.9666
B002AR3UT4,3,5.0,0.9561
B002AR5VX2,3,4.0,0.9397
B002ARIFGM,2,3.5,0.5966
B002ATAJU0,2,4.5,0.9422
B002ATBRHO,1,5.0,0.891
B002ATCFX4,1,5.0,0.967
B002ATDX7G,1,2.0,0.3818
B002ATEFX2,1,5.0,0.802
B002ATEZJG,6,4.0,0.7003
B002ATEZOG,3,4.6667,0.87
B002ATJ61S,1,5.0,0.9816
B002ATN0TM,4,4.25,0.6516
B002ATOUVY,12,4.75,0.7974
B002ATOUZA,4,4.75,0.3908
B002ATOV2C,4,5.0,0.9099
B002AU3K1E,15,3.9333,0.7413
B002AU4V94,16,4.6875,0.8718
B002AU9TGY,1,5.0,0.9118
B002AUBIRC,1,3.0,0.9517
B002AUBJFI,6,5.0,0.9251
B002AUBWF0,1,5.0,0.886
B002AUCELQ,16,4.3125,0.8642
B002AUF0Q2,10,4.8,0.8837
B002AUF0UI,6,4.8333,0.9361
B002AUF10M,6,4.1667,0.8372
B002AUF15C,1,5.0,0.9509
B002AUGW3C,1,5.0,0.9672
B002AUGWNM,1,4.0,0.8658
B002AUGWQY,1,5.0,0.4939
B002AUHA5G,1,3.0,0.6998
B002AUHAHY,1,5.0,0.872
B002AUOUYU,1,3.0,0.4588
B002AWXELI,2,5.0,0.8076
B002AY5BHG,11,4.9091,0.819
B002AY97NA,5,3.8,0.7893
B002AY97RG,2,3.0,0.9366
B002AYA6M6,14,4.8571,0.7073
B002AYAMIE,15,4.7333,0.8044
B002AYC7TG,9,4.8889,0.7858
B002AYEBQI,1,5.0,0.9723
B002AYIJDO,15,4.9333,0.7766
B002AYIJNY,1,3.0,0.836
B002AYV8RS,5,4.8,0.8584
B002B3368M,1,2.0,0.5267
B002B5BACY,1,1.0,0.5267
B002B8AX7Y,2,4.5,0.7188
B002B8GH8S,1,4.0,0.4588
B002B942DE,1,5.0,0.9738
B002B95HAG,2,4.0,0.7056
B002B9HC6I,3,4.6667,0.6971
B002B9TEAU,7,4.5714,0.8475
B002BAFVSI,2,5.0,0.6639
B002BAYSKK,1,3.0,0.4019
B002BB2E14,1,5.0,0.9464
B002BB2E5U,5,5.0,0.8906
B002BB7FAO,1,2.0,0.9798
B002BCD2GO,16,4.5625,0.6777
B002BCD2OG,6,4.8333,0.7663
B002BCE97K,5,4.4,0.9398
B002BCE9JS,8,3.625,0.8226
B002BCFHTY,9,4.0,0.7536
B002BCFI70,21,4.5714,0.7239
B002BEIIXY,1,1.0,0.6597
B002BEKJUY,1,5.0,0.8885
B002BERUGA,1,5.0,0.5423
B002BETQ4E,1,5.0,0.9477
B002BEVRTQ,1,5.0,0.9682
B002BEZ19I,1,5.0,0.6705
B002BFTKP8,1,4.0,0.9612
B002BFTKRQ,1,5.0,0.6908
B002BFTKUS,1,5.0,0.9361
B002BFXI56,1,5.0,-0.3626
B002BFXYNC,3,4.6667,0.9092
B002BFXYRI,5,4.4,0.554
B002BFZAT8,1,1.0,0.0
B002BG38I2,1,5.0,0.9758
B002BG38R8,2,4.0,0.7006
B002BG38X2,3,4.3333,0.9445
B002BG5MLI,1,5.0,0.9524
B002BGCND8,1,5.0,0.9369
B002BGFHTK,2,5.0,0.6846
B002BHSKAC,7,4.1429,0.7002
B002BKNBJ4,1,5.0,0.8313
B002BKOM1K,1,5.0,0.8591
B002BKQNZS,2,5.0,0.8876
B002BKX7HA,1,5.0,0.9638
B002BKYS50,2,4.5,0.9053
B002BL5UH4,1,5.0,0.886
B002BOI8NY,2,5.0,0.9342
B002BPN8FQ,1,3.0,0.2023
B002BQTGQU,1,5.0,0.9555
B002BQZSJY,1,5.0,0.8648
B002BR4MPO,7,4.4286,0.726
B002BR9GUU,2,5.0,0.9732
B002BRC562,3,5.0,0.9489
B002BREKM4,2,5.0,0.9732
B002BTI9B0,1,5.0,0.765
B002BTQQBA,1,5.0,0.0772
B002BTZZ5S,1,5.0,0.984
B002BTZZ7G,1,4.0,0.9371
B002BU1RIG,1,2.0,0.4404
B002BU3SPQ,2,4.0,0.221
B002BU9B7K,1,5.0,0.8126
B002BUBIW6,2,4.5,0.9548
B002BUD2B6,1,5.0,0.7787
B002BUD5TK,1,5.0,0.836
B002BUEJEA,1,5.0,0.8834
B002BUEKSK,1,1.0,0.7845
B002BUGHYK,1,1.0,-0.1779
B002BUGR18,1,1.0,0.7845
B002BUGRL8,1,4.0,0.9062
B002BUIINI,1,5.0,0.9709
B002BUJ98Q,1,5.0,-0.0276
B002BUWKGE,3,3.6667,0.4292
B002BUWT9W,3,5.0,0.8995
B002BWS1OM,1,5.0,0.836
B002BWY3QW,1,5.0,0.5965
B002BXKY9Q,1,5.0,0.6369
B002BXLGUC,1,5.0,0.8779
B002BXVXB4,1,5.0,0.9231
B002C0E5VG,9,4.5556,0.8322
B002C0IF0S,1,4.0,0.8658
B002C0POH0,1,2.0,0.9259
B002C0RRYI,2,5.0,0.6067
B002C0Z4OS,3,3.0,0.6882
B002C0Z5P6,6,4.1667,0.8021
B002C1CWLA,4,4.5,0.7335
B002C1QROI,1,5.0,0.9224
B002C1STLW,1,5.0,-0.1602
B002C1URM6,6,4.3333,0.7904
B002C1UTY2,1,1.0,0.1779
B002C1WC88,1,5.0,0.9325
B002C1WDL4,10,4.7,0.8091
B002C1WE5O,2,4.0,0.9156
B002C1XW4Q,2,5.0,0.9278
B002C1XXZO,1,5.0,0.7906
B002C1XZL6,1,5.0,0.967
B002C1Y150,15,4.4667,0.8401
B002C1Y196,2,3.0,0.3026
B002C1Y4QQ,1,5.0,0.8625
B002C1Y5GU,15,4.4667,0.8952
B002C1ZNKW,1,2.0,0.9858
B002C21NQ4,2,4.5,0.7906
B002C23RT0,1,5.0,0.1002
B002C37TM0,11,4.4545,0.6812
B002C3WN9Y,1,5.0,0.9296
B002C45ITU,1,5.0,0.8126
B002C4A70A,1,4.0,0.807
B002C4BOHK,7,4.4286,0.8402
B002C4C67C,2,3.0,0.5948
B002C4HZ00,5,4.2,0.5822
B002C4KMN2,3,4.6667,0.6593
B002C4ORQ0,1,5.0,0.91
B002C4QLGE,2,5.0,0.9402
B002C50X1M,7,4.5714,0.6912
B002C50XEO,8,4.375,0.6997
B002C50YB6,3,5.0,0.9126
B002C52WIO,8,4.125,0.6951
B002C54UK2,6,3.6667,0.3381
B002C54V7O,1,5.0,0.9001
B002C561BS,1,5.0,0.872
B002C56O3S,2,3.0,0.6797
B002C56OBU,2,5.0,0.8612
B002C56OIS,5,4.6,0.7231
B002C58RME,1,3.0,0.9566
B002C58RS8,4,3.75,0.7138
B002C58RXI,2,4.5,0.4776
B002C5DMMY,5,3.4,0.5507
B002C5VUNM,1,5.0,0.9313
B002C6DRGE,1,3.0,-0.3612
B002C6DTGW,1,5.0,0.8316
B002C6DUJS,1,4.0,0.8779
B002C6DWP0,2,5.0,0.9718
B002C6DYAI,1,4.0,-0.0772
B002C6F7IK,1,2.0,-0.3182
B002C6F8UW,1,5.0,0.9201
B002C6GDGA,1,1.0,-0.875
B002C6GFC2,1,3.0,0.9794
B002C6MP6C,1,2.0,-0.8442
B002C7S3QW,1,4.0,0.9844
B002C8QO9E,1,5.0,0.8122
B002C98W4S,2,5.0,0.9172
B002CENRLG,19,3.6842,0.663
B002CIKVOS,1,5.0,0.6597
B002CIL552,1,5.0,0.9917
B002CIL78C,5,4.4,0.6865
B002CIP8OQ,1,1.0,0.7269
B002CJAOGW,1,3.0,-0.7351
B002CJAOIU,1,4.0,0.8625
B002CJAOJY,3,3.6667,0.9447
B002CJAOMG,3,4.3333,0.7447
B002CJAOR6,4,4.25,0.7329
B002CJAORQ,2,5.0,0.8454
B002CJAOT4,1,5.0,0.3612
B002CJAOTY,4,3.75,0.2206
B002CJAQ56,2,4.5,0.6403
B002CJAQ8S,2,4.0,0.7313
B002CJAQBK,1,5.0,0.7351
B002CJAQJC,2,4.5,0.8854
B002CJARMI,1,5.0,0.3182
B002CJAS86,4,3.75,0.4218
B002CJASQ8,2,4.0,0.9106
B002CJASXQ,2,4.5,0.8944
B002CJAT6W,6,4.6667,0.857
B002CJCEHE,1,5.0,0.2732
B002CJCEMY,3,4.0,0.895
B002CJCEQA,5,5.0,0.7608
B002CJD5GI,1,5.0,0.926
B002CJD7GG,1,5.0,0.6808
B002CJF62Y,3,3.6667,0.471
B002CJG13C,5,4.6,0.6062
B002CJG182,6,4.3333,0.7064
B002CJG1YQ,5,3.8,0.8468
B002CJGT16,3,4.6667,0.8989
B002CJISQ0,1,5.0,0.4404
B002CJO8T6,10,4.0,0.6592
B002CJOBWK,1,5.0,0.7351
B002CJOD3W,2,4.0,0.6459
B002CJOE2W,3,5.0,0.6651
B002CN3TWY,3,5.0,0.8874
B002CN7BIM,1,2.0,-0.1779
B002CN7EI4,2,4.5,0.8032
B002CO16R8,3,5.0,0.924
B002CO17T0,1,5.0,0.9799
B002CO17WW,1,5.0,0.8934
B002CPVTH4,7,3.5714,0.3641
B002CQU57I,1,5.0,0.765
B002CRKHSO,1,5.0,0.8625
B002CSMDLM,2,4.0,0.7732
B002CTAVK6,1,1.0,0.0
B002CTFAU2,5,5.0,0.8944
B002CTJKPI,2,3.0,0.7738
B002CWX1BY,1,5.0,0.0516
B002CX50DU,1,5.0,0.886
B002CXX6EA,1,5.0,0.9477
B002CXYTQO,1,5.0,0.6369
B002CY7TJW,6,3.8333,0.3478
B002CYLV5U,6,4.6667,0.826
B002CYT57G,1,5.0,0.6486
B002CZ9F2K,1,4.0,0.9688
B002CZ9F4S,1,5.0,0.9492
B002CZFW18,2,5.0,0.7778
B002CZHWXE,2,4.0,0.9305
B002CZHWYS,1,5.0,0.7003
B002CZI0EY,1,5.0,0.9517
B002CZJY26,4,3.0,0.8432
B002CZJYGW,2,5.0,0.6
B002CZLO4M,1,5.0,0.9633
B002CZLOIS,1,5.0,0.9042
B002CZMYV4,2,3.0,-0.0131
B002CZNB8O,1,5.0,0.8905
B002CZNCPG,1,5.0,0.9231
B002CZNCQU,2,1.5,0.8055
B002CZNDDW,1,4.0,0.2023
B002D300ZC,1,3.0,0.024
B002D443CC,1,1.0,0.9623
B002D4CKYA,2,4.5,0.8972
B002D4DY8G,31,4.0968,0.8899
B002D8ADZY,1,5.0,0.9345
B002D8E166,2,4.5,0.8281
B002DCPR9C,2,5.0,0.7954
B002DGJ19K,1,5.0,0.9081
B002DGOE3I,1,5.0,0.7269
B002DHBT7Q,1,5.0,0.946
B002DHBTHG,3,3.3333,0.3548
B002DHBTPS,2,5.0,0.968
B002DHL08O,1,5.0,-0.0026
B002DHL6II,3,4.6667,0.8782
B002DHL976,1,1.0,0.8126
B002DHL9AS,2,3.0,0.1346
B002DHL9VW,4,4.25,0.546
B002DHMUEW,3,4.6667,0.5079
B002DHMVQE,3,2.3333,0.5202
B002DHMWSG,7,4.5714,0.8774
B002DHMX3A,1,1.0,0.5423
B002DHN1UE,1,3.0,0.9001
B002DHN956,1,5.0,0.943
B002DHNFR8,2,2.5,0.0955
B002DHNHX0,2,2.5,0.7761
B002DHNIBG,11,4.4545,0.9059
B002DHNJE2,3,4.3333,0.7914
B002DHOTOQ,2,5.0,0.8427
B002DHOW6Q,3,3.3333,0.7632
B002DHOWD4,1,5.0,0.8555
B002DHSECY,4,4.0,0.7312
B002DHSEKG,3,3.6667,0.7364
B002DHSKJG,1,5.0,0.8834
B002DHTWNO,36,3.1667,0.6133
B002DHUCEM,4,4.0,0.9122
B002DLXXHG,41,3.1463,0.6522
B002DM62BY,3,3.6667,0.6401
B002DMFSSM,3,5.0,0.8783
B002DMOWP2,1,2.0,0.0
B002DMOY6O,4,5.0,0.8453
B002DMU0Y4,1,3.0,0.8074
B002DMVL0Q,1,5.0,0.8979
B002DNJTQI,3,5.0,0.8818
B002DNX4SM,1,5.0,0.9187
B002DOG6VS,2,5.0,0.8713
B002DPWQWA,2,3.5,0.8514
B002DQ6DBO,1,5.0,0.7579
B002DQO7R6,1,5.0,0.9612
B002DR6CEQ,1,5.0,0.6369
B002DR8AUK,1,5.0,0.6124
B002DR9L4E,1,5.0,0.1531
B002DUD6W4,1,1.0,0.3612
B002DUD6WO,2,3.0,0.1648
B002DV7VWY,1,5.0,0.7845
B002DVLBRU,1,5.0,0.6124
B002DVNBIM,1,5.0,0.886
B002DVNM7W,2,3.0,0.6814
B002DVPDMY,1,5.0,0.886
B002DVPTVO,1,5.0,0.3384
B002DVTR8K,2,4.5,0.8372
B002DVVP6W,4,4.75,0.7241
B002DVXCJA,1,3.0,0.9676
B002DW0QG6,5,4.8,0.7051
B002DW4R9S,3,3.6667,0.5258
B002DZF7QC,1,5.0,-0.0516
B002DZI3HW,1,5.0,0.6908
B002DZI7UA,1,1.0,0.7964
B002DZIJYE,1,5.0,0.929
B002DZIKVQ,1,5.0,0.67
B002DZIL24,11,3.8182,0.7712
B002DZK3XO,2,5.0,0.5402
B002DZKA8W,1,5.0,0.9022
B002DZKALY,2,3.0,0.8842
B002DZKL5O,4,3.5,0.9512
B002DZKLTK,1,5.0,0.9022
B002DZKMLC,2,5.0,0.9632
B002DZMD6E,3,3.6667,0.8858
B002DZNZFW,1,1.0,0.7919
B002DZRZ80,1,5.0,0.9349
B002DZXIQ8,1,4.0,0.9812
B002E0FHYS,1,5.0,0.9001
B002E0KW0M,2,5.0,0.7314
B002E0KW1Q,3,4.6667,0.5433
B002E0RIHM,1,5.0,0.9432
B002E0S4UW,12,4.25,0.6545
B002E0S4YI,1,5.0,0.7096
B002E0S506,6,4.6667,0.9253
B002E0UE8C,6,4.6667,0.6873
B002E0UEBE,6,5.0,0.8427
B002E0YEPG,1,5.0,0.9534
B002E10IL4,1,1.0,0.969
B002E10JD6,1,5.0,0.7906
B002E1JGJY,1,4.0,0.9716
B002E4UXQG,1,5.0,0.9832
B002E50VMQ,3,4.3333,0.5691
B002E84RT6,1,4.0,0.6705
B002EA0F9A,1,5.0,0.9118
B002EAN3T4,2,1.0,0.3508
B002EAQXQO,4,4.75,0.9296
B002EAQYD6,1,4.0,0.9958
B002ED91KQ,2,5.0,0.9418
B002EDD11G,2,3.5,-0.018
B002EDDA2Q,2,5.0,0.918
B002EDDAU8,1,5.0,0.985
B002EDEMLY,18,4.3889,0.8069
B002EDGYN8,6,4.8333,0.8223
B002EDGZB4,14,3.9286,0.6181
B002EDIJCM,8,4.75,0.8877
B002EDIJL8,13,4.2308,0.776
B002EDIJX6,13,4.3846,0.7412
B002EDISKA,5,4.8,0.7679
B002EDITSQ,2,5.0,0.7464
B002EDNH2O,1,5.0,0.7783
B002EDVBMC,1,5.0,0.9678
B002EE5EP6,2,5.0,0.643
B002EE5G72,1,5.0,0.9666
B002EITVVA,5,3.2,0.5904
B002ELASMS,1,5.0,0.9118
B002EM2J06,3,2.3333,0.3098
B002EM2JCY,2,2.0,0.0514
B002EPWH96,1,5.0,0.4939
B002ER0HM8,1,5.0,0.5994
B002ER46Q6,1,4.0,0.9403
B002ESDVJS,3,4.6667,0.4709
B002ESIWU6,1,2.0,0.8481
B002ESJMAU,1,3.0,0.836
B002ESKPS8,1,5.0,0.9959
B002ESKVLY,2,4.0,0.6535
B002ESMHOI,2,4.5,0.836
B002ESMJAA,3,3.3333,0.3875
B002ESMK4U,8,4.75,0.7133
B002ESMSRO,2,4.0,0.5789
B002ESMUYK,4,4.25,0.9138
B002ESS6RK,5,3.4,0.2904
B002ESS8D2,9,3.8889,0.8653
B002ESSASK,13,4.5385,0.6818
B002ESVRWQ,1,5.0,0.5267
B002ESXMV0,2,5.0,0.89
B002ESXS50,1,5.0,0.9501
B002ET4S26,1,4.0,0.9771
B002EWNPJK,1,5.0,0.8442
B002EX76V2,2,4.5,0.881
B002EY5TTW,9,3.7778,0.8571
B002EY8BAG,4,4.0,0.8586
B002EYBB3A,5,4.6,0.837
B002EYESYO,2,3.5,0.8255
B002EYETG6,5,4.6,0.7959
B002EYETRK,8,3.125,0.6733
B002EZ1MGA,1,4.0,0.9628
B002EZHSYU,1,5.0,0.7003
B002EZJSSY,1,1.0,-0.8779
B002F0RY20,1,5.0,0.9538
B002F1PSZY,1,5.0,0.6369
B002F4XTAC,6,3.6667,0.482
B002F82ABC,2,5.0,0.4088
B002F87KN0,1,5.0,0.8689
B002F8XGJW,1,3.0,0.8316
B002F914G8,10,4.4,0.9503
B002F9VJJ0,1,5.0,0.8312
B002FB4H42,1,1.0,-0.0516
B002FBD3J2,2,3.0,0.719
B002FBD92S,2,5.0,0.7523
B002FBH0AK,7,3.7143,0.3255
B002FBUY0I,3,5.0,0.9415
B002FBY3GE,3,2.6667,0.6119
B002FBY3YG,1,5.0,0.9686
B002FBY4AO,1,5.0,0.8399
B002FC2DYW,1,1.0,0.5839
B002FC6JZG,13,3.8462,0.4075
B002FC7T8W,2,5.0,0.8974
B002FDK8YI,1,5.0,0.9719
B002FDW6H0,1,5.0,0.9079
B002FIWHBU,1,1.0,0.9822
B002FJCWJ6,2,3.5,0.956
B002FJCXX6,3,3.0,0.5516
B002FJM9SU,20,4.1,0.6854
B002FJW54I,1,5.0,0.7717
B002FJYBWC,1,3.0,-0.296
B002FJYHS0,1,4.0,-0.0258
B002FK060M,1,5.0,0.9468
B002FNL5A4,1,2.0,0.6597
B002FONC4U,1,5.0,0.9842
B002FOSI7G,1,5.0,0.743
B002FP0IJQ,1,5.0,0.9169
B002FS8T5S,5,3.4,0.3833
B002FT3HHW,1,5.0,0.9584
B002FT3I1M,2,4.5,0.7702
B002FUGVV0,1,5.0,0.8442
B002FVQX3A,1,5.0,0.765
B002FWTEYY,7,4.4286,0.5858
B002FWXZBM,1,5.0,0.7096
B002FX2HG0,5,4.8,0.9234
B002FX2HX8,1,4.0,0.7964
B002FX2IOQ,5,4.6,0.7528
B002FX3EV2,1,1.0,-0.7506
B002FXIMDM,3,4.6667,0.0683
B002FXJVQO,2,4.0,0.9162
B002FXL7KM,1,5.0,0.7845
B002FXOTOS,3,4.0,0.9294
B002FYAMUC,1,5.0,0.9079
B002FYAN06,4,4.0,0.7913
B002FYAN60,1,5.0,0.9734
B002FYG2N8,2,4.0,0.4668
B002FYI7LI,1,5.0,0.9686
B002FYI80S,1,5.0,0.6249
B002FYJTCE,2,5.0,0.9574
B002FYJTL0,1,4.0,0.5574
B002FYJTYW,4,5.0,0.5372
B002FYJVHW,3,4.3333,0.5621
B002FYJVS6,2,4.0,0.8003
B002FYQ7TW,1,4.0,0.8689
B002FYTPRI,1,5.0,0.8779
B002FYU2R0,7,4.2857,0.6719
B002FZLJWG,2,3.0,0.5362
B002FZN8T8,1,5.0,0.9061
B002FZORD4,1,5.0,0.9879
B002FZQR8M,1,4.0,0.8479
B002G06NEO,7,4.4286,0.9145
B002G0CA6O,6,4.3333,0.7408
B002G1N2X8,1,5.0,0.8658
B002G8AYQO,1,1.0,0.9891
B002G8D2AO,2,5.0,0.7042
B002G8DQ3W,1,5.0,0.9157
B002G8EJSI,1,1.0,0.5859
B002G8FO64,1,5.0,0.9313
B002G8N4ZW,1,5.0,0.7351
B002G96XUE,4,4.0,0.6116
B002G98QF4,1,5.0,0.9163
B002GC3D8Q,3,4.3333,-0.1328
B002GCBFVS,1,5.0,0.7769
B002GCRRRE,1,5.0,0.9117
B002GCYCHW,1,5.0,0.6945
B002GD6BBQ,1,5.0,0.8999
B002GDH5Y8,1,1.0,-0.1027
B002GE5W60,1,5.0,0.4404
B002GE9Y3W,1,5.0,0.6703
B002GE9YE6,1,5.0,0.9694
B002GECBG4,1,5.0,0.9118
B002GEFR74,2,4.5,0.8136
B002GFMHOE,1,1.0,0.651
B002GJ75QK,1,1.0,0.7501
B002GJ9JIM,1,5.0,0.9793
B002GJ9JWS,59,4.5763,0.7883
B002GJ9JY6,56,4.4464,0.7188
B002GJBQ0Q,1,5.0,0.8316
B002GJBQ1A,1,5.0,0.7351
B002GJIP5K,1,1.0,0.8935
B002GJVIVS,6,4.5,0.9651
B002GJY2CU,1,5.0,0.7096
B002GJZYGI,1,2.0,0.9287
B002GKEK7G,53,4.3019,0.6706
B002GOW3CG,1,5.0,0.8519
B002GOYB9O,1,5.0,0.8519
B002GOYT1O,2,5.0,0.7686
B002GOYT3M,2,3.5,0.9485
B002GOYT4G,2,5.0,0.826
B002GOYT9G,1,2.0,-0.4767
B002GOZ43G,1,1.0,0.6697
B002GP3HIY,3,4.3333,0.9337
B002GP3ZXQ,2,5.0,0.7677
B002GP400S,1,5.0,0.9186
B002GP405S,1,5.0,0.8555
B002GP442M,1,2.0,0.5954
B002GP5SY0,1,5.0,0.8648
B002GP9F8K,1,5.0,0.743
B002GPG6BE,1,5.0,0.765
B002GPK28C,1,1.0,-0.3134
B002GPLI76,2,5.0,0.913
B002GPNT32,8,4.5,0.7686
B002GPNT5U,2,2.0,0.751
B002GPPXRW,1,1.0,-0.4404
B002GQ3IDC,6,4.1667,0.5581
B002GQ6OEM,9,3.2222,0.6235
B002GTX1WM,1,1.0,0.7351
B002GU3JSM,1,5.0,0.2561
B002GUE5W6,7,4.5714,0.8888
B002GUPDUO,1,5.0,0.9186
B002GUWBMC,1,1.0,0.0
B002GUXYO6,2,4.0,0.7015
B002GWFA1Y,22,4.1818,0.7707
B002GWFA64,2,3.0,0.4678
B002GWFAEG,1,5.0,0.802
B002GWFAGO,1,5.0,0.9423
B002GWFAM8,3,4.3333,0.816
B002GWFANW,4,4.75,0.8038
B002GWFAUU,5,3.8,0.7118
B002GWFAX2,3,5.0,0.9635
B002GWFAXW,5,2.8,0.507
B002GWFAZK,1,5.0,0.8016
B002GWFB40,2,5.0,0.9246
B002GWFBIG,1,2.0,-0.1788
B002GWFC1C,1,5.0,0.972
B002GWFC3K,1,5.0,0.9634
B002GWH44A,1,4.0,0.7783
B002GWH4HM,1,3.0,0.9552
B002GWH5BM,1,4.0,0.802
B002GWH5R6,1,5.0,0.6962
B002GWH5V2,1,5.0,0.8807
B002GWH6CK,4,3.0,0.8382
B002GWH6HA,1,1.0,-0.4019
B002GWH6IE,1,4.0,0.9771
B002GWH6MA,7,3.7143,0.6371
B002GWH6NE,1,5.0,0.9386
B002GWH6XY,1,4.0,0.4159
B002GWH78S,4,4.5,0.8682
B002GWH7DS,1,1.0,0.5267
B002GWH7JM,1,1.0,0.8588
B002GWH7ME,1,5.0,0.982
B002GWH7O2,2,5.0,0.9128
B002GWH7QA,2,4.5,0.8568
B002GWH7SS,1,5.0,0.6442
B002GWH84Q,1,1.0,0.91
B002GWH87I,8,3.125,0.5617
B002GWH8HI,1,5.0,0.9231
B002GWH8J6,1,1.0,-0.8176
B002GWH8N2,2,4.5,0.7959
B002GWH8QE,1,5.0,0.8503
B002GWH8SM,2,4.0,0.9462
B002GWH92W,4,4.75,0.7998
B002GWH972,5,4.2,0.6404
B002GWH9BI,1,5.0,0.6597
B002GWH9FE,2,5.0,0.9174
B002GWH9L8,2,4.0,0.938
B002GWH9NG,4,4.25,0.8982
B002GWHA2Q,1,5.0,0.8885
B002GWHA62,1,5.0,0.7717
B002GWHA8K,4,4.75,0.9412
B002GWHAOO,3,4.0,0.2949
B002GWHATY,5,4.2,0.7822
B002GWHAVM,1,4.0,0.875
B002GWHAXK,2,3.5,0.6492
B002GWHB02,1,5.0,0.9042
B002GWHB66,1,4.0,0.4588
B002GWHBGQ,1,4.0,0.6908
B002GWHBJ8,1,3.0,-0.1779
B002GWHBKM,3,2.6667,-0.0626
B002GWHBNO,1,5.0,0.802
B002GWHBU2,1,5.0,0.9246
B002GWHBW0,1,5.0,0.8555
B002GWHC8I,3,4.6667,0.1383
B002GWHCBU,1,3.0,0.7806
B002GWHCII,5,3.8,0.6538
B002GWHCLK,4,3.75,0.8589
B002GWHCNS,6,4.0,0.392
B002GWHCQ0,2,4.0,0.8298
B002GWHD2S,2,4.5,0.6813
B002GWHDE6,1,5.0,0.9724
B002GWHDFU,1,4.0,0.7096
B002GWHDLE,1,5.0,0.7506
B002GWHDNC,3,3.3333,0.4408
B002GWHDPA,2,4.0,0.4604
B002GWHDRS,3,3.3333,0.424
B002GWHDT6,5,4.4,0.6455
B002GWHDV4,1,4.0,0.9517
B002GWHDW8,6,3.0,0.1265
B002GWHDZA,3,2.6667,0.3155
B002GWHE1I,3,5.0,0.4302
B002GWHFBC,1,5.0,0.9424
B002GWHGNY,2,5.0,0.9256
B002GWM80U,1,5.0,0.5994
B002GWM8FA,1,5.0,0.8214
B002GWM8OG,1,3.0,0.7506
B002GWM8ZU,1,5.0,0.7506
B002GWM95E,2,5.0,0.9328
B002GWMA08,1,5.0,0.9409
B002GWMA2Q,1,5.0,0.9371
B002GWMATY,2,4.0,0.8427
B002GWMAVC,1,4.0,0.8555
B002GWMAWG,4,2.75,0.8362
B002GWMB0W,1,4.0,0.4019
B002GWMB5C,1,4.0,0.8658
B002GWMB98,1,4.0,0.743
B002GWMBWA,1,5.0,0.9595
B002GWMC7Y,1,4.0,0.9728
B002GWMCCE,2,3.5,0.2295
B002GWMCIS,1,1.0,0.8934
B002GWMCPG,3,4.0,0.9229
B002GWMD2I,18,4.7222,0.8841
B002GWMD7I,4,4.25,0.6052
B002GWMDLY,1,5.0,0.7964
B002GWME72,1,5.0,0.5574
B002GWME90,1,5.0,0.8658
B002GWMEFO,1,5.0,0.128
B002GWMEHW,6,4.3333,0.9045
B002GWMEK4,1,5.0,0.964
B002GWMEL8,3,3.6667,0.8837
B002GWMEO0,2,4.5,0.95
B002GWMFHQ,1,1.0,0.6705
B002GWMGAC,1,5.0,0.8074
B002GWMGES,1,5.0,0.8074
B002GWMGGQ,1,5.0,0.9539
B002GWMGJI,2,3.0,0.7546
B002GWMGV6,1,5.0,0.5719
B002GWMGYI,1,4.0,0.743
B002GWMP0S,2,4.0,0.3268
B002GWQ32O,1,5.0,0.4951
B002GWQ3GA,1,5.0,0.5413
B002GWQ3LA,1,5.0,0.8805
B002GWQ3V0,1,1.0,0.34
B002GWSAKM,4,4.0,0.777
B002GXDEZM,1,5.0,0.8805
B002GXF44Q,1,5.0,0.8807
B002GXMCK0,1,5.0,0.7003
B002GZIEP0,6,3.6667,0.7402
B002GZJO6S,1,5.0,0.9531
B002GZPI0Y,1,5.0,0.4215
B002H01FRI,1,5.0,0.93
B002H05LVY,1,5.0,0.9657
B002H1PS34,1,4.0,0.9952
B002H5FMJ0,1,5.0,0.9231
B002H96TVQ,1,5.0,0.3818
B002HA6S16,1,4.0,0.9586
B002HAVPLO,1,1.0,-0.9332
B002HET6FC,2,4.5,0.9632
B002HEV0ME,1,5.0,0.9468
B002HFH6FS,1,2.0,0.1779
B002HFN83C,1,5.0,0.7579
B002HFNB5C,1,4.0,0.4019
B002HFNESG,1,5.0,0.4404
B002HFP5W4,1,5.0,0.9217
B002HFP7VS,2,5.0,0.938
B002HFPW6I,22,3.6364,0.579
B002HFQSY8,2,5.0,0.7505
B002HFQUR8,2,5.0,0.1175
B002HFQUX2,1,4.0,0.4019
B002HFRA9K,1,2.0,0.7984
B002HFRAF4,5,4.2,0.8464
B002HFRAN6,19,3.7895,0.5341
B002HFRYZ0,2,5.0,0.2756
B002HFS22E,1,4.0,0.8581
B002HFS2YW,1,4.0,0.969
B002HFU49S,1,5.0,0.9849
B002HFU7HC,1,4.0,0.9716
B002HFUHQ8,1,5.0,0.8316
B002HFUHY0,1,5.0,0.7579
B002HFUMCC,1,4.0,0.9845
B002HFW8N8,1,4.0,0.8822
B002HFW9P0,1,5.0,0.7096
B002HFW9RS,1,4.0,0.9872
B002HFWMB6,1,3.0,0.9136
B002HFWMOI,30,4.1,0.6379
B002HFWN38,5,3.2,0.377
B002HFWN5Q,5,5.0,0.8424
B002HFWNAQ,26,4.5385,0.6873
B002HFWNEW,1,3.0,0.9081
B002HFWNKG,22,4.4091,0.781
B002HFWQR6,2,3.5,0.4274
B002HFWQW6,2,3.0,0.7772
B002HG07M6,2,4.5,0.922
B002HG07VC,1,5.0,0.902
B002HG5BNQ,1,5.0,0.9359
B002HG5BQ8,1,5.0,0.8519
B002HG6Z8Q,2,3.5,0.8492
B002HGQ0YK,1,5.0,0.95
B002HJDG8A,1,5.0,0.9246
B002HJYWXI,1,4.0,0.7216
B002HK5EW0,2,5.0,0.9082
B002HK6RXK,1,5.0,0.9719
B002HKBQK4,3,5.0,0.8171
B002HMLMHY,2,5.0,0.2825
B002HMUYUK,1,5.0,0.9618
B002HMZ004,1,5.0,0.9246
B002HMZ87O,4,5.0,0.9402
B002HN0EYK,3,4.0,0.3992
B002HN0F12,1,5.0,0.8779
B002HN2BM8,1,5.0,0.6597
B002HNC8VW,3,5.0,0.911
B002HNDYZG,2,5.0,0.7521
B002HNS55A,3,5.0,0.8693
B002HNW27W,1,5.0,0.9524
B002HNZRKQ,2,5.0,0.9508
B002HO1OAM,1,5.0,0.9022
B002HP0TVG,1,5.0,0.9786
B002HP2XB0,1,4.0,0.9487
B002HPN51W,1,3.0,0.875
B002HPOPUW,2,4.5,0.7641
B002HQB13U,1,5.0,0.6369
B002HQCVHU,1,4.0,0.9559
B002HQCWYM,5,4.6,0.5625
B002HQCZ12,1,3.0,0.6369
B002HQD2FK,1,5.0,0.9796
B002HQD3BI,1,5.0,0.9841
B002HQE11O,6,3.0,0.7163
B002HQEYUC,1,1.0,-0.959
B002HQFN9I,1,5.0,0.7988
B002HQGNYW,1,3.0,0.8126
B002HQGP4U,1,5.0,0.9081
B002HQKMUI,1,5.0,0.765
B002HQKZ3W,1,5.0,0.9887
B002HQLY7S,21,4.2381,0.7857
B002HQM53K,1,5.0,0.6249
B002HQNCBO,3,3.3333,0.9415
B002HQNING,1,2.0,0.1779
B002HQOHN6,1,1.0,-0.34
B002HQP29E,1,5.0,0.0
B002HQP4WO,1,5.0,0.6808
B002HQP55K,1,3.0,0.9663
B002HQV3UQ,1,5.0,0.4767
B002HSYAJK,5,3.6,0.7675
B002HT2CU8,1,4.0,0.9709
B002HVIWWS,2,5.0,0.8478
B002HZEDY0,5,4.6,0.8026
B002I0T7TK,1,5.0,0.9382
B002I39NYQ,1,5.0,0.8588
B002I6DZ92,1,5.0,0.9382
B002I7KNSW,1,1.0,-0.5423
B002I7KOFY,1,1.0,0.7522
B002I7TKFO,1,4.0,0.9002
B002I9UKWE,2,5.0,0.7954
B002I9X4TU,1,3.0,-0.4215
B002I9YH2I,2,4.0,0.6647
B002IAPXS4,4,5.0,0.8794
B002IAX08O,1,5.0,0.9543
B002IEGUUK,1,5.0,0.9493
B002IEJCFA,1,5.0,0.7107
B002IEU6NW,1,5.0,0.6124
B002IEVJRY,86,3.814,0.8701
B002IEZJMA,92,3.587,0.8267
B002IFEM0Y,1,5.0,0.7994
B002IFO1DM,1,1.0,0.8481
B002IFUU82,1,5.0,0.8718
B002IGKG0I,2,5.0,0.8736
B002IGKVLM,1,5.0,0.926
B002IJ2248,2,3.0,0.7192
B002IMS5WS,1,5.0,0.9674
B002IN5HT6,1,1.0,-0.4019
B002INDU22,6,3.1667,0.8152
B002INKBC4,1,5.0,0.5719
B002IQO03M,2,5.0,0.8762
B002IRMO16,1,4.0,0.9153
B002ISC320,1,5.0,0.8658
B002ITCXHO,1,4.0,0.9136
B002ITIBQG,3,3.6667,0.7068
B002IVDAH4,3,5.0,0.8027
B002IVDATM,1,5.0,0.8122
B002IY2VL2,5,4.6,0.9276
B002IY5OY8,1,2.0,-0.9729
B002IY7T82,1,3.0,0.8625
B002IYDXUU,5,4.2,0.519
B002IYDXVE,1,2.0,0.9973
B002IYDXW8,2,3.5,0.3024
B002IYIWGA,1,5.0,0.93
B002IZFLSQ,1,4.0,0.6369
B002J0EAPA,2,5.0,0.8694
B002J0NNYE,1,5.0,0.9463
B002J24Q52,1,5.0,0.9723
B002J28SFQ,1,4.0,0.8779
B002J2DO8W,1,5.0,0.7845
B002J2YAC6,1,5.0,0.886
B002J5K5R2,1,5.0,0.3612
B002J65DBO,2,3.0,0.9087
B002J6789O,1,2.0,0.5106
B002J678A8,1,5.0,0.6249
B002J678AI,1,5.0,0.9567
B002J678B2,2,5.0,0.7646
B002J6ARK6,1,5.0,0.9953
B002J6CRFE,1,5.0,0.9567
B002J6EUW2,1,2.0,0.6369
B002J75TG2,1,5.0,0.9595
B002J75TH6,1,5.0,0.875
B002J771J0,3,4.0,0.6093
B002J90GAO,1,1.0,0.8519
B002J9AZSC,1,1.0,0.8658
B002J9EUFG,1,5.0,0.7845
B002J9HQIY,1,5.0,0.9693
B002J9HQPC,1,5.0,0.8957
B002J9J8QC,2,5.0,0.782
B002J9NR14,1,5.0,0.936
B002JA06Z8,4,5.0,0.9472
B002JAEKAU,1,5.0,0.6808
B002JANPDI,11,4.0,0.7975
B002JEYXSK,3,4.3333,0.6857
B002JEYY9I,1,5.0,0.5106
B002JFZLZ8,2,3.0,0.9008
B002JG5TVS,11,3.8182,0.721
B002JGBBWY,1,4.0,0.9459
B002JGBC96,5,4.8,0.8228
B002JIDGRA,1,5.0,0.8969
B002JIHFXG,1,5.0,0.8969
B002JIHG1M,1,5.0,0.8883
B002JIIYQI,1,1.0,0.0516
B002JIO0RU,10,3.0,0.5608
B002JIOSHC,2,5.0,0.8919
B002JKUVG2,6,4.8333,0.8588
B002JL0MT2,2,5.0,0.9072
B002JLT5D6,1,4.0,0.9755
B002JLT5TA,2,5.0,0.9151
B002JLT6F8,1,5.0,0.9084
B002JLTIP6,2,5.0,0.724
B002JLTIWE,1,1.0,0.4339
B002JME170,2,5.0,0.8954
B002JNF8CG,1,3.0,0.4576
B002JQPDKA,1,3.0,0.6096
B002JV05U8,2,1.5,0.9038
B002JV05VW,3,5.0,0.7902
B002JV5FTY,1,5.0,0.9349
B002JV5M3S,1,3.0,0.836
B002JV6976,1,5.0,0.8519
B002JV89OC,1,5.0,0.1779
B002JVN69K,1,5.0,0.8625
B002JVOUXG,1,4.0,0.6369
B002JVPFZ8,1,5.0,0.8111
B002JVSW1W,1,5.0,0.8625
B002JWKSIG,1,3.0,0.6802
B002JWLZOM,1,3.0,0.0
B002JWZVWO,8,3.25,0.7641
B002JX7GVM,3,4.6667,0.9786
B002K5VL3S,1,5.0,0.9136
B002K62BWW,1,5.0,0.9578
B002K649KE,2,5.0,0.8419
B002K660HY,2,4.0,0.4988
B002K660K6,1,5.0,0.9136
B002K660LU,1,1.0,0.9547
B002K660S8,1,3.0,0.3252
B002K6831U,1,2.0,0.8275
B002K6A692,1,1.0,0.6124
B002K6A6BA,1,5.0,0.9184
B002K6BV3C,1,5.0,0.971
B002K6BV78,1,5.0,0.9036
B002K6XVXA,3,4.6667,0.9118
B002K8VFE0,1,5.0,0.9623
B002K9GJI6,1,5.0,0.969
B002K9PWQG,1,5.0,0.7964
B002KA0V7A,3,4.0,0.8408
B002KAL1B0,2,5.0,-0.0222
B002KAMLDM,1,4.0,0.9709
B002KB2ASM,5,4.4,0.8672
B002KB2CMG,1,5.0,0.9399
B002KB2CRQ,1,1.0,0.128
B002KB3ZZ4,1,1.0,0.9524
B002KB42HO,1,5.0,0.8316
B002KB435A,1,3.0,0.765
B002KB43HS,1,5.0,0.7845
B002KB5VOM,1,4.0,0.4767
B002KB5VZG,1,5.0,0.9595
B002KB5YGW,1,5.0,0.6808
B002KB5YK8,1,2.0,0.9899
B002KB76AY,2,4.0,0.2148
B002KB7CWQ,1,5.0,0.9595
B002KB97N8,1,5.0,0.9774
B002KB9CQK,1,3.0,0.3818
B002KBFW5A,1,5.0,0.9652
B002KDSAD4,1,5.0,0.9485
B002KDU5L4,1,5.0,0.9201
B002KDU5PA,1,5.0,0.5994
B002KE33QC,1,5.0,0.9325
B002KE92UI,1,5.0,0.9545
B002KEFZIQ,1,5.0,0.0
B002KEJYGA,2,3.0,0.2071
B002KG1WW2,1,5.0,0.4767
B002KGBOAM,1,5.0,0.8805
B002KGN4LE,1,5.0,0.986
B002KHXH60,1,5.0,0.6486
B002KIIDWM,1,3.0,0.9393
B002KIR8LY,1,2.0,0.8625
B002KLLHF4,6,2.8333,0.5882
B002KMOUWU,1,5.0,0.9765
B002KMVS9S,1,1.0,-0.5888
B002KNFU8C,1,5.0,0.2732
B002KNWSFA,2,4.5,0.8436
B002KNY7RC,2,4.5,0.7326
B002KO69ZO,1,5.0,0.8689
B002KO9ND4,1,5.0,0.9819
B002KOTMX0,2,3.0,-0.0761
B002KRVSNY,2,3.0,0.7423
B002KUQENU,1,5.0,0.891
B002KUSAVE,1,5.0,0.9371
B002KXY8VM,3,4.3333,0.84
B002L02QRW,2,3.0,0.6212
B002L0JDQ4,2,5.0,0.9131
B002L2ABH2,1,5.0,0.8173
B002L2K75I,1,1.0,0.6697
B002L35LH6,3,5.0,0.4121
B002L3RV9W,2,5.0,0.9575
B002L3RVA6,2,5.0,0.6188
B002L3RVBA,8,3.75,0.728
B002L3RVC4,1,5.0,0.8934
B002L41CBO,2,5.0,0.7977
B002L6Y3LS,1,5.0,0.9517
B002L7HZ8U,9,4.8889,0.795
B002L7YN26,1,4.0,0.926
B002L80MZ2,1,5.0,0.9554
B002L82UX4,1,4.0,0.926
B002L82VN8,1,5.0,0.9595
B002L8XKEW,7,4.4286,0.6944
B002L8XKZG,1,5.0,0.9643
B002L8XM86,1,5.0,0.9001
B002L96J0I,1,5.0,0.8689
B002L96ULG,2,5.0,0.8944
B002L96UVG,2,5.0,0.8944
B002L96W2I,4,5.0,0.8921
B002L96X68,5,5.0,0.7697
B002L96XZE,4,4.0,0.3588
B002L96YM6,5,3.6,0.6176
B002L9P7BU,1,5.0,0.9552
B002L9USRS,1,5.0,0.9784
B002L9WI76,2,5.0,0.9674
B002LANN56,70,3.8,0.8375
B002LAX338,1,3.0,-0.296
B002LBLFCS,1,3.0,-0.6124
B002LBTIJA,1,2.0,0.0
B002LBYW64,1,5.0,0.9917
B002LCABR2,1,5.0,0.9538
B002LCDJW6,1,4.0,0.9274
B002LCKPU0,3,4.3333,0.699
B002LCKSJI,1,5.0,0.9474
B002LD40SW,1,4.0,0.8012
B002LDA2NY,1,5.0,0.9607
B002LDA2TS,1,5.0,0.7832
B002LDABS0,1,3.0,0.9915
B002LEKLJ8,1,5.0,0.9706
B002LFBA8S,3,4.6667,0.9072
B002LFBAEW,3,2.6667,0.4454
B002LGNT8Q,1,4.0,0.872
B002LGOPXE,1,5.0,0.9287
B002LGZL46,1,5.0,0.7096
B002LI7Z48,1,2.0,0.607
B002LINWX6,1,4.0,0.8689
B002LIUPFY,1,4.0,0.9741
B002LK2M30,1,5.0,0.9517
B002LL6YA6,1,5.0,0.9231
B002LL7OXM,10,4.4,0.3825
B002LL8Q2K,1,5.0,0.8622
B002LLJKNE,1,5.0,0.9572
B002LLJKUM,1,4.0,0.9682
B002LM3RRI,1,4.0,0.969
B002LMA8FC,1,5.0,0.9808
B002LMGV0S,3,4.6667,0.4424
B002LMQ6OO,4,4.25,0.9527
B002LMQRA2,2,5.0,0.9233
B002LMUQ36,3,2.0,0.3836
B002LMXFCU,1,5.0,0.9976
B002LMYPXS,1,5.0,0.902
B002LN1ME2,35,4.5714,0.692
B002LN3A7E,1,4.0,0.987
B002LN3BUA,1,5.0,0.92
B002LN3K6K,3,3.6667,0.2461
B002LN4DKW,1,5.0,0.7783
B002LN4KEQ,1,5.0,0.9595
B002LN4YF6,1,3.0,0.9791
B002LN566C,2,4.0,0.8169
B002LN97TE,1,5.0,0.9287
B002LNL02Q,1,5.0,0.7003
B002LNZ6BM,1,4.0,0.9402
B002LNZ7J8,1,5.0,0.8316
B002LNZ7M0,1,3.0,0.1779
B002LO5SFA,2,5.0,0.419
B002LQTOPS,1,5.0,0.8442
B002LSI1SC,1,1.0,0.0
B002LSI1SW,2,3.5,0.7308
B002LTFNFA,1,5.0,0.7579
B002LTST10,1,2.0,0.5332
B002LV6LAY,3,4.0,0.4546
B002LV6LFY,5,4.8,0.6853
B002LV6LKY,2,4.5,0.8989
B002LV6LUE,2,5.0,0.3454
B002LV6LWW,5,4.2,0.7594
B002LV6M0S,3,4.3333,0.6176
B002LV6M9E,1,5.0,-0.8807
B002LVA88U,8,5.0,0.89
B002LVAC5Y,3,1.0,0.8038
B002LVACUE,5,4.6,0.5508
B002LVACWM,3,4.0,0.8074
B002LVACZE,1,5.0,0.6369
B002LY6Y26,1,1.0,-0.6486
B002LYEPZO,1,2.0,0.4767
B002LZBMMC,2,5.0,0.7884
B002M2SM0O,1,5.0,0.9558
B002M3QZKM,1,5.0,0.9571
B002M3UTCM,3,5.0,0.7004
B002M42YME,1,5.0,0.9756
B002M53GFC,1,5.0,0.9535
B002M53IUU,1,1.0,0.6705
B002M55GY6,2,5.0,0.8822
B002M55LKU,1,5.0,0.6983
B002M55ORK,1,4.0,0.9413
B002M5CNAG,1,3.0,0.9559
B002M5EDL8,1,1.0,-0.5198
B002M5GXC0,1,4.0,0.9245
B002M5MYWI,1,4.0,0.1531
B002MAH7MK,2,3.0,0.9475
B002MALPP0,1,5.0,0.9628
B002MAWZX6,4,4.0,0.9159
B002MAX026,2,3.5,0.8696
B002MAX09O,2,4.0,0.9366
B002MB2JC2,7,4.4286,0.6089
B002MCHN8Q,1,5.0,0.9618
B002MF18TS,3,4.6667,0.884
B002MF62D0,1,5.0,0.9904
B002MFMZ9A,1,2.0,-0.25
B002MFT4VM,1,4.0,0.9853
B002MFYRDC,1,5.0,0.9636
B002MFZDCQ,1,1.0,0.3818
B002MFZXI0,1,4.0,0.8405
B002MFZXOO,1,5.0,0.6908
B002MG07X0,1,1.0,0.0
B002MG4Y9S,1,1.0,0.9424
B002MGCWBU,1,3.0,0.296
B002MGM5EE,2,4.5,0.0334
B002MGO768,2,4.5,0.8535
B002MGRVIY,1,4.0,0.7783
B002MGRWVA,1,5.0,0.7783
B002MGVYK0,2,5.0,0.9013
B002MIAN9G,1,5.0,0.0237
B002MKGP5U,1,2.0,0.2023
B002ML88CM,1,5.0,0.9788
B002ML88ZO,1,4.0,0.7579
B002MN424S,1,5.0,0.9552
B002MO28GQ,1,5.0,0.7627
B002MO765O,15,4.8,0.6914
B002MQAN2U,2,4.0,0.6046
B002MQG4Q4,1,2.0,0.9652
B002MQSUJS,1,4.0,0.9453
B002MQYUHO,1,5.0,0.8807
B002MRHQK6,2,5.0,0.5319
B002MRMCI2,1,4.0,0.8625
B002MS9FY0,2,5.0,0.8466
B002MTUD1S,1,3.0,0.9044
B002MTWQ4A,1,4.0,0.9524
B002MTY1PM,1,3.0,0.9615
B002MTYP8U,1,5.0,0.9729
B002MU02EU,1,4.0,0.9531
B002MU1ZMI,1,5.0,0.5994
B002MU3XMS,3,1.6667,0.1446
B002MUMS0G,1,1.0,-0.4404
B002MUUV4Q,1,5.0,0.8591
B002MUYM3C,1,1.0,0.4588
B002MV23XM,1,5.0,0.9231
B002MVJV5K,2,1.0,0.739
B002MVKXRK,1,2.0,-0.1027
B002MW6IIM,3,3.6667,0.7291
B002MWZOSM,2,5.0,0.8896
B002MXJT2S,2,2.5,0.4455
B002MXSAD2,9,4.3333,0.881
B002MXU1X4,1,5.0,0.6369
B002MY211S,1,5.0,0.9766
B002MY3R70,1,5.0,0.8667
B002MYF3T0,2,3.0,0.2006
B002MYQLVY,1,1.0,-0.1531
B002MYVX2Q,1,5.0,0.5719
B002MZAJFC,1,5.0,0.9832
B002MZVVZ4,1,3.0,0.9584
B002N27HI6,1,5.0,0.9555
B002N2NSFM,1,4.0,0.4019
B002N2R7WM,1,1.0,0.0
B002N2T0H2,2,3.0,-0.1932
B002N2XXUC,1,5.0,0.4215
B002N3EIMS,1,2.0,0.3612
B002N3EIZ0,1,1.0,0.0
B002N3OZ4E,1,4.0,0.3182
B002N3XZ6I,1,5.0,0.6486
B002N4AUH4,1,5.0,0.8779
B002N4ID5K,6,3.8333,0.619
B002N4KDV2,1,5.0,0.9915
B002N4M6IA,2,2.5,0.777
B002N4O8WC,2,5.0,0.9802
B002N5IHSW,3,2.6667,0.628
B002N62GA6,1,5.0,0.6697
B002N6C1EC,1,5.0,0.9108
B002N723Q2,1,1.0,0.763
B002N723W6,3,3.6667,0.8381
B002N749GY,2,5.0,0.9138
B002N7DSLG,15,4.8667,0.8006
B002N7DSNE,12,4.5833,0.7805
B002N7DSP2,13,4.4615,0.7079
B002N7FSRI,2,4.0,0.8696
B002N7OCGQ,13,4.0769,0.7488
B002NBIE34,1,1.0,0.0
B002NBUNYM,1,2.0,0.818
B002NC1MXC,3,3.6667,0.8113
B002NCAKDU,1,5.0,0.9821
B002NDIW5C,1,5.0,0.9509
B002NEDJ3G,1,5.0,0.7351
B002NEZK5G,1,3.0,-0.3695
B002NGFHKC,2,5.0,0.7137
B002NGJV2C,1,5.0,0.9584
B002NGKHPM,1,5.0,0.7624
B002NGOG72,1,5.0,0.9022
B002NGQSD2,1,5.0,0.9001
B002NGZ1OO,1,5.0,0.8519
B002NHSQ6I,1,5.0,0.8895
B002NHSQN6,1,5.0,0.9712
B002NHSQRM,1,5.0,0.707
B002NHSQYU,1,5.0,0.9686
B002NHYQAS,45,3.7111,0.8721
B002NLQV02,1,3.0,0.942
B002NLY0QE,1,5.0,0.9081
B002NM1UYS,5,4.8,0.8691
B002NM7CGI,1,5.0,0.6115
B002NNJWJ2,3,5.0,0.9185
B002NNLRT0,1,4.0,0.3182
B002NRKWXI,1,5.0,0.9081
B002NSFCAK,3,3.6667,0.8557
B002NSG0R4,2,5.0,0.8468
B002NVLIRS,1,5.0,0.8316
B002NVZDR4,7,5.0,0.771
B002NWIQQI,3,3.6667,0.8082
B002NWIQWW,5,3.8,0.6192
B002NX6RZ4,1,1.0,0.6361
B002NXBAIS,1,1.0,0.34
B002NZUO38,1,4.0,0.9595
B002NZZ8HU,1,1.0,0.0
B002O039DO,4,5.0,0.9384
B002O039JI,3,4.6667,0.876
B002O057SO,1,5.0,0.9845
B002O0ER3K,2,5.0,0.8966
B002O0JXVQ,1,5.0,0.9738
B002O0NGR8,3,4.3333,0.5544
B002O10K6C,4,3.25,0.3318
B002O1143K,2,3.0,0.547
B002O12YHA,3,5.0,0.9385
B002O1355U,1,3.0,0.9227
B002O19HWU,6,3.1667,0.7232
B002O1EESM,3,5.0,0.6924
B002O1EEX2,1,1.0,0.7351
B002O1IEII,6,4.1667,0.8709
B002O3VHXU,2,4.5,0.8629
B002O48TRG,1,5.0,0.8689
B002O58YH0,2,2.5,0.7932
B002O5C6QU,1,5.0,0.9866
B002O5QWD8,6,3.5,0.5841
B002O62H5E,2,5.0,0.939
B002O79742,1,5.0,0.8927
B002O7BAB0,1,4.0,0.8598
B002O7F1WY,1,3.0,0.9231
B002OAOADW,3,4.6667,0.6003
B002OC5W7S,1,1.0,-0.0772
B002OC74WO,1,3.0,0.7579
B002OCNB8U,4,4.75,0.2555
B002OCUKZ2,1,5.0,0.9246
B002ODE1PQ,4,3.5,0.4983
B002OF2V9C,3,5.0,0.8098
B002OFH5G6,2,4.5,0.7232
B002OFH5YS,2,4.5,0.8788
B002OFOJ1K,2,5.0,0.9333
B002OFTFVY,1,5.0,0.8779
B002OFU7MK,7,3.8571,0.5496
B002OFU7W0,11,4.5455,0.7676
B002OFU84M,5,3.8,0.5918
B002OFU8JC,11,3.2727,0.7836
B002OFU94G,4,3.0,0.1553
B002OFUBJO,17,3.6471,0.6031
B002OFUC8O,14,3.7143,0.636
B002OFZIV0,8,3.125,0.7698
B002OFZM8O,25,3.84,0.6656
B002OFZMPW,18,3.7778,0.5255
B002OG1L4W,9,3.6667,0.0586
B002OG1NUO,16,4.0,0.5855
B002OG4ZBS,1,5.0,0.886
B002OG89MO,4,5.0,0.8988
B002OGFICS,3,4.0,0.8431
B002OGYXX8,1,5.0,0.7906
B002OHOC6A,2,4.5,0.8647
B002OI9U9I,1,5.0,-0.0186
B002OK2FCA,4,4.25,0.9061
B002OK6E6I,12,4.6667,0.8599
B002OKY0BY,1,5.0,0.8883
B002OL2MWM,30,4.7333,0.6994
B002OMAZ5C,1,5.0,0.7184
B002OMB1C8,1,1.0,-0.5859
B002OMV09W,6,3.5,0.327
B002ON641U,2,2.5,0.7091
B002ON7JOG,1,4.0,0.9778
B002ONDEVI,1,5.0,0.9287
B002ONIVX4,1,5.0,0.7783
B002ONKMGI,1,5.0,0.7717
B002ONM234,1,5.0,0.6249
B002ONODZO,1,5.0,0.9442
B002ONOE6C,1,5.0,0.8591
B002OOY09M,1,2.0,-0.7574
B002OSFQ2I,6,5.0,0.8852
B002OSS32I,1,3.0,0.4588
B002OULTLS,1,5.0,0.9001
B002OVICJO,14,5.0,0.9002
B002OVKB2U,1,3.0,0.4019
B002OVO5EK,4,4.25,0.654
B002OVS8KW,8,4.625,0.8569
B002OW55CA,1,5.0,0.9153
B002P1INQA,1,3.0,0.9588
B002P23I50,4,2.5,0.7864
B002P2P8TE,3,4.0,0.6335
B002P2RL8A,5,4.2,0.6059
B002P2RMGQ,1,5.0,0.9565
B002P2V7BW,1,5.0,0.5106
B002P3C134,1,5.0,-0.25
B002P5D37K,1,5.0,0.9118
B002P6CL7C,1,1.0,0.2247
B002P936UK,2,4.0,0.932
B002P9D704,2,1.0,-0.5698
B002P9MIJ0,2,1.0,0.0905
B002P9QAJE,1,5.0,0.8606
B002PA1AVG,8,4.375,0.775
B002PA6GV0,1,3.0,0.2732
B002PA6UAM,1,5.0,0.9317
B002PAAWQU,1,5.0,0.8481
B002PAHIWQ,1,5.0,0.9062
B002PALD4K,1,5.0,0.296
B002PAYL80,1,4.0,0.9123
B002PB0RBO,6,3.5,0.3239
B002PE6E0Y,1,5.0,0.5423
B002PEUZC2,1,3.0,0.5994
B002PFRY9I,2,5.0,0.522
B002PH1WB2,2,3.5,0.3126
B002PHOHZ0,1,5.0,0.9392
B002PHUHXG,1,5.0,0.8595
B002PI82P0,15,3.6667,0.5901
B002PJSMX6,1,3.0,0.6703
B002PKUUK8,2,5.0,0.9442
B002PNGY28,5,4.8,0.9759
B002PNIQ10,3,5.0,0.8971
B002PNUDCU,3,4.3333,0.9383
B002PNURMG,1,5.0,0.872
B002PNURNU,2,3.5,0.6372
B002PNWIG4,3,3.6667,0.7131
B002PNWU44,1,5.0,0.91
B002PNWU5I,2,4.0,0.8744
B002PNWU6M,1,5.0,0.926
B002PNWU76,2,5.0,0.9297
B002PNWU7Q,2,3.5,0.0892
B002PO09MS,7,3.5714,0.7088
B002PO3KBK,8,4.375,0.783
B002PO80X8,1,5.0,0.1779
B002PO8100,1,5.0,0.2263
B002PR7FN6,1,5.0,0.9934
B002PRMK8Q,1,2.0,0.4215
B002PSQ9PA,1,1.0,0.2263
B002PTSJ1Q,1,5.0,0.4404
B002PTWS8Q,2,4.5,0.4759
B002PX8P3E,1,1.0,0.5859
B002PXEQCS,2,5.0,0.863
B002PXKB2W,1,5.0,0.8955
B002PXPQFY,2,5.0,0.8454
B002PY3PPQ,3,5.0,0.1382
B002PY4EU6,1,3.0,0.4019
B002PYFOIC,1,5.0,0.8625
B002PYFPAE,1,5.0,0.9893
B002PYPUSQ,1,5.0,0.3612
B002Q0Z8F4,1,1.0,-0.2484
B002Q19R7S,1,5.0,0.936
B002Q1ZX12,1,5.0,0.991
B002Q2ELXC,1,5.0,0.9628
B002Q2EMBI,1,5.0,0.9552
B002Q2RNXC,1,5.0,0.6369
B002Q2VK2W,1,1.0,-0.94
B002Q3LLSY,1,5.0,0.9732
B002Q51OEI,1,4.0,0.8126
B002Q7AR3U,3,3.6667,0.9113
B002Q7QML6,4,5.0,0.9281
B002Q7RLG6,1,4.0,0.7003
B002Q7RMLA,7,3.2857,0.6414
B002Q7RMWE,3,2.3333,0.3921
B002Q7TQVY,1,1.0,0.9253
B002Q7TRDQ,3,4.0,0.8851
B002Q8JOSI,3,4.0,0.9528
B002Q8PQAS,9,5.0,0.931
B002QGK2V8,27,3.2222,0.3983
B002QGZ7AE,4,3.25,0.5617
B002QHHJWW,1,5.0,0.9628
B002QM98DA,2,5.0,0.6386
B002QM9CTA,5,4.4,0.6951
B002QO87U8,3,3.6667,0.802
B002QOH5TC,1,5.0,0.9754
B002QSF4UK,1,3.0,0.7906
B002QTD5AA,1,2.0,0.0
B002QTWTA2,1,3.0,0.993
B002QTWTFW,3,4.3333,0.8005
B002QTWTN4,3,3.3333,0.7121
B002QTWTSE,2,5.0,0.7655
B002QTWU4W,5,4.2,0.8861
B002QTWUEC,2,3.0,0.8805
B002QTXS5C,8,4.0,0.7546
B002QU2ILQ,3,4.0,0.6588
B002QWFT5Q,2,3.5,0.277
B002QWHJOU,125,4.56,0.7417
B002QWP89S,101,4.5248,0.7422
B002QWP8H0,96,4.5625,0.7357
B002QWQGUS,2,5.0,0.8762
B002QWQH0M,1,5.0,0.5574
B002QWVADQ,1,5.0,0.9716
B002QWZBQI,1,2.0,0.7351
B002QX4SLG,1,5.0,0.9062
B002QXJ7OY,2,4.0,0.6466
B002QZ2AZ0,3,4.6667,0.9284
B002QZ3XKG,5,4.4,0.8667
B002QZ4D5U,1,4.0,0.9313
B002QZ7ZBY,1,5.0,0.9514
B002R11KKO,2,4.0,0.942
B002R1PQZE,1,5.0,0.986
B002R1RRUG,1,5.0,0.6249
B002R38ZQO,2,5.0,0.9744
B002R48MDE,2,3.0,0.5137
B002R6X1K6,2,4.5,0.8921
B002R7ZX4M,1,3.0,0.4588
B002R81L92,16,4.625,0.7872
B002R83IMK,1,5.0,0.8689
B002R83MUS,1,4.0,0.6815
B002R83NPW,2,4.0,0.8516
B002R882CQ,1,4.0,0.8767
B002R89LHQ,4,3.75,0.4926
B002R89LOE,1,4.0,0.9169
B002R89LXA,1,4.0,0.9537
B002R8BTNK,1,5.0,0.9839
B002R8IR12,1,1.0,-0.3818
B002R8J7YS,23,4.3478,0.8929
B002R8LYWQ,1,5.0,0.9044
B002R8SLUY,20,4.9,0.9166
B002R8UANK,17,4.0,0.8978
B002RAQJXS,1,5.0,0.9136
B002RAZWDG,1,5.0,0.0
B002RAZWTK,1,5.0,0.9287
B002RBOB1O,4,2.5,0.6
B002RBOB9G,4,4.25,0.828
B002RBOBS2,1,5.0,0.9633
B002RBOCZE,4,3.75,0.7173
B002RBOD3A,2,5.0,0.9018
B002RBQW20,3,4.6667,0.808
B002RBRY0Y,7,4.4286,0.8045
B002RBRY54,1,4.0,0.8932
B002RBTV78,10,3.6,0.6276
B002RBTVPA,1,5.0,0.9442
B002RBTWC2,2,3.0,0.1189
B002RBTWHC,1,5.0,0.8779
B002RBTX4O,1,5.0,0.9001
B002RBTX80,1,5.0,0.9745
B002RBTXL2,6,5.0,0.7024
B002RBTY66,3,5.0,0.9256
B002RBTYCA,1,5.0,0.836
B002RCFUDG,1,5.0,0.8442
B002RD8SX4,1,3.0,0.7003
B002RD8SZC,1,5.0,0.9909
B002RD8T1A,1,5.0,0.4927
B002RGOI44,1,5.0,0.7351
B002RGS9EY,1,5.0,0.951
B002RGU2G2,5,4.8,0.8526
B002RGUW1W,1,5.0,0.9186
B002RGWKRQ,1,3.0,0.8503
B002RIXCOY,1,4.0,0.2732
B002RKGEII,2,5.0,0.8353
B002RLZ6TA,1,5.0,0.9747
B002RM68C8,1,5.0,-0.1531
B002RMHZXE,1,5.0,0.9516
B002RMLZEY,1,4.0,0.9412
B002RNSCZS,1,3.0,0.8807
B002RNYAHM,3,4.6667,0.5817
B002RNYB0I,1,5.0,0.9412
B002RNYBVM,1,3.0,-0.2023
B002RNYDBU,2,5.0,0.9662
B002RNZ3PK,1,4.0,0.8787
B002RO70UK,1,5.0,0.9217
B002RPKSXU,1,5.0,0.8221
B002RRLZQW,1,5.0,0.936
B002RRSDI0,1,5.0,0.6597
B002RSJ5OU,1,3.0,0.6249
B002RSVOLM,3,3.6667,0.9579
B002RSYTQO,1,5.0,0.8173
B002RTB0H4,3,5.0,0.8667
B002RTC7AS,2,3.0,0.8154
B002RTCOZ6,2,4.5,0.7776
B002RTEA9O,1,5.0,0.8899
B002RTJHDS,1,5.0,0.9468
B002RTJHOM,1,5.0,0.8176
B002RTK5L6,5,4.8,0.7834
B002RTNBSA,2,5.0,0.9678
B002RTW5B4,1,5.0,0.2932
B002RU3GH0,6,4.1667,0.809
B002RUJ17Y,4,5.0,0.7972
B002RX7X7G,1,5.0,0.9939
B002RYQBSM,1,2.0,0.2023
B002RYVK24,1,3.0,0.9299
B002RYY23I,1,5.0,0.9571
B002RYY2BA,1,4.0,0.8838
B002RYY2YW,2,5.0,0.7984
B002RZ1PTQ,1,5.0,0.8008
B002RZ1Q3Q,1,5.0,0.9216
B002RZ1Q8G,5,4.0,0.8702
B002RZ1QBI,2,2.5,0.0141
B002RZ1QNG,2,5.0,0.856
B002RZ1QPY,3,5.0,0.9209
B002RZ1QSQ,1,5.0,0.9698
B002RZ2U5O,1,4.0,0.7096
B002RZAQ1E,2,1.5,0.0476
B002RZAQ3C,1,3.0,0.954
B002S1PX3I,1,1.0,0.9545
B002S41YX8,1,5.0,0.7823
B002S4AQOQ,2,5.0,0.8492
B002S5E9OI,1,5.0,0.9584
B002S5HJ1I,2,5.0,0.906
B002S5LDT2,1,4.0,0.7783
B002S7SM08,1,5.0,0.9001
B002SBD5X8,1,5.0,0.8934
B002SCD4NI,1,5.0,0.9896
B002SCDI9I,2,5.0,0.9664
B002SDPGHY,1,5.0,0.902
B002SDVXWQ,1,5.0,0.836
B002SF035W,1,5.0,0.9531
B002SHLJ8U,1,4.0,0.7264
B002SHPKMG,1,5.0,0.9517
B002SHYCQQ,4,3.0,0.623
B002SI8XQK,1,5.0,0.9628
B002SIDKPE,1,5.0,0.8016
B002SIE4VI,1,1.0,0.4215
B002SJUN2G,1,5.0,0.9792
B002SJWIAG,1,5.0,0.9022
B002SK5CHQ,1,5.0,0.9579
B002SKVZIQ,2,5.0,0.7155
B002SM5K62,2,5.0,0.8361
B002SN2TDI,2,4.5,0.7384
B002SN2TW4,1,5.0,0.5468
B002SN2U4G,3,3.6667,0.1175
B002SN8AH2,2,4.5,0.6554
B002SNGG8W,2,3.5,0.1881
B002SOI0E4,1,5.0,0.483
B002SOR6VM,1,5.0,0.9643
B002SPSK7A,1,5.0,0.8733
B002SR0EYA,1,5.0,0.9485
B002SRPJ9K,2,3.5,0.8032
B002SRUYL8,1,3.0,0.4404
B002SRX1PE,1,4.0,0.8425
B002SS6HEA,1,5.0,0.946
B002SSGOIO,1,2.0,0.0
B002SSGONY,1,1.0,0.5574
B002SSIQZI,5,5.0,0.6599
B002SSIS9W,1,5.0,0.9538
B002STPN9E,1,2.0,0.296
B002SUT74K,1,5.0,0.9643
B002SUWSAU,1,2.0,0.6486
B002SV5P9A,1,4.0,0.9062
B002SVAYGY,2,1.5,0.9414
B002SVX11Y,3,5.0,0.7367
B002SW7ZOW,2,3.5,0.8614
B002SYFJW0,1,1.0,-0.4565
B002SZ9LGY,1,5.0,0.4019
B002SZDJNK,1,5.0,0.8625
B002SZHWNS,3,5.0,0.9508
B002SZKI20,1,5.0,0.4404
B002SZPT92,1,5.0,0.9808
B002SZPU14,1,4.0,0.9349
B002SZRR1A,1,2.0,0.6694
B002SZRRB0,1,5.0,0.8979
B002SZRRCY,1,5.0,0.7579
B002SZRREW,1,4.0,0.9349
B002SZTRLI,1,5.0,0.8555
B002SZYZVA,1,1.0,-0.9169
B002SZZ2B2,1,5.0,0.9616
B002T0EX7U,5,4.2,0.7503
B002T0GXNC,20,2.85,0.5896
B002T0IHJ0,20,3.15,0.6649
B002T0IHPO,24,3.4167,0.6932
B002T0IIIK,1,4.0,0.25
B002T0KDNI,28,2.9286,0.5032
B002T0NWKE,15,3.9333,0.695
B002T0NXK8,22,3.0,0.4996
B002T0X0W4,1,5.0,0.9678
B002T11SPE,1,5.0,0.5423
B002T165WA,2,4.0,0.0413
B002T1BV5Q,1,5.0,0.7906
B002T1BVCE,1,5.0,0.9583
B002T1BVIS,1,4.0,0.0
B002T1UPSK,1,4.0,0.5859
B002T4ON3K,1,1.0,-0.4939
B002T54AKA,1,5.0,0.8617
B002T5TLYA,1,4.0,0.9186
B002T5TMNU,1,5.0,0.1779
B002T5TMWG,1,4.0,0.9584
B002T5TN34,1,5.0,0.9571
B002T62G9Q,1,4.0,0.9612
B002T63ESI,2,4.0,0.5078
B002T644F0,1,5.0,0.9686
B002T8XW6K,1,2.0,-0.6818
B002T9F6B8,2,4.5,0.7078
B002T9J5XI,1,5.0,0.7501
B002TAAV12,1,4.0,0.9456
B002TAEBKE,1,4.0,0.8955
B002TAFS8S,1,5.0,0.9831
B002TAHPQQ,1,5.0,0.9927
B002TAHQXS,1,5.0,0.8807
B002TAHU1G,1,5.0,0.8438
B002TCB1YQ,1,5.0,0.9961
B002TDYKW0,1,1.0,0.9382
B002TE9VXM,2,5.0,0.8744
B002TGSZ2S,1,4.0,-0.3832
B002TIR38I,2,5.0,0.8876
B002TIR3BU,1,5.0,0.9699
B002TIU7XG,4,4.5,0.8253
B002TIY41C,1,5.0,0.9101
B002TJVFFE,1,5.0,0.9468
B002TJWHZ6,2,4.0,0.9494
B002TK36LE,1,5.0,0.9559
B002TKCFCA,1,5.0,0.9107
B002TM38H4,1,5.0,0.6915
B002TM533Q,2,5.0,0.9584
B002TM53ZE,1,5.0,0.1027
B002TM541C,1,5.0,0.9766
B002TM5458,14,4.0714,0.7416
B002TM6IIK,1,5.0,0.9305
B002TM8AJU,1,5.0,0.9337
B002TMA8W2,1,5.0,0.6915
B002TMA98U,1,1.0,-0.0258
B002TMA9H6,1,5.0,0.6486
B002TMC0FA,1,1.0,-0.4767
B002TMSNWO,1,5.0,0.0
B002TMV34E,16,4.1875,0.9552
B002TMV3CG,20,4.05,0.7791
B002TMV3E4,17,4.1176,0.9163
B002TMV3GC,12,4.1667,0.6653
B002TN02NG,4,4.5,0.616
B002TN02XG,2,5.0,0.4806
B002TN49F8,24,4.125,0.9136
B002TNJLVA,2,4.5,0.7312
B002TOEMWW,8,3.875,0.637
B002TOMNHI,1,5.0,0.998
B002TOMOSQ,1,5.0,0.7003
B002TOOGNW,1,5.0,0.4404
B002TOPDC0,1,5.0,0.836
B002TOPOLK,2,4.5,0.9219
B002TP7QQU,1,4.0,0.8357
B002TPXFR4,1,1.0,0.0516
B002TR5UPC,1,3.0,-0.7335
B002TRVENY,1,5.0,0.6369
B002TS53GC,1,5.0,0.9655
B002TSA90C,1,1.0,-0.4215
B002TSA91G,27,3.8148,0.8576
B002TSA91Q,30,3.9667,0.8684
B002TSG10O,1,5.0,0.8834
B002TSHYSW,8,4.875,0.7651
B002TSJZKW,1,4.0,0.9724
B002TT46DM,1,5.0,0.9367
B002TT8BKG,1,5.0,0.9509
B002TV7H8G,1,5.0,0.9413
B002TW7438,1,2.0,0.5627
B002TWY6NO,1,5.0,0.2975
B002TWZRLO,4,4.75,0.7912
B002TXF5PQ,1,5.0,0.9584
B002TXF62S,1,5.0,0.9633
B002TXGV8G,1,5.0,0.8658
B002TXGVIQ,1,5.0,0.9648
B002TXGWAI,1,5.0,0.9217
B002TXT502,21,4.8571,0.8331
B002TXT50W,3,4.3333,0.7959
B002TY41QO,2,3.5,0.7013
B002TZP7LG,1,4.0,0.7906
B002TZQXGE,1,5.0,0.9779
B002U1HUBO,2,2.5,-0.064
B002U1JJKE,1,4.0,-0.2263
B002U1QGFU,3,1.0,0.7946
B002U1VYXY,5,4.8,0.917
B002U1XOG4,1,4.0,0.8689
B002U22WRU,2,5.0,0.7716
B002U24E0I,1,4.0,0.7845
B002U49JXI,1,5.0,0.4404
B002U4DWLI,1,5.0,0.9118
B002U4KXWO,1,3.0,0.9889
B002U4MP4I,1,4.0,0.9723
B002U4MS1S,2,4.0,0.8044
B002U557TM,6,4.3333,0.7306
B002U56034,1,5.0,0.8519
B002U56JXK,1,5.0,0.9022
B002U56JXU,1,5.0,0.9509
B002U56KH0,1,1.0,0.3612
B002U56LE2,1,4.0,0.9901
B002U58QFE,1,5.0,0.9584
B002U5A7U6,1,5.0,0.8335
B002U5A8NC,1,5.0,0.9601
B002U5C0BK,1,5.0,0.6369
B002U5C0SI,1,1.0,0.5106
B002U5G39K,1,5.0,0.6808
B002U5G476,1,5.0,0.8979
B002U7IQI4,1,5.0,0.8473
B002U8Y27C,1,5.0,0.5574
B002U8ZGM2,1,1.0,0.0258
B002U8ZHQW,1,5.0,0.6705
B002U906CQ,1,5.0,0.4939
B002U94RPS,1,1.0,0.9468
B002U9U3TW,2,3.5,0.9374
B002UC9I3Q,3,4.3333,0.9106
B002UDYNJ4,1,1.0,0.4404
B002UDYZW4,1,5.0,0.4404
B002UEKDBU,1,5.0,0.765
B002UFDFUK,1,4.0,0.9026
B002UFDG5Y,1,5.0,0.9756
B002UG9L66,1,5.0,0.9231
B002UGMH9Y,10,4.9,0.8518
B002UGTJFY,1,5.0,0.9274
B002UKBANY,3,2.3333,0.3748
B002UKH434,4,3.5,0.3781
B002UKM6YQ,1,4.0,0.9729
B002UKRORU,2,5.0,0.7709
B002UKTOFK,2,5.0,0.7663
B002UKTQY4,1,5.0,0.9746
B002UKVDOA,1,5.0,0.9873
B002UL1MUY,1,1.0,0.9819
B002UL4XCI,1,5.0,0.4019
B002ULC3EI,1,5.0,0.8423
B002ULC3PC,2,4.5,0.9136
B002ULCBUY,1,5.0,0.7783
B002ULMQD6,1,5.0,0.6249
B002ULN19O,1,2.0,0.9674
B002ULSFV8,1,3.0,0.8316
B002ULSHR0,1,5.0,0.8957
B002ULSKPY,1,3.0,0.34
B002ULSKXQ,5,4.8,0.7906
B002ULSME8,4,5.0,0.6559
B002UM70C2,1,5.0,0.7351
B002UMBIL6,1,4.0,0.9468
B002UMD9KO,1,1.0,0.9342
B002UN623Y,2,5.0,0.9562
B002UN89SA,1,1.0,0.1779
B002UNFJI8,1,5.0,0.765
B002UP0O6S,2,4.5,0.9072
B002UP2TG6,1,5.0,0.9032
B002UP3ZZU,2,3.0,0.4662
B002UP675U,2,5.0,0.6603
B002UPZ2QU,1,1.0,0.1531
B002UQ17B8,2,4.0,0.5771
B002UQ17Z4,1,5.0,0.0
B002UQ6N9Y,1,3.0,0.7783
B002UQ6NZ8,1,5.0,0.8481
B002UQ6OUC,3,5.0,0.9443
B002UQ6XIU,2,5.0,0.8904
B002UQ72C6,1,3.0,0.9633
B002UQ72Y4,1,5.0,0.8957
B002UQ74HO,1,5.0,0.9152
B002UQ7CF8,1,4.0,0.6597
B002UQAGJC,1,5.0,0.7717
B002UQBL9Q,1,5.0,0.908
B002UQCY88,2,4.0,0.7244
B002UQE206,8,3.75,0.8483
B002UQED5A,1,5.0,0.9028
B002UQEDTG,5,4.2,0.7523
B002UQEKSU,2,5.0,0.8498
B002UQES0K,1,5.0,0.9942
B002UQFH0A,3,4.6667,0.9285
B002UQIZ2C,11,4.7273,0.8002
B002UQJ2HY,1,1.0,-0.6124
B002UQJA5I,2,3.5,0.8468
B002UQJO22,1,5.0,0.9595
B002UQJUJE,4,4.5,0.7176
B002UQJVQG,1,5.0,0.8689
B002UR1CVM,2,5.0,0.9414
B002UR7S4W,2,5.0,0.8543
B002UR8QG6,1,5.0,0.9729
B002UR987M,1,5.0,-0.5267
B002URBYYW,1,5.0,0.9081
B002USF9D8,1,2.0,0.8727
B002UT92EY,7,4.2857,0.822
B002UT92L2,2,4.0,0.6971
B002UTCI2M,5,4.4,0.8694
B002UTXRQ8,1,5.0,0.7783
B002UTZTNC,1,5.0,0.5106
B002UUJ590,7,4.5714,0.8911
B002UUPQGQ,1,5.0,0.9265
B002UUQHEQ,2,5.0,0.9834
B002UUW3VM,1,3.0,0.9042
B002UUXL4K,1,4.0,0.9828
B002UUXLJK,1,5.0,0.9674
B002UV352C,1,5.0,0.98
B002UV4Q3Y,1,5.0,0.923
B002UV74RE,1,1.0,0.7935
B002UV8F36,1,5.0,0.9118
B002UVFZGG,1,3.0,0.6369
B002UVLHNQ,1,5.0,0.9251
B002UVNQSA,3,5.0,0.8103
B002UWACVI,1,5.0,0.9231
B002UXFM62,1,5.0,0.9432
B002UXJY20,1,3.0,0.9657
B002UZG41M,1,5.0,0.9422
B002UZSO2O,1,5.0,0.0258
B002UZW4LG,8,3.0,0.2546
B002UZYQ30,1,4.0,0.8844
B002UZYR6Q,1,5.0,0.3182
B002UZYT9Q,1,5.0,0.959
B002UZYXWY,1,5.0,0.7845
B002UZYZA4,1,5.0,0.8876
B002UZZAIU,1,5.0,0.9397
B002UZZHUG,2,3.5,0.8254
B002V024CO,1,3.0,0.9008
B002V02B5O,1,5.0,0.7361
B002V02EJM,1,5.0,0.8687
B002V02ETW,1,1.0,-0.5994
B002V02IJI,1,5.0,0.93
B002V08V94,1,5.0,0.91
B002V09TWM,2,3.0,0.9336
B002V0AIUO,1,1.0,-0.0516
B002V0FZMU,1,5.0,0.9623
B002V0H3VQ,1,5.0,0.7269
B002V0HG1S,1,3.0,0.9657
B002V0LDRQ,1,5.0,0.9413
B002V0LDX0,3,5.0,0.9366
B002V0PDJ0,1,5.0,0.6124
B002V0VG2S,1,4.0,0.9413
B002V0X5K4,1,5.0,0.9423
B002V0XB62,4,3.75,0.9184
B002V13Y2C,1,5.0,0.9265
B002V14APM,2,1.5,0.7907
B002V1NWF6,5,4.4,0.8722
B002V28R6Y,6,4.8333,0.7728
B002V2AUT6,5,5.0,0.7272
B002V3Q9FY,1,5.0,0.5719
B002V5D3YM,2,3.0,0.8656
B002V5Y21A,1,5.0,0.4215
B002V8V7HE,1,5.0,0.836
B002VA6O6Q,1,5.0,0.5719
B002VAF39K,1,5.0,0.5859
B002VASD24,1,5.0,0.9062
B002VAU9DU,1,2.0,-0.2568
B002VB832S,2,4.5,0.5894
B002VBUGIM,2,4.0,0.7674
B002VBVCC6,1,5.0,0.9595
B002VC22SI,1,2.0,0.8519
B002VC22UG,11,5.0,0.8086
B002VC22WY,1,4.0,0.9274
B002VC231Y,1,2.0,-0.2856
B002VC2364,1,2.0,0.6808
B002VC7C9W,1,5.0,0.9001
B002VC93AS,1,5.0,0.9022
B002VC943E,1,5.0,0.6124
B002VC95NI,2,4.5,0.9299
B002VCYHO0,1,5.0,0.9393
B002VFRCNA,1,5.0,0.2732
B002VH57I0,1,5.0,-0.4404
B002VH58R0,1,5.0,0.8855
B002VH591U,2,5.0,0.9187
B002VKMA1Y,1,5.0,0.8957
B002VLR9YQ,1,5.0,0.9709
B002VLSOGI,1,5.0,0.8074
B002VLZ8D0,16,4.875,0.8246
B002VM7K9E,3,5.0,0.7441
B002VNKTUA,1,1.0,0.4019
B002VNQSAA,2,3.0,0.7908
B002VO7J98,1,5.0,0.8874
B002VRJ2CM,1,5.0,0.6249
B002VROXD0,3,3.3333,0.2095
B002VRQJC8,1,5.0,0.6369
B002VRQJGO,3,3.6667,0.769
B002VSQ4EA,1,5.0,0.9217
B002VSU3D8,1,5.0,0.7867
B002VTE7JI,4,5.0,0.7816
B002VTE84C,2,5.0,0.9686
B002VVMAIQ,2,5.0,0.9526
B002VX8MGS,1,5.0,0.5496
B002VZSTZ0,3,3.3333,0.511
B002VZSUFY,1,5.0,0.9233
B002VZSYFA,1,5.0,0.8742
B002VZUW0A,8,4.375,0.8272
B002VZWCBM,1,5.0,0.93
B002VZWFZU,2,2.5,0.9366
B002VZWG0Y,1,5.0,0.8834
B002VZWG1S,1,4.0,0.9302
B002W00254,3,4.3333,0.8455
B002W002SG,1,5.0,0.0
B002W08W56,2,4.5,0.9692
B002W09PX4,4,4.25,0.6345
B002W1D890,3,4.6667,0.8172
B002W4DLJE,3,5.0,0.5651
B002W4IZ4K,1,1.0,0.5267
B002W4KZM0,1,5.0,0.5859
B002W4LO16,1,1.0,0.7003
B002W5SDEQ,6,4.3333,0.7146
B002W8N18Q,2,4.0,0.7927
B002W90JJY,1,5.0,0.5302
B002W96DXA,1,5.0,0.9271
B002W9BL6Y,1,5.0,0.8316
B002W9BLKU,3,4.3333,0.8747
B002W9BLYG,1,1.0,-0.5956
B002W9BM9A,1,5.0,0.8957
B002W9C9GK,2,3.0,0.4424
B002W9C9JM,1,2.0,0.7845
B002W9JILE,3,3.3333,0.8851
B002WB3D22,1,5.0,0.6369
B002WBTY3Y,1,3.0,0.2263
B002WC8EHK,5,5.0,0.3835
B002WC8ESE,2,4.5,0.6422
B002WD922U,1,5.0,0.9619
B002WD93EW,5,4.6,0.5689
B002WD98NS,2,3.0,0.3354
B002WD9EXW,4,4.0,0.745
B002WDCAJ2,5,5.0,0.8187
B002WDCBZU,6,4.6667,0.8539
B002WDCCU4,5,2.8,0.3379
B002WDCDDK,4,4.25,0.6626
B002WDCDXA,2,5.0,0.7821
B002WDCEHA,9,3.6667,0.8384
B002WDCFFG,4,4.75,0.645
B002WDCGG4,4,3.5,0.5183
B002WDCIXK,3,3.6667,0.5452
B002WDISB6,1,4.0,0.9274
B002WDXGJK,3,4.3333,0.8148
B002WDZ6Y8,7,4.0,0.628
B002WET2WE,1,1.0,-0.6908
B002WF5JRK,3,5.0,0.8866
B002WF5M0O,2,4.5,0.3314
B002WF777U,1,4.0,0.9648
B002WF78DI,1,5.0,0.9325
B002WF9LXI,1,4.0,0.9141
B002WF9M14,1,1.0,-0.2523
B002WF9P52,1,3.0,0.7579
B002WF9P8E,1,5.0,0.8553
B002WFZC6I,1,5.0,0.5106
B002WG3PBG,1,2.0,0.7276
B002WJ92SI,1,1.0,0.6124
B002WJAWWI,2,5.0,0.6816
B002WJE2KQ,2,5.0,0.8354
B002WKL5TQ,2,5.0,0.8693
B002WKP6QO,1,5.0,0.9803
B002WM5DXS,2,3.5,0.9024
B002WPO43K,3,4.3333,0.8301
B002WPX9Q8,1,5.0,0.9521
B002WQ21S4,3,4.6667,0.9305
B002WTE0MQ,2,3.0,0.5424
B002WW3BW8,1,3.0,0.0
B002WW7XGI,1,5.0,0.8957
B002WWA1K8,1,4.0,0.802
B002WWBT4K,2,5.0,0.7808
B002WWH4WG,1,2.0,0.6369
B002WWHXZO,2,3.5,0.2092
B002WWHY58,1,5.0,0.8689
B002WWHY7G,2,4.5,0.9272
B002WWLJQ8,3,5.0,0.8103
B002WWNLB4,1,2.0,0.4019
B002WWNLH8,2,2.0,0.7119
B002WWNLSM,2,4.0,0.7912
B002WWRLP6,1,5.0,0.9042
B002WWVDK0,1,5.0,0.9794
B002X0K9WY,1,1.0,0.8074
B002X0X7A0,2,5.0,0.8454
B002X1RNEU,4,3.75,0.1319
B002X3G1J6,1,5.0,0.9169
B002X3VJIE,1,5.0,0.8008
B002X4DI0U,1,2.0,0.6597
B002X4HNQU,1,1.0,0.4588
B002X8ZB5Q,1,5.0,0.8122
B002X9VI70,1,4.0,0.1027
B002XCM49S,1,5.0,0.9393
B002XF23PU,3,4.6667,0.9085
B002XG21MO,1,5.0,-0.12
B002XGFUTU,2,5.0,0.919
B002XGSRZO,1,5.0,0.7269
B002XH14YE,1,4.0,0.872
B002XHFG70,2,3.0,0.8958
B002XHW2PY,1,5.0,0.8934
B002XJMWO8,1,3.0,0.8838
B002XKDD6S,1,1.0,0.7343
B002XKHET0,5,4.4,0.7585
B002XN1YUW,3,5.0,0.8846
B002XNKJ1M,1,5.0,0.9042
B002XNTJM2,1,1.0,0.4019
B002XOBIWU,1,5.0,0.9274
B002XOLFLO,1,5.0,0.624
B002XPNF4S,2,4.5,0.8944
B002XPNGGK,2,3.0,-0.3417
B002XQ0MB6,1,5.0,0.9001
B002XS111O,1,1.0,0.0
B002XT7ZZ4,7,4.0,0.9274
B002XURWI8,3,4.6667,0.6746
B002XUTM2W,1,4.0,0.9376
B002XVUBH6,1,5.0,0.7964
B002XVUSKQ,1,5.0,0.765
B002XW45DG,1,4.0,0.9855
B002XWFHQ0,1,5.0,0.9485
B002XWFK3U,1,5.0,0.8979
B002XWFMEC,2,5.0,0.7529
B002XWHQ64,1,5.0,0.891
B002XWHR6I,1,2.0,0.3182
B002XWHSGW,1,5.0,0.8313
B002XWUQ52,1,3.0,0.9788
B002XWZH1U,6,5.0,0.8043
B002XZ0B7C,1,5.0,0.9153
B002XZ4X26,1,5.0,0.7903
B002XZ754O,1,5.0,0.7906
B002XZNDRM,1,5.0,0.967
B002Y1A7A6,1,5.0,0.9186
B002Y1CIYY,1,5.0,0.8126
B002Y1CVZU,1,4.0,0.891
B002Y1S2R6,1,5.0,0.9628
B002Y2E7NS,8,4.5,0.4562
B002Y2OWDS,5,3.4,0.6441
B002Y2OWII,5,4.0,0.5712
B002Y2OWOC,5,4.2,0.8754
B002Y2OWRY,1,4.0,0.7576
B002Y2PG5Q,1,3.0,0.9686
B002Y2QSBW,1,4.0,0.578
B002Y2QSFS,1,3.0,0.2363
B002Y2QSLC,1,4.0,0.9284
B002Y2QSMQ,1,5.0,0.7878
B002Y2QSP8,2,5.0,0.6787
B002Y2QSSK,2,3.5,0.8634
B002Y2QSVC,3,3.6667,0.3702
B002Y2QT2K,10,3.8,0.2799
B002Y2QTJ8,1,4.0,0.8779
B002Y2QTKC,1,3.0,0.4927
B002Y2QTNO,6,4.1667,0.5986
B002Y2QTRK,3,5.0,0.8921
B002Y2QTWK,1,5.0,0.91
B002Y2SLLC,2,3.5,0.4578
B002Y2SLQ2,2,4.5,0.859
B002Y2SLYE,2,2.5,0.9379
B002Y2SM3Y,4,5.0,0.8217
B002Y2WM62,1,5.0,0.875
B002Y3CSD8,1,5.0,0.7717
B002Y5MM8M,3,2.3333,0.632
B002Y700VQ,1,5.0,0.8632
B002Y7018S,1,1.0,-0.2862
B002Y750AC,1,5.0,0.6808
B002Y77640,3,4.0,0.2887
B002Y7U2Q4,1,1.0,0.046
B002YAE92E,1,2.0,0.0
B002YAQ3XW,1,5.0,0.8735
B002YAYIZC,3,1.3333,0.3789
B002YB6HC8,3,4.6667,0.8269
B002YBEFBI,1,5.0,0.7003
B002YBMWXG,1,5.0,0.9348
B002YD0AFQ,2,3.0,0.0409
B002YFZ7IY,14,4.7857,0.8059
B002YG8XJ8,1,5.0,0.91
B002YGY536,1,5.0,0.802
B002YH5JJ4,2,1.0,0.5379
B002YH5KZC,1,5.0,0.8481
B002YHLNY4,2,4.5,0.9798
B002YIO7B4,1,5.0,0.9022
B002YJ0118,87,4.3103,0.8018
B002YJ6K2M,3,5.0,0.7282
B002YJC90O,2,4.0,0.7816
B002YJC990,1,5.0,0.8807
B002YJC9LS,4,4.25,0.8023
B002YJCA30,2,3.0,0.9124
B002YJCACG,3,4.0,0.4044
B002YJCAKI,6,3.8333,0.6754
B002YJI1BK,1,1.0,0.4767
B002YJN2RS,1,5.0,0.8225
B002YK33PI,1,5.0,0.886
B002YKDZ7Y,1,5.0,0.9578
B002YKKUMW,2,3.0,0.3116
B002YKKUY0,2,5.0,0.9592
B002YKKVGW,2,4.0,0.8352
B002YKQEXQ,1,5.0,0.9635
B002YKQGFM,1,5.0,0.9819
B002YLCO7K,1,2.0,-0.1779
B002YLG5MA,1,5.0,0.9578
B002YLG6I8,2,3.0,0.8816
B002YLG8HC,2,3.0,0.6413
B002YLG8QS,1,1.0,-0.3182
B002YLGA0W,11,4.0,0.7487
B002YLGAIO,3,5.0,0.8736
B002YLGBX8,1,5.0,0.9349
B002YLGCLY,1,1.0,-0.4019
B002YLI9E2,18,4.5,0.803
B002YLK9OU,4,4.75,0.8557
B002YLXNE8,1,5.0,0.5719
B002YLZOS6,1,3.0,-0.1779
B002YM3WG6,1,5.0,0.9493
B002YM5WIW,1,1.0,0.7096
B002YOOTR0,1,5.0,0.5574
B002YPBQW0,1,5.0,0.9623
B002YR79ME,1,5.0,0.8225
B002YR7A78,9,3.6667,0.4741
B002YR7A9Q,2,4.5,0.4952
B002YR7AK0,1,5.0,0.9651
B002YR7B7C,5,5.0,0.8546
B002YR7B90,2,3.0,0.4804
B002YR7BEK,6,3.6667,0.9408
B002YR979W,1,5.0,0.8696
B002YR97BU,9,4.4444,0.8043
B002YR97J2,11,4.4545,0.7654
B002YR97QA,1,5.0,0.9001
B002YR97SS,1,5.0,-0.204
B002YRBALU,6,4.5,0.8896
B002YRBATC,7,3.8571,0.5906
B002YRBAVK,3,5.0,0.9575
B002YRBAYW,3,4.3333,0.913
B002YRBB1Y,1,5.0,0.9976
B002YU4HKS,3,4.0,0.7208
B002YW0EYO,2,4.5,0.2068
B002YW3JE6,1,5.0,0.9485
B002YZESWU,1,5.0,0.8481
B002YZXU4W,3,5.0,0.3345
B002YZXUPG,1,2.0,0.8625
B002YZXVLO,2,4.5,0.7646
B002Z04S06,1,5.0,0.9665
B002Z04ZNQ,18,4.0,0.7405
B002Z08RIA,10,4.2,0.8136
B002Z08ROO,5,3.8,0.8275
B002Z2M5UY,1,4.0,0.0516
B002Z2QBOA,2,3.0,0.9348
B002Z3M9WW,2,1.0,-0.5626
B002Z3UBPO,1,1.0,0.6808
B002Z4Z6YY,1,1.0,-0.1531
B002Z613JO,1,4.0,0.8625
B002Z8H79C,1,3.0,0.8442
B002Z8L69O,1,5.0,0.9432
B002Z8TWG8,1,5.0,0.9545
B002Z95BOY,5,4.0,0.7869
B002Z9C8D6,2,3.0,0.493
B002Z9EQPO,6,1.6667,0.9194
B002Z9EQQ8,1,3.0,-0.4599
B002Z9ER6W,1,2.0,0.8074
B002ZANMHG,1,5.0,0.765
B002ZBBTLG,1,5.0,0.872
B002ZBE67K,1,5.0,0.9649
B002ZCWCUC,2,4.0,0.9237
B002ZDAIXO,1,5.0,0.8979
B002ZEAM8Y,1,5.0,0.8658
B002ZF06JI,6,4.1667,0.8543
B002ZF13VI,1,1.0,-0.8434
B002ZF1O30,1,5.0,0.9426
B002ZF1OHG,1,1.0,0.7096
B002ZF3PQY,2,5.0,0.9101
B002ZF3PZU,1,5.0,0.8555
B002ZF3QAY,2,5.0,0.8498
B002ZF3SHK,2,5.0,0.82
B002ZF43WE,4,3.75,0.9606
B002ZF5E3Q,1,5.0,0.9186
B002ZF5EY0,1,5.0,0.9638
B002ZF5G9I,2,5.0,0.8684
B002ZF5QZC,8,4.125,0.3467
B002ZH4EXU,2,2.0,0.7252
B002ZH6XYI,1,5.0,0.7579
B002ZH8ZEY,1,5.0,0.836
B002ZH9980,1,5.0,-0.465
B002ZHCC3O,1,5.0,0.4005
B002ZHE87M,2,3.0,0.3718
B002ZI1J50,1,5.0,0.9741
B002ZJ3BTQ,1,2.0,0.4879
B002ZJ3C18,3,2.3333,0.7266
B002ZJ3CC2,3,3.6667,0.6793
B002ZJ3CIG,1,5.0,0.979
B002ZJ4IYI,2,5.0,0.9442
B002ZJ4J7Y,3,4.3333,0.854
B002ZJ4JF6,3,4.3333,0.6729
B002ZJF6DA,1,5.0,0.9816
B002ZJMRTQ,12,4.3333,0.7613
B002ZJMRVY,3,5.0,0.8889
B002ZJQ3L4,3,3.3333,0.5307
B002ZJQQ5M,4,3.5,0.2684
B002ZJQQK2,3,3.6667,0.6784
B002ZJSS8A,10,3.7,0.7193
B002ZJSSEE,4,3.25,0.8121
B002ZJSWO0,7,4.7143,0.9324
B002ZJTWUS,1,5.0,0.9819
B002ZJTX16,8,3.625,0.6981
B002ZNW346,4,5.0,0.4447
B002ZOCEMG,6,4.5,0.7635
B002ZOCEOY,3,4.6667,0.9206
B002ZOCERQ,4,3.75,0.5743
B002ZOCEX0,2,5.0,0.9505
B002ZOCF0M,12,4.4167,0.694
B002ZOG29C,15,4.1333,0.6157
B002ZOG2B0,5,4.6,0.8713
B002ZOG2DI,2,3.5,0.796
B002ZOG2K6,11,4.5455,0.8344
B002ZOIHDG,2,5.0,0.9248
B002ZOIINK,2,5.0,0.807
B002ZOIKG0,3,5.0,0.8792
B002ZOIKMY,2,5.0,0.7258
B002ZOK1B2,1,4.0,0.936
B002ZOKNGU,1,5.0,0.9559
B002ZOKNW4,3,4.3333,0.8146
B002ZOKOE6,1,4.0,0.9349
B002ZOKPL8,1,5.0,0.875
B002ZOPRT8,4,5.0,0.79
B002ZOPSBK,1,5.0,0.8625
B002ZOPTNC,1,4.0,0.9682
B002ZOPTYQ,1,5.0,0.9886
B002ZOPU5O,1,5.0,0.9441
B002ZP2OOI,1,5.0,0.802
B002ZP6JSA,1,5.0,0.8687
B002ZP99DW,4,5.0,0.8986
B002ZPHK9W,1,5.0,0.9528
B002ZQ7B0O,3,4.6667,0.7316
B002ZRN32S,1,5.0,0.9531
B002ZS086Q,1,5.0,0.7184
B002ZS262U,1,5.0,0.8225
B002ZS82K0,2,3.0,0.6779
B002ZSXT3K,1,1.0,0.7003
B002ZVLVDM,1,1.0,-0.1027
B002ZWWG4O,1,2.0,-0.2023
B002ZX1U9A,51,4.3137,0.7061
B00302HGHK,3,3.3333,0.8333
B00303EG0Y,1,5.0,0.8687
B00304Q11A,1,5.0,0.9042
B003052LZY,1,5.0,0.9485
B003052PHI,1,5.0,0.7269
B00305AA0M,1,4.0,0.6734
B00305L330,45,4.4444,0.7776
B00305L394,1,3.0,0.9393
B00305O88M,1,5.0,0.9848
B00308NTSE,2,5.0,0.8346
B00308UN92,1,1.0,0.616
B0030AUC6E,3,3.6667,0.4046
B0030BI9VS,1,2.0,0.4588
B0030BQELU,1,5.0,0.9906
B0030BULCS,1,5.0,0.8957
B0030C5ELK,2,5.0,0.8796
B0030C7N1E,4,2.0,0.7083
B0030C99HA,1,5.0,0.9613
B0030C99HK,1,5.0,0.9382
B0030CCOZY,1,5.0,0.9774
B0030CEPAG,5,1.8,0.7099
B0030CGKEU,1,5.0,0.9538
B0030CYIRQ,2,4.5,0.9177
B0030DH0Q6,3,3.3333,0.2977
B0030E0B70,1,5.0,0.9136
B0030EGQAG,1,3.0,-0.8173
B0030EWD76,1,1.0,0.7351
B0030EWDB2,4,4.75,0.8444
B0030F04X0,1,1.0,0.8862
B0030F050C,1,5.0,0.9337
B0030F3LCQ,4,4.0,0.5589
B0030F5NBI,3,2.3333,0.8098
B0030F70HI,17,3.7059,0.7534
B0030F70LO,20,4.0,0.756
B0030FGMFY,10,4.2,0.8588
B0030FGMKE,13,3.9231,0.8888
B0030FJ1MK,1,1.0,0.6369
B0030G1JJM,1,5.0,0.8074
B0030GNQMU,1,1.0,0.3612
B0030GOO5S,12,2.3333,0.5843
B0030GQHXA,13,4.0,0.6474
B0030GT28C,12,1.9167,-0.0028
B0030H1WW0,8,3.0,0.526
B0030HIITA,2,4.0,0.6921
B0030HO024,1,4.0,0.9845
B0030HO67I,5,3.6,0.4503
B0030HSFW0,17,4.2353,0.5084
B0030HU0AU,1,4.0,0.9792
B0030HVGBW,1,5.0,0.9698
B0030HYAK6,1,5.0,0.9619
B0030J4YTG,4,3.75,0.4784
B0030JFYYA,4,5.0,0.821
B0030KLW0Y,3,5.0,0.8382
B0030L2SVA,1,5.0,0.942
B0030LBMXU,2,2.5,-0.0363
B0030LILPM,1,5.0,0.4927
B0030MKPY6,1,5.0,0.9001
B0030MNHEG,3,5.0,0.7713
B0030MPYAQ,1,3.0,0.0
B0030MV7IO,2,4.0,0.8862
B0030MXL7E,1,4.0,0.5478
B0030MZ7AS,1,1.0,0.886
B0030MZBKO,1,4.0,0.8658
B0030MZC5I,1,4.0,0.8555
B0030N3JA2,1,3.0,0.0
B0030N5JIM,3,4.6667,0.8919
B0030N7DAO,1,5.0,0.9186
B0030NGUNU,1,5.0,0.903
B0030PGMZO,1,5.0,0.8176
B0030U3DGK,1,4.0,0.886
B0030U3H0W,1,1.0,0.6234
B0030UKTEO,1,5.0,0.7579
B0030V9HV4,6,4.8333,0.8336
B0030VBPN2,29,4.7241,0.8833
B0030VBQ5Y,37,4.4865,0.769
B0030VBQGS,9,4.7778,0.8729
B0030VBQOK,27,4.3333,0.8107
B0030VBRCG,30,4.8,0.8769
B0030VBRIU,24,4.25,0.7287
B0030VBSBG,11,4.8182,0.8435
B0030VJ70K,36,4.7222,0.8169
B0030VJ79Q,36,4.7778,0.8328
B0030VJ818,31,4.3548,0.8194
B0030VJ8E0,28,3.9643,0.7489
B0030VJ8PE,32,4.4062,0.8846
B0030VJ8YU,34,3.5,0.7217
B0030VJ97Q,26,3.1538,0.8536
B0030VJ9K8,27,3.1481,0.6078
B0030VJ9UI,12,4.75,0.7523
B0030VJA7K,11,4.5455,0.8907
B0030WM0GC,2,3.0,0.2147
B0030YOJIW,1,2.0,0.5719
B0030Z8SLK,1,5.0,0.5994
B0030Z95B2,1,5.0,0.875
B0030ZLOUC,1,5.0,0.967
B00310X7T2,1,5.0,0.9733
B003118SAE,1,3.0,0.7003
B00311T312,2,3.0,0.0314
B00311T538,4,4.0,0.8434
B003120YQY,1,1.0,0.9723
B00312I71S,2,5.0,0.9303
B00312NXYY,1,5.0,0.9169
B00312NY7K,1,5.0,0.9674
B003150G5K,1,5.0,0.8402
B003159ETE,1,4.0,0.7579
B00315HJ8C,9,4.3333,0.7719
B00315O8IQ,1,5.0,0.896
B00315WGNK,25,2.4,0.4237
B003161EV4,5,4.8,0.8596
B00316USL6,5,4.4,0.9297
B00316YIEY,1,5.0,0.9337
B003170F8Q,2,5.0,0.7979
B003170GHQ,1,5.0,0.8885
B003172KB6,1,5.0,0.936
B00317CWJ6,2,3.0,0.3017
B00317CWKU,2,3.5,0.2299
B00317EA4G,1,5.0,0.9423
B00317ERWQ,2,5.0,0.9326
B00317ERXA,2,3.5,0.0528
B00317F5M2,2,4.5,0.8232
B00317HLMO,4,3.5,0.6203
B00317HLOW,1,5.0,0.9687
B00317HLQA,3,3.3333,0.4225
B00317M20U,2,5.0,0.8074
B00317Y3HK,9,4.8889,0.8424
B003185UA8,7,3.8571,0.7378
B003189XBK,1,5.0,0.4404
B00318AV5M,1,5.0,0.5994
B00318E4CS,1,5.0,0.9268
B00318HAGA,1,5.0,0.8126
B003194PBC,2,5.0,0.656
B0031DJCJS,1,3.0,0.8271
B0031DJR02,1,5.0,0.7964
B0031DW704,1,3.0,0.9768
B0031ELGPA,2,4.0,0.8618
B0031EN34C,2,5.0,0.7334
B0031EZB1K,1,5.0,0.921
B0031KC4XC,1,1.0,-0.8316
B0031KHDG0,1,5.0,0.969
B0031KVWJY,1,4.0,0.5719
B0031M94OC,2,3.0,0.4318
B0031P70LI,4,3.0,0.3402
B0031PVT3S,2,5.0,0.7712
B0031Q1VX0,2,3.0,0.1646
B0031QKZLE,1,5.0,0.6976
B0031R5WPC,5,4.6,0.8749
B0031R5Y82,2,2.5,0.828
B0031TJ0X0,5,4.2,0.9557
B0031TX7HK,1,2.0,0.34
B0031U28YW,1,2.0,0.34
B0031U9UZC,20,4.0,0.6601
B0031U9VI8,30,4.3,0.6619
B0031UBVX6,14,4.0714,0.7857
B0031UBWLM,24,3.9167,0.6175
B0031UBXDE,19,3.5263,0.6247
B0031UMNL0,1,5.0,0.9477
B0031VBGX0,3,5.0,0.8096
B0031VBHNY,2,5.0,0.7297
B0031VBIDI,6,5.0,0.879
B0031VDJ8U,1,4.0,0.9493
B0031VDJZS,1,5.0,0.9792
B0031VDKKW,1,5.0,0.9756
B0031YIN7O,2,5.0,0.57
B0031YJ38W,2,5.0,0.791
B0031YLLB4,1,5.0,0.9764
B0031YMI6G,1,5.0,0.901
B0031YNEDC,1,5.0,0.6486
B0031YVR4U,1,5.0,0.7003
B0031YVR5O,2,5.0,0.9448
B0031YZQWO,1,5.0,0.7717
B00325TPXI,1,5.0,0.9509
B00326OH30,1,4.0,0.9076
B00327KCYC,1,5.0,0.9136
B00328MVUY,1,5.0,0.9118
B00329G9YC,1,5.0,0.9741
B00329MA18,1,4.0,0.872
B00329Q5DM,1,4.0,0.9393
B0032AM8HS,2,4.0,0.7298
B0032AM8J6,2,5.0,0.5573
B0032AM8JG,4,4.0,0.9092
B0032B0BD0,17,3.8235,0.6604
B0032BFAMM,7,5.0,0.8049
B0032BH4K8,3,5.0,0.7587
B0032BKKHM,2,5.0,0.888
B0032BOIG6,2,5.0,0.8498
B0032BXUJM,22,3.9091,0.6769
B0032BYL6I,1,5.0,0.9674
B0032BYMJE,3,4.3333,0.9337
B0032C7I0S,1,5.0,0.6597
B0032CB15Q,46,4.7391,0.8064
B0032CDV7M,1,2.0,0.0
B0032CJPOK,54,4.0185,0.7537
B0032CJY1O,1,5.0,0.9524
B0032CJY6E,2,5.0,0.9333
B0032CJYCS,1,4.0,0.5423
B0032CJYJG,1,1.0,0.8225
B0032CKLHA,1,3.0,0.0258
B0032COF5O,8,4.375,0.6329
B0032CZOVS,1,5.0,0.7184
B0032D1TW0,3,3.0,0.1543
B0032D37P2,1,5.0,-0.7003
B0032D8IOC,2,3.0,0.5387
B0032DA70K,3,4.0,0.6518
B0032ETK3O,1,5.0,-0.6242
B0032FKK4Q,1,5.0,0.9796
B0032G6NSC,1,5.0,0.4215
B0032G6O0E,2,4.0,0.3124
B0032G6O6I,1,5.0,0.7003
B0032GA6ZS,1,4.0,0.6908
B0032GC5XY,1,5.0,0.1779
B0032GE5VO,1,5.0,0.8126
B0032GE5ZU,1,5.0,0.8375
B0032GE6SQ,1,1.0,0.3673
B0032GFS5Q,1,1.0,0.5106
B0032GFSN8,2,5.0,0.7634
B0032GHI6I,2,5.0,0.9743
B0032GHJJ4,1,5.0,0.9493
B0032GHK66,1,5.0,0.8689
B0032GHKXO,4,4.75,0.9101
B0032GHM4G,2,5.0,0.7741
B0032GL19S,5,5.0,0.8201
B0032GL6IY,1,4.0,0.8834
B0032GMR6Y,1,3.0,0.0516
B0032GMRBO,12,4.5833,0.7804
B0032GQNYG,3,4.0,0.5804
B0032GQOFO,1,5.0,0.0
B0032GREWQ,4,1.0,0.6684
B0032GWYQC,1,5.0,0.9738
B0032IGJ8E,1,5.0,0.93
B0032IM9RY,1,5.0,0.8535
B0032ISH02,1,4.0,0.8131
B0032IUCZU,1,5.0,0.9584
B0032JCJLE,2,3.0,0.0653
B0032JKL14,1,5.0,0.9718
B0032JKL5A,1,5.0,0.7579
B0032JKWGI,2,4.5,0.7655
B0032JMLAS,1,2.0,0.1796
B0032JUCV8,1,5.0,0.9565
B0032JUCWM,1,2.0,-0.765
B0032JVXUM,2,5.0,0.1413
B0032JWE3W,1,3.0,-0.3961
B0032JWE6O,1,3.0,0.956
B0032JXZCQ,1,4.0,0.9738
B0032K0492,3,5.0,0.8719
B0032K1W98,1,5.0,0.946
B0032K3OJE,2,4.5,0.8206
B0032N8W52,1,5.0,0.9929
B0032P7MAQ,1,5.0,0.8281
B0032RPLSY,15,4.5333,0.8545
B0032VWQNS,1,3.0,0.8773
B0032Y1TVK,1,1.0,0.4767
B0032Y6TSI,1,4.0,0.8555
B0032YD15C,1,4.0,0.8555
B0032YD166,1,4.0,0.8555
B0032YGNMA,1,5.0,0.9744
B00330KJF0,2,5.0,0.9369
B00330N3IK,1,5.0,0.8377
B00330O816,1,5.0,0.9488
B00332M4U6,1,5.0,0.9118
B00333ADXK,1,3.0,0.9107
B00333GF82,3,4.6667,0.963
B00333QK1O,2,4.5,0.866
B003373C2A,1,4.0,0.9175
B0033758B8,1,5.0,0.9382
B00337P71Y,7,3.5714,0.8475
B00337WU1E,1,2.0,0.9349
B00337WWW6,1,5.0,0.9022
B003384K2U,1,1.0,0.4173
B00338BV68,1,5.0,0.9673
B00338DQJ8,1,5.0,0.9321
B00338JWL4,1,5.0,0.872
B0033B0W7O,1,2.0,0.5106
B0033D1YLA,1,5.0,0.9952
B0033GE6GW,1,5.0,0.936
B0033GMSTY,20,4.1,0.7273
B0033GZMXS,1,5.0,0.9565
B0033H0I22,1,5.0,0.9678
B0033H3FP4,1,5.0,0.875
B0033HFRVE,1,1.0,0.0
B0033HGLTG,10,3.9,0.8452
B0033HPPIO,30,3.7333,0.6504
B0033HPPIY,12,3.6667,0.6712
B0033HRPUA,1,4.0,0.3673
B0033HRPUK,2,3.0,0.0438
B0033MC5SW,1,5.0,0.8555
B0033S499E,1,5.0,0.0038
B0033TYF2E,3,4.6667,0.8804
B0033UAEGO,3,4.3333,0.528
B0033UAFAO,1,5.0,0.2732
B0033UDZ9W,1,3.0,0.9618
B0033UDZDI,1,5.0,-0.037
B0033UE02S,2,4.5,0.8182
B0033UMNN6,1,2.0,0.802
B0033UMO5I,1,5.0,-0.34
B0033UMOWG,1,1.0,0.128
B0033UU19Y,1,4.0,0.9839
B0033VA0GC,1,5.0,0.9153
B0033WDDU6,2,5.0,0.9257
B0033XEP0C,1,1.0,0.4404
B0033XQF8C,2,5.0,0.6657
B0033XV37K,2,3.5,0.9012
B0033YH45Y,1,5.0,0.8176
B0033YP19U,1,5.0,0.5106
B0033YXSHW,1,2.0,0.128
B0033ZK42S,3,5.0,0.9117
B003404JF0,2,5.0,0.9001
B00344R71Y,5,4.2,0.895
B003457K10,1,5.0,0.9403
B00345HCUE,2,4.5,0.9562
B00345ZVH0,1,3.0,0.2023
B00346J8BO,2,1.0,0.1289
B00346J8GE,3,3.0,0.1245
B00346J8R8,5,4.8,0.6723
B00346J90Y,1,5.0,0.7845
B00346J940,1,4.0,0.8957
B00346ZNZO,1,5.0,0.867
B0034715HI,2,4.5,0.7887
B00347AL5U,3,3.3333,0.7058
B00347OD8Q,1,5.0,0.9509
B00348BJ14,1,5.0,0.6242
B00348BJ8W,1,4.0,0.8689
B00348D8G8,1,4.0,0.7783
B00348J4WA,1,1.0,0.4576
B00348J76I,1,1.0,-0.6249
B00348LCHA,1,5.0,0.0
B00348MF8K,2,3.0,0.4463
B0034BACPU,1,5.0,0.9313
B0034C2CO8,1,5.0,0.9758
B0034CE9FI,1,4.0,0.9738
B0034D5DE8,2,4.5,0.6163
B0034EDLS2,52,4.5769,0.8365
B0034EDM2W,63,4.6825,0.8496
B0034EDMCW,57,4.3684,0.8237
B0034EDMLI,56,4.5,0.8793
B0034EFIYC,62,4.5,0.8538
B0034JVVR0,1,5.0,0.9776
B0034KN29O,11,4.8182,0.923
B0034KN2KS,1,4.0,0.8519
B0034KP00S,10,4.1,0.8025
B0034KQOJ4,4,4.0,0.6405
B0034KQPKM,1,5.0,0.6478
B0034KSQTA,1,5.0,0.9331
B0034L4YD6,2,4.5,0.8264
B0034L4YGI,1,5.0,0.9416
B0034L4YOU,1,5.0,0.6597
B0034L8UNG,1,5.0,0.9403
B0034L8UWM,1,5.0,0.8016
B0034L8UZY,3,4.3333,0.2191
B0034UAF7Q,1,5.0,0.9152
B0034UCG5U,1,2.0,0.7845
B0034UCJ98,2,5.0,0.8667
B0034VDYC8,1,5.0,0.9477
B0034VQTIY,2,5.0,0.8288
B0034YP1P8,4,3.75,0.917
B0034ZYJ6O,1,5.0,0.8126
B00350U4BM,2,5.0,0.9043
B00351JWTQ,7,4.4286,0.6652
B00351JX8G,2,5.0,0.7716
B00351ZA1A,2,5.0,0.607
B003545AIU,2,4.5,0.7183
B003545AJE,1,4.0,0.4404
B00354MQ3C,2,4.0,0.7702
B003557QVI,1,1.0,0.6124
B003559KGM,1,4.0,0.6369
B00355AM9G,1,5.0,0.8876
B00355CLLS,5,3.2,0.5804
B00355CNFW,4,3.25,0.5602
B00355GML8,1,5.0,0.3818
B00355HJ0Q,1,5.0,0.9454
B00355HJ5G,2,4.0,0.7793
B00355HJCO,1,5.0,0.8141
B00355I3RO,1,4.0,0.9118
B00355K1YM,1,5.0,0.0772
B00355M03W,1,5.0,0.9062
B003561V40,21,3.381,0.5076
B00356BMYE,1,5.0,0.8779
B00356BO7Y,1,5.0,0.885
B00356BP0U,1,5.0,-0.4043
B00356BPBO,1,5.0,0.875
B00356BR3K,1,3.0,0.8481
B00356FR8Q,1,1.0,0.6369
B00356FRR2,1,2.0,0.8402
B00356FSAS,4,4.5,0.7539
B00356UVYQ,1,2.0,-0.875
B00359F87S,1,5.0,0.9602
B0035A11OQ,2,3.0,0.1259
B0035A53M2,1,5.0,0.6808
B0035AG4XO,1,5.0,0.3182
B0035AOLCK,1,1.0,-0.8667
B0035AQYE8,1,5.0,0.9001
B0035AR8CA,1,5.0,-0.1298
B0035BDFUS,1,5.0,0.0
B0035BZZ7O,1,3.0,0.9657
B0035CMDSW,1,1.0,0.4588
B0035CPT56,1,5.0,0.967
B0035CPZ4G,1,1.0,0.4588
B0035CVB3A,1,2.0,-0.5574
B0035DZNUQ,1,5.0,0.7287
B0035E92TI,1,5.0,0.8957
B0035GXXDM,4,4.0,0.86
B0035HB1RG,2,3.0,0.6562
B0035HBCUW,2,2.5,0.744
B0035IHTEE,1,2.0,0.7346
B0035J1GE2,1,5.0,0.9416
B0035JG1YM,1,5.0,0.9524
B0035LYCPU,5,4.4,0.8748
B0035MO3NU,1,1.0,0.6369
B0035MTM3G,2,4.0,0.8678
B0035MV4ZK,1,5.0,0.5643
B0035MZ69K,1,2.0,0.1779
B0035MZ6JK,2,3.0,0.0793
B0035MZ6RM,2,5.0,0.9552
B0035N3ADS,2,5.0,0.6505
B0035N3AK6,1,5.0,0.9623
B0035N3AQA,1,4.0,0.7003
B0035N3B1E,1,2.0,0.7351
B0035N3B7I,2,2.0,-0.0806
B0035N3BEG,2,3.0,0.1202
B0035NA87Y,1,5.0,0.9136
B0035R36QU,1,1.0,0.7096
B0035R38E0,1,5.0,0.6486
B0035R4X94,1,5.0,0.7845
B0035R8WVO,1,5.0,0.6486
B0035RAR1C,1,5.0,0.4939
B0035RCRG0,1,1.0,0.7096
B0035RJBQY,1,5.0,0.9231
B0035RLCLQ,1,5.0,0.25
B0035RNJCG,1,1.0,0.4404
B0035U4WCY,1,3.0,0.5994
B0035UEIX2,2,4.0,0.7605
B0035XVQF2,3,2.3333,0.3898
B0035YB868,1,5.0,0.5574
B0035YE9CS,2,5.0,0.8594
B00361ESEY,5,2.8,0.6142
B00361PABO,1,3.0,0.7184
B00362D6EQ,1,1.0,-0.7351
B00362FJD2,10,3.5,0.6724
B00362JC8A,1,4.0,0.8885
B0036747GC,1,5.0,0.9584
B003679TRO,1,1.0,0.9
B00367HI04,1,4.0,0.7964
B00369487I,1,1.0,-0.0516
B0036AWD8I,3,3.6667,0.8439
B0036AX0SK,1,4.0,0.8885
B0036B8B0Q,17,4.5882,0.8237
B0036BGARC,1,1.0,-0.5574
B0036BINKE,3,3.6667,0.8796
B0036BJD3A,1,3.0,0.7787
B0036BJGSC,1,5.0,0.9207
B0036EYL8E,2,5.0,0.8904
B0036F8SQO,1,4.0,0.979
B0036FB6FY,12,4.1667,0.6556
B0036FBCGM,1,1.0,0.5729
B0036FBZG4,9,3.6667,0.5732
B0036FEB4W,2,3.0,0.896
B0036FFJ98,5,4.0,0.5458
B0036FKPVA,1,5.0,0.9558
B0036G0R8A,1,4.0,0.9153
B0036GG76G,1,5.0,0.6249
B0036GJZ1A,1,1.0,0.3818
B0036IO1IK,1,2.0,0.7717
B0036IOBCQ,2,4.5,0.5992
B0036IWP5Q,1,5.0,0.836
B0036J637G,1,1.0,-0.128
B0036L2S9Q,1,5.0,0.0
B0036L331S,1,5.0,0.8442
B0036L4ERU,1,5.0,0.9766
B0036NR2JA,1,4.0,0.2057
B0036Q6DSS,6,4.8333,0.8252
B0036Q8WSW,1,5.0,0.6801
B0036QD9VC,5,5.0,0.6646
B0036QHQ5C,2,3.0,0.8444
B0036QKVIQ,1,2.0,-0.765
B0036QLHRK,1,5.0,0.9686
B0036QLL3A,2,3.0,0.7471
B0036QO7ZO,1,5.0,0.8658
B0036R7HGE,2,5.0,0.7395
B0036R98WA,1,4.0,0.7096
B0036SF9W2,4,5.0,0.8973
B0036SNKZ0,1,2.0,0.8126
B0036THN2A,1,5.0,0.8271
B0036UQTQA,1,5.0,0.9932
B0036UWPJ0,1,5.0,0.7489
B0036V6MZ2,1,1.0,0.0258
B0036V7K4E,1,5.0,0.9468
B0036VFTL0,1,5.0,0.8885
B0036VFTMO,1,5.0,0.975
B0036VFWO4,2,5.0,0.9165
B0036VFX5M,4,4.5,0.5317
B0036VFXAC,6,3.5,0.2714
B0036VFXG6,8,3.875,0.5707
B0036VFXLG,1,5.0,0.9735
B0036VFXYS,1,5.0,0.908
B0036VLZ3G,3,4.6667,0.8901
B0036VLZ8G,2,5.0,0.8272
B0036VLZDQ,2,3.0,0.3764
B0036VLZNG,3,3.0,0.8788
B0036VLZS6,2,5.0,0.9019
B0036WC6QA,1,1.0,0.2263
B0036WY4TW,3,3.3333,0.7239
B0036X748E,6,3.6667,0.2915
B0036Z2FRM,1,2.0,0.9382
B0036Z3SOQ,1,5.0,0.9287
B0036Z3ULM,11,4.2727,0.6604
B0036Z3UOE,1,4.0,0.642
B0036Z5A7O,1,1.0,-0.7269
B0036Z7DS8,1,5.0,0.9432
B0036Z91ZG,1,5.0,0.836
B0036Z9AB6,1,5.0,0.8946
B0036Z9WVE,1,5.0,0.8903
B0036ZCZQ8,1,5.0,0.8439
B0036ZETW6,2,4.5,-0.0891
B0036ZGO4M,1,5.0,0.7906
B0036ZGSZC,2,5.0,0.9206
B0036ZGY3S,1,1.0,-0.3063
B0036ZILIY,1,3.0,-0.2006
B0036ZQSIY,1,2.0,0.6124
B0036ZQSL6,1,2.0,0.9117
B0036ZQSM0,1,5.0,0.9881
B003705VL8,6,5.0,0.8832
B00370957E,2,5.0,0.7346
B00370CFR6,21,4.5238,0.8324
B00370EQNC,1,4.0,0.6369
B00370ESNU,7,4.0,0.6746
B00370XQ5G,2,3.5,0.0109
B003710612,1,4.0,0.7584
B00371V2V0,1,5.0,0.9783
B003723D66,1,3.0,0.4588
B00374MU8G,1,5.0,0.9578
B00374QIYS,2,4.5,0.8282
B00374QXAC,1,5.0,0.9857
B00374S2QU,1,5.0,0.6369
B00374TJ94,1,5.0,0.7184
B00374TK2U,1,5.0,0.9613
B00374U4TI,1,5.0,0.886
B00374UIHQ,1,4.0,0.7506
B00374VL3G,1,5.0,0.9902
B00374VRGW,1,5.0,-0.4404
B00374WH9S,1,3.0,0.5994
B00374WJNC,1,2.0,0.8481
B00374WLNU,1,5.0,0.8016
B00374XTQI,2,3.0,-0.1176
B00374Y7C8,1,3.0,0.0
B00374ZKQ0,3,1.6667,0.0027
B0037505AK,3,3.0,0.8328
B003750AIC,1,5.0,-0.2732
B003752LCU,1,5.0,0.688
B003756IOM,1,5.0,0.9136
B00375C2R4,2,5.0,0.209
B00375EFDI,1,5.0,0.936
B00375LB26,1,5.0,0.9337
B00375LB30,1,5.0,0.9337
B00375LB3K,1,5.0,0.9337
B00375LB5I,3,4.0,0.8215
B00375LB5S,2,4.0,0.7304
B00375LB62,2,3.5,0.7738
B00375LB6C,4,4.5,0.6654
B00375LB6M,2,5.0,0.828
B00375LB6W,1,5.0,0.765
B00375LB76,3,3.3333,0.7295
B00375LB7Q,2,5.0,0.7314
B00375LB80,3,5.0,0.7892
B00375LB8K,1,2.0,0.9618
B00375LB94,1,5.0,0.9413
B00375LB9O,4,5.0,0.6898
B00375LBCG,1,5.0,0.8739
B00375LBNU,1,4.0,0.9413
B00375LBP8,1,1.0,-0.4215
B00375LBQC,1,5.0,0.9153
B00375LBQM,1,1.0,-0.4215
B00375LBQW,1,1.0,-0.4215
B00375LBR6,1,5.0,0.8957
B003760Z90,5,5.0,0.848
B003762ZJI,3,5.0,0.9646
B00376301U,1,3.0,0.9577
B00376T0JG,5,4.6,0.7955
B00376W6BK,2,2.0,0.1546
B00376ZEY6,7,5.0,0.8683
B00377BV9C,2,3.5,0.6444
B00378XLBM,1,5.0,0.7964
B0037AF0VO,1,5.0,0.8779
B0037AJCA4,1,4.0,0.9492
B0037AMTQ8,3,5.0,0.872
B0037B8YKC,1,5.0,0.9153
B0037B8YQG,1,5.0,0.5423
B0037BAQKI,2,5.0,0.4808
B0037BAW8O,1,4.0,0.8402
B0037BOK3C,1,1.0,-0.4019
B0037BONRK,2,3.0,0.1898
B0037BRW6Y,3,5.0,0.8875
B0037BUEW8,2,4.5,0.7007
B0037BW6BK,1,4.0,0.8805
B0037FQX0Q,1,5.0,0.7732
B0037J1YO2,2,5.0,0.4969
B0037JAGQE,1,5.0,0.5302
B0037JFHIQ,2,5.0,0.963
B0037JI03U,1,5.0,0.9325
B0037LU2X4,1,5.0,0.7902
B0037LU3UQ,1,5.0,0.707
B0037LU4AU,1,5.0,0.707
B0037LW78C,2,5.0,0.9334
B0037LYC6C,1,5.0,0.4939
B0037LZAAO,1,5.0,0.9744
B0037M0I2I,1,5.0,0.8779
B0037M2EI4,1,5.0,0.9451
B0037M31D6,1,5.0,0.7902
B0037M52RE,1,1.0,0.0516
B0037M53D2,1,4.0,0.5267
B0037MBDQS,1,4.0,-0.5267
B0037MBNBI,1,5.0,0.8126
B0037MIRYE,1,1.0,0.0258
B0037MLHE6,1,5.0,0.6124
B0037MVZMA,2,5.0,0.8927
B0037MVZY8,2,4.0,0.6926
B0037N7GIQ,3,4.0,0.5815
B0037NVULU,1,5.0,0.8176
B0037O1Q4K,3,5.0,0.6582
B0037OSYYU,1,2.0,0.5106
B0037QGKSK,18,3.3333,0.7405
B0037QRIL8,1,1.0,-0.0788
B0037QRIYU,1,5.0,0.6486
B0037QTLFY,1,5.0,0.9552
B0037QTLU4,2,3.5,0.6794
B0037QUWY8,1,5.0,0.8271
B0037QUX4M,1,5.0,0.93
B0037QWWLY,1,5.0,0.9442
B0037RU0O4,1,5.0,0.8979
B0037TIDCI,2,4.0,0.9142
B0037TIE2C,1,5.0,0.9442
B0037TRE82,1,5.0,0.9522
B0037TUHAY,4,5.0,0.735
B0037UW0WQ,4,3.75,0.8349
B0037X4QDO,1,4.0,-0.4767
B0037X9I9Q,2,5.0,0.9264
B0037X9LTI,1,5.0,0.8225
B0037XARA0,1,3.0,0.9426
B0037XGSN0,1,5.0,0.9652
B0037Y1B6I,1,5.0,0.9231
B0037YP7GS,1,5.0,0.6705
B0037YPUJM,5,4.2,0.2896
B0037YPV1Y,2,5.0,0.932
B0037YPVBE,3,4.6667,0.7677
B0037YQ2ZS,1,5.0,0.6908
B0037YXQ5W,1,5.0,0.9716
B0037YXQMA,2,4.5,0.8514
B0037YXQSY,1,5.0,0.9776
B0037YXR42,1,4.0,0.6369
B0037YZ4XO,1,5.0,0.9403
B0037Z1KOU,2,3.5,0.0472
B0037Z9L50,1,5.0,0.9231
B003807TH6,1,5.0,0.93
B00381AB98,3,3.0,0.6833
B0038292TM,1,5.0,0.9761
B00382CQEK,1,5.0,0.6369
B00382UXU4,8,4.5,0.7941
B00382UYEY,1,2.0,0.0018
B003832GRQ,6,4.1667,0.7555
B0038336IE,1,3.0,0.6369
B00383YJQM,1,5.0,0.8625
B003841PK4,1,5.0,0.836
B003847JKY,1,3.0,0.765
B00384ABMM,1,5.0,0.946
B00384ABOA,4,3.5,0.5971
B00384ABT0,7,5.0,0.6181
B00384GGGC,9,4.4444,0.6868
B00384GGLC,5,4.6,0.6282
B00384NZTI,2,3.0,0.7356
B00384Q10I,1,3.0,0.7178
B00384S3L8,1,5.0,0.9432
B00385KYUU,1,5.0,0.7351
B00388XW7Y,2,5.0,0.9141
B00389Q4XW,6,4.0,0.734
B00389TID0,1,2.0,0.5719
B0038A5NOM,1,5.0,0.8313
B0038A5QCQ,3,2.6667,-0.0824
B0038A8F0Q,7,4.8571,0.7831
B0038AANFQ,1,5.0,0.9524
B0038ABH1U,1,1.0,0.128
B0038AM3W2,1,5.0,0.91
B0038AQY5O,1,5.0,0.8074
B0038AXDQM,1,5.0,0.8979
B0038AXMX6,2,4.0,0.5756
B0038AXN30,9,3.8889,0.8437
B0038AXNQW,1,5.0,0.9761
B0038B1DEU,8,4.5,0.6132
B0038B1EOY,8,4.25,0.8082
B0038B1ET4,2,5.0,0.0906
B0038B38BQ,8,4.125,0.7011
B0038B39E2,5,3.4,0.8481
B0038B3A0A,3,3.6667,0.599
B0038B3A5K,1,1.0,0.4549
B0038B3AAK,23,4.087,0.7182
B0038B3AGO,11,4.1818,0.8262
B0038BDVNQ,4,4.5,0.8864
B0038BLDF4,1,5.0,-0.5423
B0038C6X8A,6,4.6667,0.8382
B0038EN9I0,1,1.0,-0.0516
B0038F7ZU2,1,2.0,0.3612
B0038IAZAQ,2,4.0,0.8792
B0038IMFUE,2,2.0,0.7561
B0038K2YNK,1,5.0,0.9062
B0038KBTZE,2,5.0,0.7176
B0038KCCMS,2,5.0,-0.0183
B0038KHK8E,3,4.3333,0.7246
B0038KHMRI,2,4.5,0.8966
B0038KV1BG,1,1.0,0.9001
B0038L9W5C,1,5.0,0.6705
B0038LE4VO,1,2.0,0.8074
B0038LE5RM,7,2.2857,0.5532
B0038M4DZ0,3,2.6667,0.9498
B0038MVQHI,1,5.0,0.7506
B0038N93OU,2,2.5,0.0407
B0038N9CCS,1,5.0,0.7239
B0038NA3X0,9,4.8889,0.841
B0038O8LVU,1,4.0,0.0
B0038OQY50,1,5.0,0.886
B0038PDDUS,1,2.0,-0.4215
B0038Q0VSO,2,3.0,0.0998
B0038QMSB2,1,5.0,0.8807
B0038QUJHM,1,5.0,0.9559
B0038R25J6,1,5.0,0.8442
B0038RHNC0,1,5.0,0.93
B0038RLIYO,2,3.5,0.2649
B0038RMXHK,3,3.6667,0.3452
B0038YDXQ8,2,4.5,0.062
B0038YE6AK,4,5.0,0.7172
B0038Z7PZW,1,5.0,0.8439
B0038Z7X1I,1,3.0,0.1783
B0038ZS6PU,4,5.0,0.9009
B00390BRVE,1,4.0,0.4102
B00390KYOU,1,5.0,0.9299
B00390T5JA,16,4.625,0.8016
B00390X8GQ,1,2.0,0.0516
B00393C3F0,1,5.0,0.7845
B003944LSQ,1,5.0,0.9531
B00394JNAW,4,5.0,0.9342
B00394QWH4,2,3.0,0.8544
B00394VLL6,1,5.0,0.6124
B0039555VM,3,4.3333,0.3239
B00395564I,1,5.0,0.8689
B0039556DY,3,3.0,0.348
B0039556K2,24,3.375,0.5724
B00395570G,22,3.4091,0.5889
B00395574M,2,4.5,0.941
B00395DVJA,3,3.6667,0.811
B00395DVQS,34,3.7353,0.7014
B00395DVWM,2,3.5,0.9539
B00395DWHG,1,4.0,0.7096
B003965NHC,1,5.0,0.9844
B0039775R2,2,5.0,0.9416
B003982KVM,3,3.3333,0.6922
B0039B4GNY,1,5.0,0.9618
B0039BBWN6,4,4.5,0.8594
B0039BNVHG,2,4.5,-0.3793
B0039CLK78,1,5.0,0.9184
B0039JXQ1Y,1,2.0,-0.3182
B0039K56D4,2,3.5,0.3561
B0039K6YF8,1,5.0,0.8805
B0039KABTI,4,4.25,0.6488
B0039KDRCQ,1,5.0,0.4404
B0039KDS70,2,5.0,0.833
B0039KER1G,1,1.0,0.3182
B0039KER52,1,4.0,0.8555
B0039KERAM,1,5.0,-0.5423
B0039KERRK,4,5.0,0.9486
B0039KES42,2,5.0,0.8312
B0039KF3IM,5,4.2,0.8502
B0039KG412,1,5.0,0.9648
B0039KG5UC,2,5.0,0.983
B0039KMKQ0,2,5.0,0.8579
B0039KWK5Q,2,2.0,-0.2236
B0039LDMV6,2,5.0,0.5202
B0039LU82W,1,5.0,0.8644
B0039LVLS2,26,4.1538,0.7572
B0039LWD5M,1,5.0,0.9489
B0039LY7R4,1,5.0,0.7096
B0039N20OY,1,5.0,0.8364
B0039NMASA,1,4.0,0.8625
B0039O39RU,1,1.0,0.0772
B0039OLNPK,1,2.0,-0.5423
B0039ONBRI,1,5.0,0.8402
B0039OT488,1,2.0,0.9526
B0039OVW74,9,4.4444,0.846
B0039QQB8M,2,5.0,0.7406
B0039QXWZM,1,5.0,0.9189
B0039QXXEW,1,5.0,0.9771
B0039UVOLM,5,3.0,0.8433
B0039UXJ4M,3,2.0,0.2378
B0039V92AQ,1,3.0,0.9413
B0039VPITK,1,4.0,0.5719
B0039VYVCU,1,1.0,0.4019
B0039WFC40,1,1.0,0.2516
B0039XA3BG,5,5.0,0.8297
B0039XVEBE,1,5.0,0.5719
B0039ZGK4I,1,5.0,0.9459
B0039ZOZ86,28,4.3571,0.7955
B0039ZS7YE,1,2.0,0.9857
B003A00YEE,1,5.0,0.7184
B003A02VFO,1,2.0,0.0258
B003A0LRHW,1,4.0,0.946
B003A0NWJI,1,5.0,0.9623
B003A199AI,19,4.0,0.8199
B003A23HZK,24,3.5417,0.5161
B003A2AZNM,2,4.5,0.8718
B003A6BQI6,1,1.0,-0.1531
B003A7EHU4,2,3.0,0.7396
B003A7LDXS,6,3.5,0.8182
B003A8BE4U,1,2.0,0.6361
B003A8N3Z8,1,5.0,0.9667
B003A9MRE0,2,5.0,0.6356
B003A9MRV8,1,5.0,0.9382
B003A9O1U8,1,5.0,0.9607
B003A9S5JG,3,3.6667,0.8436
B003A9S5SC,1,5.0,0.7096
B003AAFYJE,1,5.0,0.8658
B003AAI0OK,2,5.0,0.9262
B003AAK2VO,1,5.0,0.9639
B003ABGZPU,1,5.0,0.9001
B003AC0YME,1,5.0,0.8405
B003AC40DI,1,5.0,0.3089
B003AC7B0C,1,5.0,0.8676
B003AF2UAK,2,1.5,0.5327
B003AK1IPI,1,5.0,0.9081
B003AKJPEY,3,5.0,0.9377
B003ALHO1O,1,5.0,0.9559
B003ALJTNU,1,5.0,0.9545
B003AN0MPW,1,1.0,-0.5423
B003ANDKOC,3,4.6667,0.5987
B003ANFMY8,14,4.3571,0.648
B003ANJ9SI,2,4.0,0.5066
B003AO5Q2A,3,3.6667,0.8978
B003AO73JE,2,4.5,0.3618
B003AO759C,1,4.0,0.6901
B003AO96W6,2,3.0,-0.3798
B003AO9ZNG,2,4.0,0.8644
B003AOCRQI,2,2.5,-0.2164
B003AOCTQQ,1,2.0,-0.5719
B003AOEOOG,1,5.0,0.9571
B003AOH5Y2,4,4.0,0.6526
B003AOHE70,1,3.0,-0.0258
B003AOIN3O,1,4.0,0.9432
B003AOIN4I,1,5.0,0.8689
B003AOIN7A,2,3.0,0.7254
B003AOIO6K,1,1.0,0.9349
B003AOION8,2,5.0,0.8171
B003AOIQ40,1,5.0,0.9081
B003AOMUJW,1,5.0,0.7764
B003AOPENG,1,1.0,0.0
B003AP0V0Q,1,1.0,0.0
B003AP2GKY,11,4.0,0.5483
B003AP3EIW,1,5.0,0.8957
B003AP3F72,1,1.0,0.6705
B003AP7C1M,1,5.0,0.6115
B003AP7CNK,1,5.0,0.9166
B003APAMBE,1,5.0,0.6705
B003APAXUY,1,5.0,0.8873
B003ASXKV0,1,4.0,0.4404
B003ASYT60,1,3.0,0.9022
B003AU27XA,1,5.0,0.9722
B003AUB1XM,1,5.0,0.9093
B003AUWZUK,1,1.0,-0.25
B003AVDPRQ,1,5.0,0.9709
B003AVENMM,1,4.0,-0.6249
B003AXLDCI,1,5.0,0.7689
B003AYCVVY,1,5.0,0.9617
B003AYEHSE,1,5.0,0.7351
B003AYEHXE,2,4.0,0.82
B003AYGMNC,8,4.375,0.8595
B003AYH560,1,5.0,0.9441
B003AYIAR8,1,5.0,0.9578
B003AYJ8HY,1,5.0,0.9521
B003AYL9NU,2,5.0,0.6474
B003AYMGWI,1,1.0,0.743
B003AZ2ECY,20,4.2,0.7264
B003B0SKF8,2,5.0,0.8943
B003B0WPWW,2,5.0,0.7702
B003B3A9K4,1,5.0,0.8779
B003B3G8M2,1,5.0,0.1513
B003B3N5Y6,2,5.0,0.6857
B003B3OKF4,1,5.0,0.9568
B003B3OOPA,133,4.8195,0.7948
B003B3QDJU,1,1.0,0.6022
B003B3ZE40,1,5.0,0.967
B003B4G8TY,1,5.0,0.9403
B003B4JFS0,1,4.0,0.8957
B003B5ASEY,2,3.0,0.5022
B003B6NAZ2,1,5.0,0.4939
B003B6VI60,1,1.0,0.6124
B003BCPJRS,1,5.0,0.9565
B003BCXUMY,1,4.0,0.836
B003BD4S06,1,5.0,0.4404
B003BD9EL4,1,5.0,0.9341
B003BDB1CE,1,3.0,0.8176
B003BDXQH2,1,5.0,0.6632
B003BFVZLY,1,5.0,0.8581
B003BGB24S,3,3.6667,0.5046
B003BGBVQ2,2,5.0,0.4812
B003BGK6Q8,1,1.0,-0.5106
B003BGRUPI,19,4.6842,0.7449
B003BHA6PI,1,5.0,0.5267
B003BI2EUW,2,5.0,0.9136
B003BI2HK4,3,3.3333,0.831
B003BJOORW,14,4.3571,0.8458
B003BJZMSM,31,4.0323,0.8393
B003BK0DX0,3,5.0,0.9691
B003BKOHBE,3,4.0,0.8412
B003BKOTQ2,5,4.8,0.8347
B003BL1GXU,1,1.0,0.9735
B003BLBVOY,4,3.75,0.9278
B003BM42R6,1,5.0,0.8912
B003BMLTKO,3,3.6667,0.4289
B003BN3QS6,1,2.0,0.7783
B003BNAOSG,1,1.0,-0.4215
B003BQCIRS,1,4.0,0.8625
B003BQXKDY,2,3.0,0.4795
B003BSO6CQ,1,1.0,0.9638
B003BT5KAW,2,3.0,0.8752
B003BTYSS2,1,1.0,0.7269
B003BV2LES,5,4.0,0.6329
B003BV8U16,1,5.0,0.9042
B003BYIPO0,5,4.2,0.8823
B003C09PC4,2,5.0,0.8656
B003C1FI92,1,5.0,0.8739
B003C1OMJE,1,5.0,0.8126
B003C1RIEK,6,2.3333,0.0542
B003C1SZZ6,2,4.5,0.7122
B003C25ASK,1,4.0,0.8735
B003C4UDEY,2,5.0,0.9054
B003C4UI7G,1,5.0,0.9349
B003C4YIFE,7,4.2857,0.6773
B003C5BRAM,1,5.0,0.962
B003C5HQCK,1,5.0,0.9559
B003C5JX44,1,5.0,0.8402
B003C5LMZW,2,3.0,0.2814
B003C5NN8Q,2,5.0,0.4184
B003C5NT0I,3,5.0,0.8693
B003C5PBO0,1,5.0,-0.5583
B003C5PD9I,2,5.0,0.6327
B003C5RLGG,4,5.0,0.7416
B003C5SOCQ,5,4.8,0.7388
B003C5TCYU,7,3.8571,0.6413
B003CB0VAI,1,5.0,-0.4019
B003CB2IHC,1,2.0,0.8204
B003CE79XC,2,5.0,0.5879
B003CFV3MO,1,2.0,0.1002
B003CFV3S8,1,5.0,0.9118
B003CFX8UO,3,4.3333,0.9416
B003CFX90S,2,4.5,0.8395
B003CFX93U,2,4.5,0.8884
B003CFX97Q,1,5.0,0.9081
B003CFX9JY,2,4.0,0.9406
B003CFX9OY,1,4.0,0.6743
B003CG1698,5,2.6,0.5657
B003CG16C0,1,5.0,0.9108
B003CG16M0,3,5.0,0.8891
B003CGJAIM,4,4.0,0.4844
B003CGJGK4,3,4.6667,0.7361
B003CGOFP0,8,4.5,0.8612
B003CGPHP2,1,1.0,-0.8885
B003CGQOZ4,4,4.0,0.8154
B003CHCT3Y,1,5.0,0.9337
B003CHOKCW,1,5.0,0.7096
B003CHUEUE,1,5.0,0.9694
B003CHUWQA,5,5.0,0.8608
B003CIAP3E,1,1.0,-0.6022
B003CIBPN8,86,3.7674,0.6965
B003CIFZZC,1,4.0,0.0
B003CIHTBU,3,5.0,0.8512
B003CIRVKO,1,5.0,0.9217
B003CJJK2A,1,5.0,0.8316
B003CJJKL6,1,3.0,0.8552
B003CJJKRU,3,4.6667,0.8235
B003CJN0OO,6,4.8333,0.8097
B003CJN1CA,2,4.0,0.9184
B003CJN238,2,3.5,0.8786
B003CK0VVI,1,5.0,0.9539
B003CK0WLM,27,4.7037,0.7311
B003CK0X52,1,3.0,0.9961
B003CK0XC0,25,4.48,0.8003
B003CK2BQG,39,4.5897,0.8228
B003CK7MME,15,4.3333,0.7847
B003CK7O36,33,4.303,0.7509
B003CKIFJS,1,5.0,0.9327
B003CL3PTM,2,3.5,0.943
B003CL6Q84,2,2.0,0.4525
B003CLGE5E,2,4.5,0.9604
B003CMEPB8,1,4.0,0.9501
B003CMGLJC,1,5.0,0.4588
B003CMIO5G,1,4.0,0.9501
B003CMLP9I,1,5.0,0.9198
B003CN5NPE,1,5.0,0.9545
B003CN5NPY,1,4.0,0.9698
B003CNJPJY,1,5.0,0.7579
B003COE9TO,1,4.0,0.8481
B003CRKNPK,1,5.0,0.9081
B003CRMC68,1,5.0,0.984
B003CSUHXC,1,1.0,-0.6249
B003CUCSFA,1,3.0,0.6124
B003CV3LJQ,2,5.0,0.9452
B003CW1R9G,1,4.0,0.9118
B003CWAWS8,2,3.0,0.5446
B003CXZYYO,1,3.0,0.8402
B003D0G5VW,1,5.0,0.944
B003D0RUDO,1,5.0,0.6115
B003D0WM8W,1,5.0,0.9325
B003D1484W,1,5.0,0.5859
B003D177KY,1,4.0,0.9134
B003D291X4,1,5.0,0.9186
B003D32WVQ,2,5.0,0.9653
B003D331JS,2,4.0,0.8898
B003D3533A,1,5.0,0.8074
B003D353FS,1,5.0,0.9153
B003D39V3S,1,5.0,0.8402
B003D39VCO,2,5.0,0.8956
B003D3YT08,1,2.0,0.8126
B003D4EW8G,3,2.6667,0.3068
B003D4EWOK,3,2.3333,0.4607
B003D4EXFS,3,4.0,0.8601
B003D4F0UU,3,4.6667,0.8939
B003D4F1QS,77,4.5584,0.7378
B003D4GSGA,2,5.0,0.8986
B003D4GSL0,2,5.0,0.9218
B003D4IFES,1,5.0,0.9509
B003D4IFNE,1,5.0,0.7351
B003D4IGAG,2,5.0,0.7125
B003D4IU1Q,4,4.25,0.9564
B003D4IUCK,3,4.0,0.9738
B003D4IYSU,65,4.3692,0.6812
B003D4MDKK,1,5.0,0.9943
B003D4MDXC,1,5.0,0.9722
B003D4MEF4,1,4.0,0.3612
B003D4MFUS,1,5.0,0.9174
B003D4MJAY,1,2.0,-0.2023
B003D4MW38,82,4.5,0.7505
B003D4MYLS,81,4.4691,0.7379
B003D4OAM4,1,4.0,0.7458
B003D4OB4G,2,3.0,0.8884
B003D4OBJ6,1,3.0,0.9081
B003D4T7K4,1,5.0,0.9565
B003D5JJEC,1,5.0,0.9557
B003D5LIEQ,1,5.0,0.9337
B003D5LIRS,2,5.0,0.9103
B003D5TN84,1,3.0,0.7375
B003D5TRP8,1,3.0,0.8807
B003D71GSC,1,5.0,0.9778
B003D7PMK0,1,5.0,0.6369
B003D7TJGI,1,5.0,0.9062
B003D8G63Q,1,5.0,0.9623
B003D8L5KA,1,5.0,0.9864
B003D9Z6NQ,4,5.0,0.8904
B003DA54IW,1,2.0,0.0258
B003DA54JQ,3,3.0,0.4534
B003DA54KU,1,1.0,-0.4141
B003DA54LO,1,1.0,0.4939
B003DA54LY,3,1.3333,0.2133
B003DA54XC,2,3.0,0.0099
B003DA54XW,2,3.0,0.7554
B003DA54ZA,1,5.0,0.9674
B003DA5536,1,1.0,0.6453
B003DA555Y,1,4.0,0.936
B003DBJ3SI,2,3.5,0.9252
B003DCOV8Y,1,1.0,0.0772
B003DCUBOM,1,3.0,0.0
B003DCYL5C,1,5.0,0.9384
B003DD5VCI,1,5.0,0.9001
B003DD5VCS,1,5.0,0.9722
B003DGOBPI,1,5.0,0.9567
B003DGQBCO,3,5.0,0.9643
B003DGWB78,4,4.75,0.9261
B003DIIMLK,5,3.6,0.6979
B003DIIMM4,1,5.0,0.926
B003DIOTX0,7,4.1429,0.6936
B003DKA9LY,1,3.0,0.7003
B003DKF8U6,1,2.0,0.9571
B003DKJZBY,1,5.0,0.8658
B003DKJZC8,1,5.0,0.8658
B003DKJZCS,1,5.0,0.8658
B003DKOZ7I,1,5.0,0.9145
B003DKT870,2,4.0,0.9005
B003DKT8AC,10,4.4,0.8175
B003DKVI28,1,5.0,0.3612
B003DKVKBM,1,5.0,0.8779
B003DKWDMC,1,5.0,0.9725
B003DKY5QE,1,5.0,0.7845
B003DKY5R8,1,2.0,0.6659
B003DLBON0,1,1.0,0.765
B003DMRIS4,1,2.0,0.8689
B003DMUT76,1,5.0,0.9783
B003DMVFHY,2,3.5,0.4102
B003DMWQ86,1,4.0,0.9648
B003DMWQAY,3,3.6667,0.5244
B003DMXDGA,8,4.875,0.747
B003DMXDKQ,1,5.0,0.8591
B003DMYJUE,2,5.0,0.969
B003DMYJYU,2,5.0,0.9067
B003DN0FTM,2,3.0,0.9012
B003DNL9IS,1,4.0,0.802
B003DNL9QK,3,4.6667,0.6264
B003DNL9QU,1,4.0,0.6808
B003DNL9RY,13,4.9231,0.6628
B003DNL9SS,1,5.0,0.5423
B003DNL9T2,1,5.0,0.8622
B003DNL9TC,2,4.5,0.8625
B003DNL9TW,4,5.0,0.6848
B003DNL9U6,3,4.6667,0.7239
B003DNL9V0,2,5.0,0.8826
B003DNL9VA,1,5.0,0.9645
B003DNL9VK,1,5.0,0.802
B003DNL9W4,1,5.0,0.7003
B003DNL9YM,3,5.0,0.8911
B003DNL9ZQ,3,4.0,0.9675
B003DNMZA4,2,4.0,0.9458
B003DOPI6Q,3,3.0,0.3284
B003DPP00Y,1,5.0,0.9413
B003DPXT5C,1,4.0,0.9099
B003DQ4FWW,1,5.0,0.8655
B003DQ6A2U,1,1.0,-0.7506
B003DQ7YUW,1,5.0,0.743
B003DQBLCO,1,5.0,0.836
B003DQXR4Y,1,5.0,0.9513
B003DQZKM6,1,5.0,0.926
B003DS209K,1,4.0,0.9389
B003DV5AGW,1,1.0,0.4019
B003DVHGSC,1,5.0,0.7003
B003DVKBK2,1,4.0,0.6696
B003DVMYUW,10,4.5,0.9174
B003DVTAN6,1,5.0,0.8834
B003DVVDHW,2,5.0,0.7788
B003DW731Q,1,2.0,-0.4019
B003DWYXPU,1,5.0,0.9493
B003DWYXSC,1,5.0,0.9518
B003DX141K,4,4.5,0.6463
B003DX1HK8,1,2.0,0.8553
B003DXGN70,1,5.0,0.9577
B003DY179S,1,1.0,-0.296
B003DYNHV4,1,2.0,-0.1531
B003DYZQRW,1,5.0,0.6808
B003DYZTJC,1,5.0,0.9136
B003E0Y0FY,1,4.0,0.7906
B003E1QQ3C,1,2.0,0.5574
B003E1VO20,1,5.0,0.9796
B003E212V2,1,5.0,0.9041
B003E3S8UY,1,5.0,0.7845
B003E3UH12,2,4.5,0.8311
B003E3UHJ4,1,4.0,0.9118
B003E3WMM4,3,5.0,0.5983
B003E43X0I,1,5.0,0.6597
B003E50WLA,1,5.0,0.0
B003E50WMY,1,5.0,0.4215
B003E5IQW2,1,5.0,0.8176
B003E6COLK,3,5.0,0.899
B003E6COMO,9,4.4444,0.4284
B003E6GX8U,3,5.0,0.9011
B003E6N4Y6,1,5.0,0.6124
B003E723W4,1,4.0,0.9716
B003E728CE,44,4.6364,0.6336
B003E749T4,1,5.0,-0.0772
B003EB4DQE,1,5.0,0.9349
B003EEE5D2,1,5.0,0.8176
B003EEEQ4K,1,4.0,0.9599
B003EEIWV8,1,5.0,0.7506
B003EEIWYK,1,1.0,-0.946
B003EGMVYU,1,5.0,0.5719
B003EH6P9Q,7,4.1429,0.8438
B003EHCIMO,2,4.5,0.8974
B003EI7V8O,1,5.0,0.9374
B003EI7VB6,1,5.0,0.9643
B003EI9LSC,1,5.0,0.9714
B003EIDQVU,1,4.0,0.9973
B003EIHBV6,1,5.0,0.9152
B003EIXT6C,3,4.0,0.8102
B003EJ9KLO,10,4.6,0.8802
B003EJCIWC,1,2.0,0.8658
B003EJG7GA,4,4.5,0.8678
B003EM7J9Q,46,4.1522,0.7292
B003EML8PM,50,3.98,0.6371
B003EMMRY8,2,4.0,0.3582
B003EMO9DK,1,5.0,0.9468
B003EMOA0C,2,5.0,0.924
B003EMOEVC,1,5.0,0.5719
B003EMOJDA,1,4.0,0.7579
B003EMQGVI,3,5.0,0.8926
B003EMQL0O,1,4.0,0.9257
B003EMQU32,1,5.0,0.802
B003EMSMAQ,1,5.0,0.7351
B003EMSRLK,2,3.5,0.1436
B003EMSSGE,1,2.0,0.8689
B003EMSV98,1,3.0,0.8555
B003EMU6QY,2,5.0,0.815
B003EMUA38,1,5.0,0.9814
B003EMUFTM,1,5.0,0.5719
B003EMVRSA,1,4.0,0.9287
B003EMVTS8,1,5.0,0.8807
B003EMVY8S,2,4.5,0.78
B003EMW2SE,2,5.0,0.5316
B003EMW37O,1,1.0,0.5106
B003EMW3TW,1,1.0,0.6369
B003EMW4ZA,2,5.0,0.8493
B003EMW6YE,1,5.0,0.6077
B003EMXIV4,1,4.0,0.9732
B003EMXKQW,2,5.0,0.8884
B003EMXLNO,1,5.0,0.7964
B003EMXLU2,2,5.0,0.8427
B003EMXR42,3,5.0,0.5572
B003EMXU3U,3,5.0,0.7053
B003EMXW2Y,2,5.0,0.5202
B003EMXWRO,2,4.0,0.201
B003EN1DJ2,1,5.0,0.7678
B003EN9TT8,1,5.0,0.8074
B003ENHSC8,5,4.6,0.6895
B003EO2OBW,1,2.0,0.25
B003EPPNSW,1,5.0,0.7018
B003EQHX0M,2,4.5,0.9644
B003ESRF5I,11,4.0,0.7438
B003ETWHG4,1,5.0,0.8555
B003EX2ECM,2,3.0,0.132
B003EYXUXS,3,4.6667,0.9462
B003EYXVZA,4,5.0,0.9088
B003EZ1R2S,1,2.0,0.3612
B003EZ1SFY,1,3.0,0.8819
B003F02G7M,2,5.0,0.9287
B003F1MUN6,1,5.0,0.8658
B003F1W914,2,5.0,0.8846
B003F6UO7K,2,5.0,0.933
B003F6W3LK,1,1.0,0.9524
B003F77BFW,2,5.0,0.801
B003F7949S,1,5.0,0.9756
B003F7VEB4,1,5.0,0.9117
B003F7WWYM,1,3.0,0.4939
B003F7WX4Q,1,5.0,0.8316
B003F80R2K,1,5.0,0.8176
B003F84REY,1,5.0,0.4588
B003F8G742,1,4.0,0.7783
B003F8SJ34,1,5.0,0.9552
B003F8UAO0,1,5.0,0.3687
B003F8XZSS,2,3.0,0.6268
B003F906H0,1,5.0,0.9607
B003FA2BTK,1,5.0,0.9316
B003FCQ2R0,2,5.0,0.8174
B003FCZOKQ,4,4.25,0.903
B003FCZOPQ,2,5.0,0.8586
B003FCZOZQ,1,4.0,0.9939
B003FCZP50,5,4.6,0.8224
B003FCZQQI,2,2.5,0.811
B003FCZU7I,3,5.0,0.9407
B003FCZUCI,3,3.6667,0.9084
B003FD41QI,4,3.75,0.4685
B003FD4262,1,5.0,0.872
B003FDBS64,1,5.0,0.9623
B003FDBUS0,2,5.0,0.5232
B003FDC20K,1,5.0,0.9477
B003FDC2I2,45,4.7556,0.8492
B003FDFWH0,1,5.0,0.9561
B003FDFXLA,1,5.0,0.5719
B003FDG468,2,5.0,0.8623
B003FDG4K4,35,4.8,0.8988
B003FDGBU2,1,5.0,0.9414
B003FE1O3K,5,5.0,0.8561
B003FFHFS2,1,5.0,0.7964
B003FFQJUM,1,4.0,0.4939
B003FFYBE8,2,5.0,0.7748
B003FJTAF4,1,5.0,0.9545
B003FK8S9C,1,5.0,0.9777
B003FO0MMY,1,5.0,0.926
B003FO2DAS,1,5.0,0.8271
B003FO2DDA,1,5.0,0.7906
B003FO64IA,1,5.0,0.802
B003FOD6W2,1,5.0,0.9981
B003FOQRXC,2,4.5,0.8888
B003FOSRY4,1,5.0,0.9917
B003FQ4G2Y,3,3.3333,0.3661
B003FR6ROS,2,1.5,0.304
B003FSNKWE,4,4.0,0.7115
B003FSX1X2,1,5.0,0.5849
B003FSYU96,1,5.0,0.923
B003FVV66S,14,3.7143,0.6603
B003FWBJW8,1,5.0,0.98
B003FWH170,1,5.0,0.947
B003FWKCB2,1,5.0,0.9217
B003FWNWH8,1,1.0,0.8074
B003FWZQ2M,1,1.0,-0.4253
B003FX1CYC,2,5.0,0.938
B003FX2L1A,2,5.0,0.9056
B003FX3VYQ,2,5.0,0.5587
B003FXIUWY,3,3.6667,0.8031
B003FXPOTQ,2,4.0,0.6289
B003FXVRP6,2,5.0,0.957
B003FY82YE,1,5.0,0.8588
B003FYF4Q8,2,4.0,-0.0264
B003FYISC0,1,4.0,0.4404
B003G0APGK,11,4.6364,0.9312
B003G1ZRTY,18,4.1111,0.4722
B003G2JJ42,1,5.0,0.9852
B003G2JL8Q,1,5.0,0.839
B003G2JNQQ,1,5.0,0.872
B003G2LHUQ,1,5.0,0.5719
B003G2LIIW,3,3.0,-0.0048
B003G2LJ4U,1,5.0,0.3818
B003G2LKVW,1,5.0,0.9477
B003G2UPS6,4,4.0,0.9456
B003G50HPE,1,4.0,0.0
B003G52BN0,24,4.7083,0.7442
B003G5CUMW,1,5.0,0.9716
B003G84QWQ,1,5.0,0.7579
B003G8VNZO,1,4.0,0.9217
B003G91OZM,9,4.7778,0.8466
B003G91PFQ,5,4.4,0.8548
B003G93SDI,1,5.0,0.9034
B003G9S2HK,1,5.0,0.9499
B003GADAN0,1,5.0,0.509
B003GADB6G,1,5.0,0.9186
B003GADBDO,1,5.0,0.9991
B003GADBSE,3,5.0,0.9356
B003GAJPJI,1,5.0,0.946
B003GAJQ3S,2,5.0,0.9504
B003GAS35A,3,4.0,0.4367
B003GB61SA,1,3.0,0.7269
B003GBCH10,2,4.5,0.8179
B003GBHX5K,2,4.0,0.858
B003GD9KUY,1,2.0,-0.4877
B003GDUP3A,1,5.0,0.9134
B003GEIFBS,2,4.0,0.8764
B003GEJY7C,2,5.0,0.9755
B003GEOPGW,1,5.0,0.34
B003GHESE8,5,4.8,0.9234
B003GHQBES,1,5.0,0.7906
B003GIRW4K,2,2.0,0.0928
B003GKCVVW,3,5.0,0.652
B003GM1GSY,1,5.0,0.4215
B003GMFAWM,8,4.0,0.7452
B003GMGQSY,2,4.5,0.0308
B003GMHO26,1,5.0,0.0
B003GPMSLK,1,1.0,0.5
B003GPQFG4,1,5.0,0.8625
B003GPQGQ8,1,3.0,0.872
B003GPXFQC,1,3.0,0.967
B003GQKV0Y,1,5.0,0.8957
B003GRUT3W,3,5.0,0.795
B003GS3VQ8,20,4.1,0.6844
B003GS5FMQ,22,4.2727,0.7856
B003GSK4CW,6,4.5,0.8838
B003GSVSWW,1,5.0,0.8807
B003GTOIUU,2,3.0,0.8719
B003GTOJDQ,2,4.5,0.9354
B003GTOJFE,1,5.0,0.802
B003GTOJH2,1,5.0,0.9246
B003GTR8IO,105,3.819,0.8485
B003GTR8KM,3,2.3333,0.1579
B003GU0A06,1,2.0,0.1027
B003GU0BLE,1,1.0,-0.6597
B003GU0ENY,7,3.7143,0.5596
B003GU0TIO,1,5.0,0.8828
B003GUAMCC,1,5.0,0.743
B003GUTELM,1,5.0,0.0
B003GV7JFE,4,4.0,0.9379
B003GVBN1A,6,3.8333,0.7193
B003GW1YAE,1,5.0,0.8402
B003GWZB4E,1,1.0,-0.5806
B003GY4DZA,1,5.0,0.8885
B003GYZ6P6,1,4.0,0.9895
B003GYZBK6,1,5.0,0.8908
B003GZ24UA,2,5.0,0.7082
B003GZ70VI,1,5.0,0.0
B003GZJQXI,1,5.0,0.9553
B003H19YG0,2,5.0,0.9105
B003H26J5I,6,4.1667,0.6583
B003H2IDXE,1,5.0,0.6124
B003H2QFI4,1,1.0,0.6705
B003H2RQ82,2,5.0,0.8798
B003H3XLWG,1,2.0,0.0
B003H4AMEU,1,5.0,0.9509
B003H4AMTU,1,4.0,0.9743
B003H4D1RK,1,5.0,0.8824
B003H4I6V6,1,5.0,0.845
B003H4YML4,1,5.0,0.8979
B003H78VLS,2,4.5,0.8316
B003H7AWGA,2,5.0,0.1446
B003H7H1AA,2,4.0,0.8885
B003H7IJ60,3,5.0,0.906
B003H7IS2A,1,5.0,0.9776
B003H7KVDO,1,4.0,0.8074
B003H7MVNW,1,5.0,0.7713
B003H7YHUW,5,2.8,0.3577
B003H83SMY,1,5.0,0.7595
B003H8ELYS,2,5.0,0.9276
B003H8Q2E0,4,3.25,0.8132
B003HAG612,1,4.0,0.9273
B003HB8D7Q,4,4.0,0.3628
B003HCYH7A,1,2.0,0.9598
B003HD26NG,1,1.0,-0.0516
B003HFA3XY,1,2.0,-0.8234
B003HGKO78,1,5.0,0.959
B003HGQ5OE,1,1.0,0.9758
B003HI2ZFU,1,1.0,-0.1779
B003HI2ZKK,3,4.0,0.632
B003HKFMEO,1,1.0,0.5719
B003HKY4R0,6,4.0,0.7033
B003HN8G7G,1,3.0,0.886
B003HTPJPW,1,5.0,0.9741
B003HTU06A,2,5.0,0.937
B003HTXCLU,1,5.0,0.9601
B003HUOXY4,1,5.0,0.9932
B003HV3VYQ,7,3.7143,0.7767
B003HV3VZK,3,4.6667,0.9205
B003HVG2BA,2,5.0,0.9176
B003I1UQAC,1,5.0,0.9413
B003I567W4,1,5.0,0.5809
B003I5A5IG,1,5.0,0.9584
B003I5A9IW,1,5.0,0.9741
B003I5A9Q4,2,4.5,0.9008
B003IACO9E,1,5.0,0.9042
B003IAEH6M,1,2.0,0.9623
B003IDF86C,6,4.8333,0.9462
B003IE4UOW,1,4.0,0.9062
B003IE8YQC,1,5.0,0.9287
B003IEDK9I,2,5.0,0.9014
B003IEFXL6,5,5.0,0.8388
B003IFGBR0,1,5.0,0.8271
B003IFLBCA,1,5.0,0.875
B003IFPLDU,1,1.0,0.6369
B003IGCBN2,1,5.0,0.743
B003IGJBWQ,1,5.0,0.9231
B003IHO8LE,6,4.5,0.5636
B003IHO8LY,18,4.3889,0.6468
B003IHO8MS,5,4.2,0.9021
B003IHO8NC,3,5.0,0.1703
B003IHO8OG,3,4.3333,0.6203
B003IHUQBK,1,5.0,0.8625
B003IIZT9S,1,5.0,0.9371
B003IM7F1O,1,5.0,0.7346
B003IMB3AS,2,4.0,0.8382
B003IMECGU,1,5.0,0.5574
B003IMH7B2,1,1.0,-0.8126
B003IMPGN8,1,5.0,0.979
B003IMPH64,1,5.0,0.5574
B003IMS482,1,4.0,0.9935
B003IMSFI6,8,4.5,0.7033
B003IMV70E,1,1.0,0.5859
B003IMVAK6,1,2.0,-0.4019
B003IMVB1O,1,1.0,-0.9509
B003IMYWTW,1,5.0,0.926
B003IN4ORQ,7,4.5714,0.9139
B003IN7Z3Q,1,5.0,0.8519
B003IN848Q,7,4.2857,0.9394
B003INLVLS,1,5.0,0.987
B003INSEWC,1,4.0,0.2944
B003IO20T4,1,4.0,0.8878
B003IO8NSG,1,1.0,0.34
B003IRIEHI,3,5.0,0.7628
B003IRW23U,1,5.0,0.8625
B003ISY6ZQ,2,5.0,0.9864
B003IUJ3PW,2,5.0,0.4601
B003IV70WE,2,5.0,0.9145
B003IVJRAM,2,5.0,0.8849
B003IWBI3U,1,5.0,0.9771
B003IWDOY6,2,5.0,0.7732
B003IWSTIM,1,5.0,0.9524
B003IWV3U8,1,3.0,0.9256
B003IWVGU0,1,5.0,0.9501
B003IYAVD6,1,1.0,0.4939
B003J1RRV2,3,4.6667,0.9293
B003J5HRZE,1,5.0,0.9496
B003J8K1G8,1,5.0,0.8591
B003J8N9US,1,5.0,0.9485
B003J9BCRO,1,4.0,0.1027
B003J9D2CC,3,4.6667,0.8377
B003J9HAU2,2,4.5,0.8024
B003J9QGNE,1,5.0,0.8422
B003J9QGOI,1,5.0,0.875
B003J9QJEA,1,3.0,-0.1779
B003J9R3MM,2,5.0,0.7338
B003J9R3TU,1,4.0,0.9191
B003J9SI9Y,3,4.0,0.7522
B003J9SLVY,1,5.0,0.945
B003J9UKEU,4,5.0,0.8393
B003J9UOPU,2,5.0,0.8059
B003J9VWUG,1,5.0,0.7964
B003J9W0UC,1,5.0,0.9825
B003J9W29Q,1,5.0,0.8807
B003J9W2PU,1,5.0,0.6249
B003J9W3OA,1,4.0,0.3818
B003J9XY8O,1,5.0,0.946
B003J9Y10O,1,5.0,0.6901
B003J9Y14A,1,5.0,0.4588
B003J9ZS06,1,5.0,0.4404
B003J9ZT1E,1,5.0,0.7096
B003J9ZW8E,2,5.0,0.8694
B003J9ZWKC,1,4.0,0.8268
B003JA5KAS,1,5.0,0.9858
B003JA5KBW,25,2.64,0.6304
B003JA5KCG,1,4.0,0.7184
B003JA5KDU,2,2.0,0.7882
B003JA5KFI,2,4.0,0.8151
B003JA5KH6,1,5.0,0.7096
B003JA5KJO,1,5.0,0.9517
B003JA5KKS,51,4.451,0.713
B003JA5KLM,26,4.6154,0.8233
B003JC16G8,1,5.0,0.7269
B003JCCRI4,1,1.0,0.9231
B003JCWNHO,1,5.0,0.9812
B003JCXAVM,1,5.0,0.7717
B003JCYN3Q,2,5.0,0.7005
B003JFN5M8,1,5.0,0.5859
B003JFOT96,1,5.0,0.7096
B003JH91RE,1,5.0,0.9279
B003JHFK5G,1,5.0,0.9766
B003JHLXMK,1,5.0,0.9915
B003JHLY7O,2,2.5,0.2579
B003JHN8D2,1,1.0,0.7269
B003JHN8IM,3,4.0,0.7375
B003JHR4DM,1,5.0,0.9142
B003JHR4GE,1,5.0,0.91
B003JHWGF8,1,5.0,0.6124
B003JIVHKC,1,1.0,-0.765
B003JJC976,1,2.0,0.2023
B003JJX83K,1,5.0,0.8126
B003JKLOBC,1,5.0,0.4588
B003JMA64G,1,1.0,0.7783
B003JMC5MC,2,5.0,0.9583
B003JMTE26,1,5.0,0.9373
B003JNAOME,3,3.0,0.7317
B003JO0VV2,3,5.0,0.7898
B003JO71D8,8,3.5,0.8333
B003JOCFH0,1,2.0,0.5719
B003JOLQOS,1,5.0,0.9657
B003JOOE56,1,5.0,0.9875
B003JPHDIK,1,5.0,0.8402
B003JSU1R2,1,5.0,0.9757
B003JTAQZ8,1,5.0,0.7506
B003JUIPIC,2,3.5,0.6046
B003JURR2C,2,2.5,0.8665
B003JVBQ6Y,2,4.0,0.2028
B003JYEJ3S,2,5.0,0.9299
B003JYEJAQ,1,3.0,0.8779
B003JYEJH4,2,5.0,0.8722
B003JYEJR4,1,5.0,0.765
B003JYEL2W,1,3.0,0.6808
B003JYSF9M,2,4.0,0.9428
B003JYWDLI,1,3.0,0.0
B003JYWDLS,1,2.0,-0.0258
B003JYWDM2,1,2.0,-0.9349
B003K0XXFG,1,5.0,0.9081
B003K1DW8S,1,1.0,0.9136
B003K2EXI0,2,3.5,0.3548
B003K7CUL2,1,5.0,0.9604
B003K8W17E,1,1.0,0.296
B003KFCY06,1,2.0,0.3612
B003KFCYDI,1,4.0,0.9393
B003KFEHEM,1,1.0,0.4215
B003KFTPNK,3,3.3333,0.2398
B003KFX4OQ,1,1.0,-0.5106
B003KFX4PA,1,5.0,0.9565
B003KI006S,1,5.0,0.8362
B003KI7DLI,1,5.0,0.93
B003KJE2WK,3,5.0,0.9809
B003KK9HD8,3,4.3333,0.8749
B003KKINME,1,5.0,0.959
B003KKSRL6,1,5.0,0.8779
B003KL1AKA,2,5.0,0.6853
B003KL64MY,1,5.0,0.9734
B003KLK8BW,2,3.0,0.18
B003KLK9F2,1,5.0,0.926
B003KLSXE6,1,5.0,0.9451
B003KLSXVO,1,2.0,0.4404
B003KLSZ1C,1,5.0,0.765
B003KLSZGW,2,5.0,0.9446
B003KLT05C,4,3.5,0.5755
B003KLT0H0,6,4.3333,0.8079
B003KLZV82,1,5.0,0.8074
B003KM5R5I,1,4.0,0.8834
B003KPLWKE,1,3.0,0.9772
B003KPSZ9A,1,5.0,0.9044
B003KRESRQ,1,3.0,0.8748
B003KRHDMI,27,4.9259,0.7153
B003KRNI0E,1,1.0,0.8979
B003KSKU36,1,5.0,0.8439
B003KSKZGI,1,5.0,0.802
B003KSL1B6,1,5.0,-0.4019
B003KSNNVC,1,4.0,0.8957
B003KSO4PG,1,5.0,0.6369
B003KSO532,1,1.0,-0.5106
B003KSO564,1,5.0,0.9245
B003KSO6FE,1,5.0,0.836
B003KSO6QI,1,5.0,0.9788
B003KSS3ZS,1,4.0,0.4218
B003KSS5LU,1,4.0,0.8271
B003KSWDBI,1,5.0,0.5563
B003KSWDHC,1,5.0,0.9633
B003KSWDUO,3,5.0,0.916
B003KSWDYU,1,4.0,0.9119
B003KSWE30,2,4.5,0.9183
B003KSWF6G,1,5.0,0.9571
B003KSWFVQ,1,1.0,-0.3182
B003KT21P0,1,1.0,-0.3612
B003KUO2XS,7,3.7143,0.6094
B003KV4LRO,8,3.75,0.6794
B003KV7V1C,5,3.4,0.8241
B003KVMKKO,1,5.0,0.872
B003KWDECG,3,3.3333,0.4784
B003KWZ12C,1,5.0,0.5719
B003KXBH8S,1,5.0,0.8442
B003KY0ZOE,1,5.0,0.9081
B003KYIVPE,2,2.5,0.3856
B003KYIVVI,2,2.0,0.7487
B003KYIWE4,2,5.0,0.903
B003KYIWTY,4,3.75,0.8341
B003KYIX0C,1,5.0,0.836
B003KYIXIO,2,5.0,0.865
B003KYIXQQ,3,3.6667,0.9547
B003KYIYB0,1,4.0,0.9584
B003KYM8Q2,1,5.0,0.8074
B003KYM9B6,1,4.0,0.9272
B003L13DSQ,1,5.0,0.7351
B003L19RHW,1,5.0,0.0
B003L1TMF4,1,5.0,0.5719
B003L1XMAA,3,5.0,0.8482
B003L1XWBE,1,5.0,0.9578
B003L1ZG5E,2,4.5,0.7835
B003L23XMG,1,5.0,0.6369
B003L2AUPE,1,3.0,0.945
B003L2D43Y,1,4.0,0.8442
B003L4A3UY,3,5.0,0.8505
B003L4BM3G,2,3.5,0.9249
B003L4BOM0,1,5.0,0.0258
B003L4BPHY,1,5.0,0.9201
B003L4BQT6,1,5.0,0.9348
B003L4BUP6,1,5.0,0.9001
B003L4BV5U,4,4.75,0.92
B003L4CIHA,1,5.0,0.7845
B003L5RGC6,1,5.0,0.7964
B003L5V9GU,1,3.0,0.8402
B003L72D86,3,5.0,0.7011
B003L7DFQA,6,4.6667,0.881
B003L7JO9C,1,5.0,0.0
B003L8DLT0,1,4.0,0.4588
B003L8J5CC,1,4.0,0.9755
B003L8J5HW,1,5.0,0.9169
B003L8LJC6,1,5.0,0.0
B003L8LX7M,1,4.0,0.8818
B003L8R7TU,1,5.0,0.958
B003L8RKWY,1,5.0,0.926
B003L8S7LW,1,5.0,0.7524
B003LAQXAM,1,5.0,0.9538
B003LD282Q,1,5.0,0.8807
B003LD7L9G,1,1.0,-0.7906
B003LDGCXC,1,5.0,0.843
B003LECIDE,11,4.6364,0.745
B003LGJ6M8,1,4.0,0.9618
B003LIQ9US,1,5.0,0.9545
B003LJ8RFM,2,5.0,0.9351
B003LJ95GC,3,5.0,0.9044
B003LJB80S,1,2.0,0.2263
B003LJB8C6,4,4.0,0.6332
B003LJB8DK,1,1.0,0.4019
B003LJB8RQ,2,3.5,0.7647
B003LJEA8K,1,3.0,0.9413
B003LJMCU8,1,2.0,-0.1779
B003LJW6KO,1,5.0,0.7845
B003LJZU2K,1,5.0,0.8402
B003LJZX86,1,5.0,0.8074
B003LJZXYK,1,5.0,0.9612
B003LKDV4I,2,4.5,0.7337
B003LLL9HI,1,1.0,-0.1531
B003LLRE5O,7,2.8571,0.5288
B003LLTF2Y,1,5.0,0.9136
B003LMZT3M,2,5.0,0.7479
B003LN5V3E,1,1.0,-0.6705
B003LN7H2C,2,3.5,0.833
B003LNNCLM,1,5.0,0.8748
B003LPKEMU,3,4.6667,0.5654
B003LPKERK,1,5.0,0.3612
B003LPKETS,1,2.0,0.4404
B003LPM9VE,3,5.0,0.7585
B003LPM9XM,4,4.75,0.8612
B003LPMA86,1,5.0,0.9489
B003LPMAPY,1,5.0,0.946
B003LPMAUO,1,5.0,0.9589
B003LPMC3O,11,4.0909,0.7992
B003LPQDS4,4,5.0,0.9214
B003LPQDX4,3,4.0,0.8936
B003LPSIO6,1,5.0,0.9001
B003LPSIUU,1,2.0,-0.4404
B003LPSKLC,1,5.0,0.8555
B003LPSKPS,3,3.6667,0.8445
B003LPZSF8,1,5.0,0.7806
B003LPZSI0,1,1.0,0.5859
B003LPZSWG,3,3.3333,0.8587
B003LPZT02,2,3.0,0.8382
B003LPZT2U,2,4.5,0.719
B003LPZTQ6,1,1.0,-0.0516
B003LPZTTS,2,3.5,0.8848
B003LQ1U7C,1,5.0,0.9831
B003LROPEG,1,5.0,0.9423
B003LSI14A,1,3.0,0.1531
B003LSK1XE,1,2.0,0.8965
B003LSM98O,3,5.0,0.8358
B003LSVKC0,2,3.5,0.897
B003LTKQFG,4,4.0,0.5649
B003LTM0RI,2,4.5,0.7637
B003LTOBAC,4,3.75,0.6714
B003LTPHV4,3,4.3333,0.774
B003LTPY08,8,3.5,0.5009
B003LTZQ4M,4,2.0,0.6839
B003LVMEBS,3,5.0,0.8762
B003LVMNH8,1,5.0,0.9325
B003LVOL46,1,5.0,0.4654
B003LVUMXU,1,5.0,0.9184
B003LVW23I,1,5.0,0.9501
B003LVWCTW,1,5.0,0.8658
B003LVWEA4,1,5.0,0.8885
B003LWOS7A,8,4.125,0.8549
B003LZ6MLW,1,5.0,0.4404
B003LZY8S6,1,5.0,0.802
B003M1H0B6,1,3.0,0.7906
B003M1KSEW,1,5.0,0.9753
B003M1KT2I,2,5.0,0.8002
B003M1KTUA,1,5.0,0.9574
B003M1PKUO,2,4.0,0.5504
B003M1XJHU,2,1.5,0.8918
B003M5802K,1,5.0,0.926
B003M58692,1,1.0,-0.8749
B003M5CBSE,1,1.0,0.4404
B003M5SZHU,1,5.0,0.5916
B003M5TG28,13,3.3846,0.3425
B003M5TGCI,1,5.0,0.9136
B003M5VM8O,1,2.0,0.9798
B003M5VN92,2,4.5,0.9648
B003M5W8ZK,1,5.0,0.0
B003M5WNKU,1,5.0,0.6908
B003M5XJ12,10,3.9,0.4986
B003M5XJ6C,11,4.6364,0.6612
B003M5XJTY,1,5.0,0.7316
B003M5ZDGG,3,4.6667,0.8011
B003M60630,9,3.0,0.8545
B003M60K54,18,3.3889,0.5982
B003M61F0I,12,4.5,0.9002
B003M61F4E,13,3.9231,0.56
B003M61HU6,5,5.0,0.7038
B003M63C0E,10,4.6,0.7262
B003M63CCW,6,4.5,0.8422
B003M6DKVK,1,5.0,0.9247
B003M6FJVO,1,3.0,0.969
B003M6HHBE,5,3.8,0.5748
B003M7JIHO,1,1.0,-0.8658
B003M8GSGW,1,5.0,0.5994
B003M8GSVW,1,3.0,0.6249
B003M8GSWQ,1,5.0,0.967
B003M9ZLEG,5,5.0,0.8941
B003MA8P02,12,3.75,0.5698
B003MAQIHO,1,1.0,0.8446
B003MATTN4,1,2.0,-0.7717
B003MBC4MG,7,4.7143,0.861
B003MCDXZM,1,5.0,0.5106
B003MCEV0I,1,5.0,0.6124
B003MEEREG,3,3.0,0.4604
B003MI2ATQ,2,4.5,0.6488
B003MOX6RA,3,5.0,0.8835
B003MOX8DC,1,5.0,0.9337
B003MOXA6C,8,4.0,0.7299
B003MP12AM,1,2.0,0.8402
B003MP12MU,3,4.0,0.8994
B003MP15TU,4,4.75,0.9194
B003MP16A8,8,4.125,0.6561
B003MP2WQ0,1,5.0,0.3612
B003MQ1SSC,1,5.0,0.6369
B003MQ9H6C,1,5.0,0.9578
B003MQQPGM,1,5.0,0.9595
B003MQZP2W,1,5.0,0.8923
B003MRZMY2,1,5.0,0.7251
B003MSS1X0,1,5.0,0.9623
B003MUB1FS,1,5.0,0.765
B003MUDSE0,1,4.0,0.8807
B003MUL9UK,2,5.0,0.6417
B003MULES2,2,5.0,0.7043
B003MULV4O,1,5.0,0.95
B003MUOOAM,1,1.0,0.8074
B003MUYBJ6,1,5.0,0.8839
B003MW77W2,3,4.0,0.6761
B003MW7858,15,4.0,0.7696
B003MW98OC,1,5.0,0.743
B003MW9B4O,2,5.0,0.7859
B003MWBFMK,12,3.3333,0.7778
B003MWBFXY,13,3.0769,0.7425
B003MWCXHQ,1,5.0,0.0
B003MWERTS,3,3.3333,0.3321
B003MX1BFU,2,4.5,0.7891
B003MYGB2C,1,5.0,0.4404
B003MYI2XS,1,2.0,0.7096
B003MYQEQU,1,5.0,0.9423
B003MZ5T92,1,2.0,0.483
B003MZ5WJO,1,5.0,0.7665
B003MZ9SKI,1,4.0,0.4019
B003MZBSNS,1,5.0,0.836
B003MZBT1Y,1,5.0,0.9217
B003MZC8NM,1,5.0,0.9806
B003MZE35S,1,5.0,0.9769
B003MZH8PK,1,5.0,0.9741
B003MZYVSM,2,4.0,0.9499
B003N0JJ2Y,1,5.0,0.9756
B003N0JL8G,2,4.5,0.0956
B003N0LQ8O,1,5.0,0.7906
B003N0NHWM,1,2.0,-0.25
B003N0QXCI,1,3.0,0.9231
B003N0R5BG,1,5.0,-0.3612
B003N0S99I,1,5.0,0.979
B003N0ZEKU,35,4.2571,0.7803
B003N0ZN0Q,1,5.0,0.9741
B003N0ZN5G,1,5.0,0.8948
B003N0ZNDS,1,3.0,0.936
B003N2S0SG,1,4.0,0.5994
B003N33DWI,2,3.0,0.799
B003N3YWS2,1,4.0,0.9036
B003N47YOU,1,5.0,0.9643
B003N4H5H6,1,5.0,0.6667
B003N4PADC,1,3.0,0.8271
B003N4SJ5I,1,3.0,0.9955
B003N657V0,1,4.0,0.9863
B003N6J072,1,5.0,0.883
B003N7T55I,1,5.0,0.875
B003N7WWRG,1,1.0,-0.626
B003N891CY,2,3.5,0.7268
B003N891EC,2,3.0,0.8354
B003N9X6SI,1,5.0,0.7845
B003NATTEW,2,5.0,0.3398
B003NAWM0A,1,4.0,0.8932
B003NB170U,1,5.0,0.624
B003NC70X2,1,5.0,0.8074
B003NC71FO,1,5.0,0.9612
B003NC734S,1,5.0,0.9721
B003NCA3OK,1,3.0,0.8555
B003NCA5RA,1,4.0,0.8555
B003NCA65G,1,3.0,0.6124
B003NCA6L0,1,4.0,0.9164
B003NCA7CI,1,1.0,0.8979
B003NCEATE,7,4.8571,0.8426
B003NCEB2K,12,4.0,0.5253
B003NCEBC0,4,4.0,0.7864
B003NCEBQ6,1,1.0,-0.1957
B003NCECVA,1,5.0,0.8442
B003NCEDYG,5,4.4,0.6923
B003NCEEAY,1,5.0,0.9908
B003NCIDFG,1,1.0,0.9905
B003ND6172,1,1.0,-0.0258
B003NDA970,12,3.75,0.5331
B003NDBYC4,1,2.0,0.8555
B003NDDNQ4,1,1.0,0.7184
B003NDDZR6,1,2.0,-0.4939
B003NDF1MI,15,4.4667,0.6757
B003NDHCXY,2,4.0,0.3048
B003NDJ86S,9,4.2222,0.739
B003NF38G2,1,5.0,0.8519
B003NGCDFI,3,5.0,0.5925
B003NGFMX8,1,5.0,0.9538
B003NGT25C,1,5.0,0.9169
B003NGV5ES,1,5.0,0.4404
B003NH7DXE,1,2.0,0.8834
B003NH9FFI,1,5.0,0.9118
B003NHOZJY,1,1.0,-0.8402
B003NHXQ6W,1,3.0,-0.25
B003NQENAQ,2,5.0,0.463
B003NQIQVS,1,5.0,0.9697
B003NQOV0I,1,3.0,0.796
B003NQRC2C,2,3.5,0.9554
B003NQUWXS,1,3.0,0.796
B003NQVJNK,1,5.0,0.926
B003NR476U,1,2.0,0.8832
B003NRHXW0,1,3.0,0.4404
B003NRLKRE,1,3.0,0.5478
B003NRLLRS,1,5.0,0.8271
B003NROMC4,2,5.0,0.7344
B003NRRRPS,1,5.0,0.1761
B003NS6FVO,1,5.0,0.9062
B003NSSUH6,2,4.5,0.739
B003NTP1JU,1,5.0,0.1531
B003NTU2WG,1,5.0,0.8176
B003NU5S4M,1,1.0,0.4215
B003NUYBV8,17,3.5882,0.5535
B003NUYCMQ,5,4.4,0.7319
B003NV2IG2,13,3.3846,0.6289
B003NV2J70,1,5.0,0.9508
B003NV4O00,3,3.6667,0.7134
B003NVTARC,1,5.0,0.9674
B003NXJNAO,1,2.0,0.34
B003NXV7AS,1,5.0,0.9414
B003NY9NDU,1,5.0,0.2023
B003NYI8KY,2,3.0,0.4636
B003NYMCRE,2,1.0,0.6868
B003NZ1JHM,1,5.0,0.9042
B003NZ4L7W,1,1.0,0.0
B003NZHOQ2,21,3.9048,0.666
B003O3NW00,1,3.0,0.0
B003O3R6IE,1,1.0,-0.765
B003O3X4MQ,2,5.0,0.8127
B003O52WDG,1,4.0,0.9709
B003O56RHI,1,5.0,0.9136
B003O5Q3KE,2,1.5,0.603
B003O5RWDQ,2,3.0,0.5271
B003O5U5C6,1,5.0,0.8716
B003O5WBUA,1,5.0,0.9201
B003O5WOPC,1,5.0,0.9637
B003O6YWHE,1,4.0,0.8555
B003O7A77C,1,3.0,0.8689
B003O7AD9E,1,2.0,0.836
B003O7AD9Y,1,3.0,0.4767
B003O7AF8I,1,5.0,0.7351
B003O7DTM2,2,5.0,0.9138
B003O7DVRA,1,4.0,0.7269
B003O7DVY8,1,5.0,0.0
B003O7DXF0,1,4.0,0.7178
B003O7DXTG,1,5.0,0.6808
B003O7DYA4,1,5.0,0.9201
B003O7FZ5Q,1,5.0,0.8607
B003O7FZY2,1,5.0,0.8268
B003O7T87C,2,5.0,0.7332
B003O7VULY,1,5.0,-0.7906
B003O7ZON4,1,5.0,0.7506
B003O81FZY,2,5.0,0.585
B003O81G2Q,2,5.0,0.9475
B003O83CJQ,2,5.0,0.8942
B003OB0H6O,1,5.0,0.8402
B003OB0HJ6,1,4.0,0.8519
B003OB0I8G,2,5.0,0.8766
B003OB0IB8,3,4.6667,0.6353
B003OB0IXQ,1,5.0,0.34
B003OB0JHG,1,5.0,0.5719
B003OB0JP8,2,5.0,0.9019
B003OB2DSE,5,4.0,0.7589
B003OB2EP6,1,5.0,0.9552
B003OB2FV4,1,5.0,0.4939
B003OB2G04,1,5.0,0.7717
B003OB2H1M,3,5.0,0.492
B003OB4BFW,1,5.0,0.9774
B003OB4BOS,1,5.0,0.4404
B003OB4C60,3,3.6667,0.7233
B003OB4CMY,4,4.0,0.8211
B003OB4D46,1,3.0,0.7579
B003OB4DR8,1,5.0,-0.34
B003OB69HU,3,4.6667,0.9692
B003OB6BMI,1,5.0,0.8074
B003OB6BWI,1,5.0,0.8899
B003OB6CBI,1,5.0,0.9136
B003OB6CGI,1,5.0,0.9315
B003OBHKFA,1,5.0,0.891
B003OCCR8Y,4,3.5,0.4149
B003ODBTBO,1,2.0,0.5574
B003OE6UKI,1,3.0,0.765
B003OF3QWM,1,5.0,0.9484
B003OFBIEA,1,5.0,0.743
B003OFNR6M,2,1.5,0.55
B003OGKCDC,15,4.4667,0.8123
B003OJLCXI,1,5.0,0.9615
B003OL0X86,1,1.0,0.0516
B003OLE3VO,2,3.0,0.3293
B003ONA9A6,1,5.0,0.8591
B003OP3GN6,1,5.0,0.9381
B003OP550S,4,2.5,0.7901
B003OP558A,1,5.0,0.8908
B003OP55A8,2,4.0,0.7266
B003OP55O4,1,3.0,0.9595
B003OP72HC,1,5.0,0.802
B003OP72ZY,1,5.0,0.9951
B003OP731W,1,3.0,0.6486
B003OP73DU,1,2.0,0.9231
B003OP8KXM,2,4.0,0.929
B003OP8L9U,1,5.0,0.9211
B003OP8M3A,2,5.0,0.886
B003OP8M9O,2,1.0,0.3118
B003OP8MU8,1,5.0,0.9136
B003OP8NQ6,1,5.0,0.9806
B003OP8NWK,1,5.0,0.8349
B003OP8NXO,1,1.0,0.6369
B003OP8NZC,1,1.0,0.8402
B003OP8NZM,1,3.0,0.8402
B003OP8O1K,4,4.0,0.6374
B003OP8O6K,1,2.0,-0.8439
B003OPCKOC,1,4.0,0.5859
B003OPCL1O,1,5.0,0.9371
B003OPCL5U,4,4.0,0.7625
B003OPCL7I,3,3.6667,0.8814
B003OPCLS2,3,4.3333,0.8989
B003OPCMHW,1,5.0,0.8689
B003OPCMJ0,1,4.0,0.9493
B003OPCMNG,1,3.0,0.7184
B003OPCMOK,1,1.0,0.8115
B003OPCMVI,1,5.0,0.9698
B003OPCMZO,3,5.0,0.8183
B003OPCN0I,1,3.0,0.872
B003OPCN2Q,1,4.0,0.872
B003OPCN9O,1,4.0,-0.2321
B003OPCNEO,2,4.0,0.259
B003OPCNK8,1,4.0,0.9274
B003OPDVJ0,1,5.0,0.8126
B003OR0O66,1,5.0,-0.1774
B003ORWCZW,1,1.0,0.0671
B003OS4AMO,1,5.0,0.9348
B003OS5DJS,4,4.75,0.5026
B003OU04KE,1,5.0,0.7506
B003OUA1CU,1,1.0,0.9234
B003OXOUDS,2,4.5,0.5271
B003OXUMQW,3,4.0,0.8728
B003OYAIAQ,1,4.0,0.8402
B003OZV4Y4,7,4.0,0.7981
B003OZV53O,2,1.5,0.1906
B003OZX2H6,3,5.0,0.9593
B003OZX4ME,9,4.5556,0.829
B003OZYUEA,3,5.0,0.9353
B003OZYVE4,5,2.8,0.7781
B003OZYWIO,1,5.0,0.8643
B003P00LRE,2,3.0,0.9409
B003P00MA0,3,3.6667,0.1978
B003P00O3K,1,5.0,0.9756
B003P00OSK,2,5.0,0.9848
B003P00PGQ,5,5.0,0.6639
B003P02E7E,1,5.0,0.7964
B003P02ED8,1,5.0,0.9674
B003P02EGU,9,4.4444,0.7097
B003P02EX8,5,4.0,0.6762
B003P02I70,3,5.0,0.827
B003P4I0MI,2,3.5,0.8842
B003P59V34,1,5.0,0.9477
B003P5AIY0,1,5.0,0.9544
B003P5BDT4,1,1.0,-0.802
B003P5EVGQ,1,4.0,0.5106
B003P5F36I,1,5.0,0.9844
B003P5GXSA,1,5.0,0.8428
B003P5KWKA,1,5.0,-0.1531
B003P5ODAU,1,5.0,0.7579
B003P5OIH8,1,5.0,0.9437
B003P5S6IA,1,4.0,0.886
B003P5YNDC,2,5.0,0.784
B003P69A3Y,1,1.0,-0.8984
B003P6D652,3,4.6667,0.7741
B003P6FR72,1,5.0,0.926
B003P79F7Y,1,5.0,0.9465
B003P7ABP4,1,5.0,0.9705
B003P7U7J4,1,5.0,0.9764
B003P7U7SU,1,5.0,0.8555
B003P7U80W,1,5.0,0.9648
B003P7U8JI,2,3.0,0.6692
B003P7WKQ2,1,4.0,0.4767
B003P7XXPE,1,5.0,0.9878
B003P7ZMDA,3,5.0,0.8884
B003P7ZMXA,3,3.6667,0.6852
B003P7ZNMK,1,1.0,-0.5859
B003P7ZO0G,1,5.0,0.9796
B003P8FB1W,1,5.0,0.802
B003P8T9M4,2,4.5,0.9522
B003P9WU6A,2,5.0,0.7686
B003P9WU6K,5,4.4,0.4434
B003P9WU74,8,4.5,0.8014
B003P9WU7E,7,4.7143,0.841
B003P9WUG0,7,5.0,0.7176
B003P9XFSM,2,5.0,0.1809
B003P9XFTQ,1,5.0,0.9738
B003P9XFUU,1,4.0,0.0
B003P9XFV4,2,4.0,0.0091
B003P9XFVO,3,5.0,0.8926
B003P9XFW8,5,4.8,0.4061
B003P9XFY6,2,3.0,0.8319
B003P9XFYG,1,5.0,0.9477
B003P9XG22,2,3.0,0.6604
B003P9XG2M,1,1.0,0.296
B003P9XG36,2,5.0,0.9252
B003P9XG3G,2,5.0,0.8978
B003P9XG4K,1,5.0,0.0
B003P9XG54,1,2.0,0.872
B003P9XG5O,1,5.0,0.8168
B003P9XG68,1,2.0,0.2247
B003P9XG6I,2,3.0,0.8353
B003P9XG72,1,1.0,0.4939
B003P9XG7M,1,5.0,0.9359
B003P9XG8Q,3,4.3333,0.4966
B003P9XG90,1,5.0,0.765
B003P9XG9K,1,5.0,0.993
B003P9XGAE,1,5.0,0.8107
B003P9XGDG,6,4.5,0.85
B003P9XGDQ,4,4.0,0.6502
B003P9XGE0,1,5.0,0.9501
B003P9XGEU,4,5.0,0.3595
B003P9XGFO,1,5.0,0.959
B003P9XGHM,1,5.0,0.9477
B003P9XGI6,1,5.0,0.872
B003P9XHSA,1,5.0,0.9116
B003PBTQMO,2,4.5,0.8304
B003PEF3N2,1,5.0,0.9287
B003PEKJK4,3,4.6667,0.7432
B003PER010,1,5.0,0.8625
B003PFPFIE,9,4.2222,0.5591
B003PFR8H0,1,5.0,0.8689
B003PFUNU4,18,4.6111,0.8725
B003PFWMFI,1,5.0,0.9913
B003PFWNSE,6,4.5,0.809
B003PFWOKG,1,5.0,0.3182
B003PFWPG4,1,4.0,0.1779
B003PGFHZ4,1,5.0,0.8625
B003PIQW2E,1,4.0,0.872
B003PK3EOQ,1,5.0,0.9186
B003PM816U,1,5.0,0.9785
B003PMPAL4,1,5.0,0.9738
B003PMPZU0,1,4.0,0.5446
B003PMQMK2,1,1.0,-0.4865
B003PMRBFW,1,5.0,0.9059
B003PMSTTE,2,5.0,0.9418
B003PMV8XS,1,1.0,-0.3612
B003POD8O8,7,5.0,0.8473
B003POMUFQ,2,3.0,0.6544
B003PPAS9K,2,5.0,0.9426
B003PPDFBI,3,3.6667,0.8054
B003PPDFBS,1,5.0,0.7655
B003PPDFCC,1,5.0,0.7655
B003PQR5GS,1,5.0,0.8176
B003PQURL8,1,1.0,0.6249
B003Q4TOO0,1,5.0,0.9382
B003Q4TPAI,5,3.6,0.7471
B003Q4TQQQ,1,5.0,0.743
B003Q4TS6E,1,5.0,0.8885
B003Q4TSMS,1,3.0,0.8363
B003Q4TTDQ,1,4.0,0.5095
B003Q4TTUE,2,4.0,0.5666
B003Q4TTUO,1,5.0,0.9393
B003Q4TUM6,2,4.5,0.8124
B003Q4TUOO,1,3.0,0.8074
B003Q4TV5C,3,5.0,0.7711
B003Q4TVJS,2,4.5,0.8361
B003Q4TVKW,1,4.0,0.9862
B003Q4TVY8,1,1.0,0.4043
B003Q4TWF6,6,3.3333,0.9032
B003Q4TY18,2,4.5,0.2471
B003Q4TYRC,1,4.0,0.4133
B003Q4TZ12,2,3.0,0.7375
B003Q4U0BG,1,5.0,0.9169
B003Q4V6U0,2,5.0,0.395
B003QA1G5O,1,1.0,0.5859
B003QAHNE2,1,4.0,0.9618
B003QBCUR6,5,4.8,0.8952
B003QCPXXI,1,2.0,0.4767
B003QCRFK2,1,5.0,0.9462
B003QDRJXY,45,4.6444,0.7702
B003QGFM58,3,5.0,0.7664
B003QGODTO,3,4.0,0.8268
B003QGQCYI,1,2.0,0.9201
B003QGQF0O,2,3.5,0.0302
B003QGU8SO,1,5.0,0.9826
B003QGW1JI,1,5.0,0.6249
B003QI7QDM,1,5.0,0.9255
B003QIBG56,1,5.0,0.9081
B003QIGR2S,1,4.0,0.9612
B003QJMR26,1,3.0,0.7184
B003QKBDX4,17,4.5294,0.8043
B003QLGQBW,1,5.0,0.9837
B003QM202K,2,2.5,0.0468
B003QM6ZDU,1,5.0,0.836
B003QMBTUO,3,2.6667,0.4368
B003QNHSUI,1,4.0,0.7906
B003QNJYXM,68,4.25,0.7674
B003QNLT7Q,1,1.0,0.2023
B003QNLUTI,78,4.2949,0.7786
B003QNLV3I,2,4.5,0.2508
B003QNZ4TK,1,5.0,0.9606
B003QR13SC,2,3.0,0.6749
B003QRI7QS,1,4.0,0.4019
B003QSE5AE,1,5.0,0.9694
B003QSMCWC,2,4.5,0.7473
B003QTB222,1,5.0,0.9904
B003QTZ2RS,10,4.5,0.8701
B003QU2LYY,3,4.3333,0.6291
B003QUT2BY,1,5.0,0.4404
B003QVL4SW,2,5.0,0.8624
B003QVLC4S,1,5.0,0.6597
B003QW7H78,1,5.0,0.765
B003QWAWCK,1,4.0,0.9818
B003QWECQC,1,5.0,0.8805
B003QWER8A,1,5.0,0.9136
B003QWERTY,1,4.0,0.9493
B003QWETDS,1,3.0,0.9875
B003QWGG0M,2,5.0,0.9194
B003QWN6B4,3,5.0,0.9387
B003QWRGRO,1,4.0,0.8779
B003QXFWBA,1,5.0,0.7906
B003QZ7GZS,1,5.0,0.807
B003R0LKR2,2,3.0,0.8444
B003R0LKRW,3,3.6667,0.3977
B003R0LKSG,5,3.6,0.7451
B003R0LKSQ,1,5.0,0.8945
B003R0LKTA,8,4.375,0.6582
B003R0LKTK,6,3.5,0.5762
B003R0LKUE,3,4.3333,0.5632
B003R0LKWC,1,5.0,-0.6908
B003R0LKWM,1,3.0,0.2458
B003R0LKWW,2,3.0,0.8272
B003R0LL1W,1,4.0,0.0772
B003R0LLIU,4,5.0,0.914
B003R0LM2A,1,5.0,0.8874
B003R0LM2U,2,5.0,-0.1545
B003R0MFSU,1,5.0,-0.6597
B003R0MFTE,1,5.0,0.9307
B003R0MFW6,1,5.0,0.4804
B003R0MFX0,2,5.0,0.9903
B003R0MFY4,1,5.0,0.9949
B003R0MFYO,1,5.0,0.8957
B003R0MFYY,1,5.0,0.6204
B003R0MFZ8,1,5.0,0.8779
B003R6C3PO,1,5.0,0.8316
B003R6N3MQ,1,5.0,0.9485
B003RD0Q2O,1,1.0,0.9387
B003RDFJ6C,3,5.0,0.5883
B003RG9WGM,1,2.0,0.7845
B003RKQCK2,1,5.0,0.9835
B003RLFJV4,1,5.0,0.9661
B003RM9SA6,7,4.0,0.8076
B003RQI13C,1,4.0,0.8442
B003RR6BJM,1,5.0,0.8979
B003RR80Y6,1,1.0,-0.5667
B003RRBWOG,3,5.0,0.623
B003RRFA8U,1,2.0,0.9936
B003RWVFEI,4,4.0,0.5144
B003RYCUS6,1,5.0,0.7579
B003S1TNIS,4,5.0,0.6988
B003S1WRZO,1,1.0,0.8402
B003S1WTDE,1,5.0,0.8934
B003S5Z1FI,4,4.75,0.9045
B003S61LZQ,1,5.0,0.6597
B003S6ONQA,6,4.3333,0.1824
B003S9C79C,18,4.4444,0.8551
B003S9GWU2,8,3.875,0.8371
B003SB9XXI,1,5.0,0.9041
B003SBPSH8,1,5.0,0.9081
B003SBPSXM,5,4.2,0.6024
B003SBPXLY,1,3.0,0.2263
B003SBPZJY,1,5.0,0.8442
B003SBRLLO,1,5.0,0.9571
B003SBRNKI,2,2.5,0.8854
B003SBRP3I,1,5.0,0.9766
B003SBRPGA,2,4.0,0.6182
B003SBRQ0A,1,3.0,0.9657
B003SBRRDQ,3,5.0,0.9214
B003SBRT20,1,4.0,0.4019
B003SBRTD4,1,5.0,0.9565
B003SBRUC4,3,3.6667,0.2899
B003SBRV14,3,4.0,0.8928
B003SBRVK0,1,3.0,0.8725
B003SBTRR0,1,2.0,0.5267
B003SBU1VG,1,2.0,-0.8557
B003SBU2CO,10,4.9,0.8913
B003SBU2VA,2,5.0,0.95
B003SBU3OG,9,4.6667,0.8737
B003SBU4BI,1,3.0,0.8481
B003SBW50G,4,4.5,0.9314
B003SBXASW,1,2.0,0.82
B003SBXIS4,2,4.5,0.8046
B003SBXJME,1,5.0,0.9022
B003SBXK6Y,1,4.0,0.9201
B003SBXKEQ,1,5.0,0.6908
B003SBZC1U,1,3.0,0.9053
B003SBZCME,2,4.0,0.4511
B003SBZE0Y,1,5.0,0.9439
B003SBZF1W,1,1.0,0.0
B003SC0Q4C,2,2.5,0.6507
B003SD357G,1,1.0,0.4588
B003SDZCEU,2,3.5,0.8208
B003SDZEY8,1,5.0,0.9413
B003SE19UK,1,5.0,0.9477
B003SE31CO,2,3.5,0.4806
B003SE52K8,1,5.0,-0.17
B003SE533E,1,5.0,0.8205
B003SE58KW,2,5.0,0.9604
B003SE5BP4,1,4.0,0.4939
B003SE5QIG,2,5.0,0.6932
B003SE8CN2,4,3.0,0.4022
B003SE8QYC,1,5.0,0.9001
B003SEATYC,1,4.0,0.7845
B003SEB1WG,1,3.0,0.9325
B003SEB28O,1,4.0,0.5423
B003SEELPA,1,5.0,0.9231
B003SEKCTO,1,5.0,0.8176
B003SFB17A,2,5.0,0.7727
B003SG4NDI,1,5.0,0.9324
B003SG8GYK,1,5.0,0.3182
B003SGFRYW,3,4.6667,0.9349
B003SHIH5W,1,4.0,0.7351
B003SJOG82,2,3.0,0.9704
B003SKW8H2,3,4.6667,0.8756
B003SKY9IS,1,1.0,0.5106
B003SKYBRW,1,2.0,-0.8271
B003SLSDB6,1,5.0,0.9571
B003SLTETG,8,4.125,0.5105
B003SLYTM8,1,5.0,0.91
B003SMYT54,2,5.0,0.8019
B003SMYTCM,1,5.0,0.6808
B003SN2IS8,1,4.0,0.7964
B003SNX4U4,1,5.0,0.9753
B003SNX4YA,1,5.0,0.9432
B003SO0VPE,1,1.0,0.6369
B003SO2CV0,1,2.0,0.9466
B003SO3WIC,1,5.0,0.9753
B003SO46SC,1,5.0,0.7906
B003SO4EK2,2,5.0,0.9223
B003SO58Y8,2,4.0,0.8366
B003SO5A4G,1,5.0,-0.4215
B003SO7FWG,2,3.5,0.6988
B003SO8NNG,1,4.0,0.949
B003SO9MKO,1,5.0,0.9747
B003SO9QZA,1,5.0,0.8773
B003SOB2MU,1,5.0,0.9884
B003SPO3FC,1,5.0,0.4257
B003SRJJOU,1,5.0,0.9826
B003SRKSRC,3,4.3333,0.8827
B003SRWR5I,1,1.0,-0.2023
B003SS9K70,1,5.0,0.9448
B003SSFL4Q,1,5.0,0.7003
B003SSWCJI,41,4.5366,0.5189
B003SW5S6S,1,4.0,0.7003
B003SW5SZE,1,1.0,0.0
B003SW5TBM,1,5.0,0.9552
B003SW5TM6,4,4.75,0.7303
B003SWCYX8,3,5.0,0.8645
B003SWMZ28,2,5.0,0.9031
B003SX53IU,1,5.0,0.8439
B003SXA3JO,1,3.0,0.9618
B003SZIISU,3,3.3333,0.5135
B003T0B4JY,1,5.0,0.9245
B003T0W5LK,1,5.0,0.8665
B003T22STM,1,5.0,0.9217
B003T5CQZ0,3,2.3333,-0.007
B003T5M5JM,2,4.5,0.9451
B003T740A2,1,5.0,0.9153
B003TC7WN4,83,3.9639,0.6914
B003TDM8UK,1,5.0,0.8411
B003TDV3II,2,5.0,0.0602
B003TDYDU8,1,5.0,0.9914
B003TE8JQ6,1,5.0,0.7506
B003TEEKW8,1,5.0,0.9337
B003TFQKS4,1,4.0,0.9931
B003THA1Q4,1,1.0,0.7988
B003THML30,8,3.125,0.7326
B003THQKXM,12,4.0833,0.6023
B003THRYC8,1,4.0,0.0
B003THS4ZE,4,2.75,0.7705
B003THTKZC,7,3.7143,0.5724
B003TI8FCA,1,3.0,0.9521
B003TIT7SG,1,5.0,0.9371
B003TIVBBC,5,4.6,0.886
B003TIVBSU,18,4.7778,0.843
B003TIWQQQ,3,4.6667,0.7202
B003TIWR74,1,4.0,0.8271
B003TIWS4G,5,4.8,0.9133
B003TIYVPK,1,5.0,0.9686
B003TJ0Y1O,1,5.0,0.8442
B003TJ2CH8,1,5.0,0.5859
B003TJ2CLY,1,5.0,0.4404
B003TJJ2CQ,2,5.0,0.8414
B003TJQL4I,1,5.0,0.9001
B003TLAWO6,1,5.0,0.9883
B003TLMM2Q,1,2.0,0.7579
B003TLMM3K,2,4.5,0.968
B003TLMM44,1,5.0,-0.1045
B003TLMM9E,1,5.0,0.7645
B003TMVHLM,2,5.0,0.9472
B003TN6FNG,6,4.5,0.9187
B003TN6ZN6,1,5.0,0.9448
B003TN8JEO,4,3.25,0.9082
B003TNANSO,65,4.4,0.8543
B003TNO7IG,1,5.0,0.8126
B003TO9RSU,1,2.0,0.8591
B003TO9SJS,1,5.0,0.8553
B003TOCS8Q,1,5.0,0.8532
B003TODT84,1,5.0,0.8399
B003TOEEFG,2,4.5,0.4831
B003TOES7K,2,4.5,0.9704
B003TOX1DC,1,5.0,0.8316
B003TQOOUY,1,5.0,0.0772
B003TQQKFQ,1,5.0,0.9042
B003TQV3T4,1,1.0,0.8779
B003TRDU5S,1,1.0,0.5233
B003TRDWEW,1,1.0,0.296
B003TRDWLK,1,5.0,0.9854
B003TRDX7I,1,5.0,0.2732
B003TRFSKI,1,5.0,0.7096
B003TRFU06,10,3.9,0.797
B003TRJ6LK,1,4.0,0.891
B003TRJ6OM,1,1.0,0.296
B003TRL6SG,1,5.0,0.9982
B003TRL87U,1,5.0,0.9062
B003TRMKSG,1,5.0,0.9897
B003TS11MG,1,2.0,0.0
B003TTO1LI,1,3.0,0.8948
B003TTX1SW,1,2.0,0.8813
B003TU3RTY,1,5.0,0.8555
B003TUBI0E,1,1.0,-0.4215
B003TULS4A,1,1.0,0.3182
B003TV9KSU,2,4.5,0.6674
B003TVDGGM,1,1.0,0.7502
B003TVFBNS,1,5.0,0.9403
B003TVIB0I,1,1.0,0.8519
B003TWZB0U,1,5.0,0.8481
B003TX4L6O,3,3.0,0.2569
B003TXIDC2,1,3.0,0.975
B003TXZ50U,1,4.0,0.9274
B003TYCD7C,1,5.0,0.6808
B003U0CZGO,1,5.0,0.8885
B003U0RDPM,1,5.0,0.9788
B003U0TF6M,1,5.0,0.9571
B003U2415K,1,1.0,0.8834
B003U2HTHM,1,2.0,0.9607
B003U324JO,1,5.0,0.5859
B003U35B58,1,5.0,0.92
B003U35BQC,2,4.5,0.8192
B003U37EKS,1,5.0,0.6369
B003U399Q0,1,5.0,0.457
B003U4LUN4,1,5.0,0.9514
B003U4M4ZC,2,5.0,0.89
B003U4TRN4,2,3.0,0.8722
B003U5IG08,1,5.0,0.9287
B003U7H5SA,1,1.0,0.0885
B003U7P02S,3,2.3333,0.4849
B003U7SJQC,3,2.0,0.4253
B003U7SJZI,3,3.3333,0.8023
B003U7Y0KQ,1,1.0,0.7906
B003U7Y0WY,3,1.0,0.6209
B003U82VTC,2,5.0,0.9306
B003U8BMJM,2,4.5,0.7262
B003U8EURI,1,2.0,0.7096
B003U925C4,1,5.0,0.6908
B003U9461W,1,4.0,0.9765
B003U95EVI,1,5.0,0.984
B003U97K4M,2,3.0,0.597
B003U9SZ96,1,5.0,0.936
B003UA5ZH0,1,5.0,0.9699
B003UAQG2S,2,5.0,0.566
B003UBFYK2,4,4.0,0.7751
B003UDU9YG,1,4.0,0.8024
B003UDUEY6,1,1.0,-0.7964
B003UDUEYQ,1,2.0,-0.1779
B003UDV9SG,1,4.0,0.8024
B003UDVFIA,1,5.0,0.4404
B003UDVFYO,1,5.0,0.4442
B003UDXIX0,1,5.0,0.8316
B003UDZ0G8,1,5.0,0.8402
B003UDZ6WQ,1,3.0,0.9648
B003UDZLFI,1,5.0,0.7717
B003UE1GZ6,1,5.0,0.9935
B003UE2X2G,11,3.0909,0.5582
B003UE3LNG,1,5.0,0.9812
B003UEKFS0,7,4.5714,0.8256
B003UEMJ7A,1,4.0,-0.296
B003UG5MK4,1,3.0,0.802
B003UGR2WK,1,5.0,0.836
B003UHKYJC,3,5.0,0.9457
B003UHYN0I,7,2.7143,0.6419
B003UI24QW,1,5.0,0.7351
B003UI3URY,3,4.6667,0.8956
B003UIDAHY,2,5.0,0.8808
B003UIDG1E,1,5.0,0.4404
B003UIFA6S,2,5.0,0.8015
B003UIFL0S,2,5.0,0.8819
B003UKESNW,1,5.0,0.9432
B003UKFW8W,1,5.0,0.9841
B003ULDEU4,2,5.0,0.9189
B003ULDY18,2,5.0,0.8568
B003ULDYRW,5,4.2,0.7565
B003ULDZ80,2,4.0,0.9203
B003ULDZLM,1,5.0,0.9941
B003ULE0TS,2,5.0,0.5567
B003ULE0Y8,1,5.0,0.9118
B003ULE1QK,1,5.0,0.9371
B003ULFXWQ,6,4.3333,0.8103
B003ULH01I,2,4.5,0.848
B003ULHQEO,1,5.0,0.9412
B003ULJJN0,2,5.0,0.939
B003ULL816,2,5.0,0.8964
B003ULL8HA,1,5.0,0.3182
B003ULL8NY,3,5.0,0.9117
B003UMCR38,1,5.0,0.9442
B003UMDCYQ,1,5.0,0.9595
B003UMI3G8,1,2.0,0.9186
B003UMQ86U,1,2.0,0.7717
B003UMV1V2,1,5.0,0.9099
B003UMVE82,1,5.0,0.8519
B003UMX9ZI,1,5.0,0.9042
B003UMYP88,1,1.0,0.5719
B003UMZ1ZY,1,4.0,0.6249
B003UN11KC,1,5.0,0.8934
B003UN41J0,2,5.0,0.9585
B003UNBZPI,1,2.0,0.9007
B003UNDMA4,1,5.0,-0.3818
B003UORZFG,1,5.0,0.9217
B003UOX5LE,2,5.0,0.4826
B003UOX5NC,3,4.3333,0.864
B003UQ6OMY,1,5.0,0.9473
B003URJW5O,1,5.0,0.9468
B003URSE44,2,4.5,0.9092
B003URUI4I,1,5.0,0.8689
B003UUDUOA,1,5.0,0.9743
B003UWQFFO,1,5.0,0.8225
B003UWU9KQ,1,5.0,0.9501
B003UYBCAU,1,5.0,0.9096
B003UYGW4Q,1,5.0,0.9783
B003UYGW8W,1,5.0,0.891
B003UYGWBE,1,4.0,0.8442
B003V019RY,3,3.3333,0.8541
B003V0K7PE,1,5.0,0.765
B003V1HH42,1,5.0,0.7964
B003V1NZ8O,2,5.0,0.5855
B003V1O0BU,2,4.5,0.8241
B003V30NOG,1,4.0,0.92
B003V30NOQ,1,2.0,0.886
B003V32M22,1,4.0,0.9715
B003V32N4E,1,5.0,0.6908
B003V33YVA,1,4.0,0.9533
B003V33ZNM,1,5.0,0.936
B003V35RTW,2,5.0,0.7512
B003V37QHI,4,3.5,0.797
B003V39IHO,1,5.0,0.7964
B003V39II8,2,5.0,0.9504
B003V3AWZG,1,5.0,0.9337
B003V3AX0K,2,5.0,0.9188
B003V3CWBI,1,1.0,0.9552
B003V3CWC2,2,5.0,0.9322
B003V3CWVS,1,3.0,0.5719
B003V3G6Q0,2,5.0,0.6602
B003V5E4U8,1,5.0,0.2716
B003V5G9L0,1,3.0,0.2732
B003V5PVNW,2,5.0,0.153
B003V5V5J6,1,5.0,0.9913
B003V7XNRQ,6,3.6667,0.9102
B003V8QGAG,4,4.25,0.6829
B003V8SO10,18,3.6111,0.5245
B003V8SQM2,4,3.5,0.8054
B003V8WNIK,7,4.7143,0.8912
B003V8WO1Q,1,3.0,0.9152
B003V8Y5F4,1,4.0,0.9001
B003V8Y5KY,2,3.0,0.9606
B003V8Y7DE,9,4.5556,0.8126
B003V8Y892,4,4.75,0.6265
B003VAWCHK,2,4.5,0.8001
B003VBH6DE,3,3.3333,0.9394
B003VCCYGW,1,1.0,0.8929
B003VCULUS,2,4.0,0.6577
B003VCZRVG,1,2.0,0.5574
B003VD9NQ0,2,5.0,0.8142
B003VD9Q1M,1,1.0,0.1027
B003VDB79Q,2,4.0,0.9511
B003VDB8QS,1,2.0,0.5574
B003VDB8SQ,2,5.0,0.743
B003VEHHBW,1,4.0,0.9925
B003VF5Y20,1,5.0,0.8527
B003VF5Y6G,4,5.0,0.9217
B003VF7Q62,1,5.0,0.8999
B003VFC0XQ,2,3.5,0.9585
B003VFEH8W,1,5.0,0.9022
B003VFFEPM,1,5.0,0.9537
B003VFJF3E,2,5.0,0.9402
B003VFJK6G,2,5.0,0.5662
B003VG0MYY,7,4.0,0.7227
B003VIFGWU,1,5.0,0.972
B003VIFH1K,3,5.0,0.9145
B003VIJHU2,1,2.0,-0.6353
B003VIJHY8,1,4.0,0.9774
B003VIJI1A,2,3.0,-0.1285
B003VIJI38,4,4.25,0.9057
B003VIL44Y,4,5.0,0.9662
B003VIL6BK,1,5.0,0.9623
B003VIL6GU,2,4.5,0.8756
B003VIWN1C,17,4.7059,0.7012
B003VIWN1M,11,4.7273,0.81
B003VIWN1W,11,4.6364,0.8337
B003VIWN26,5,4.4,0.6992
B003VIWN94,4,4.25,0.8948
B003VIWRCM,1,4.0,0.9493
B003VJTRXS,1,1.0,-0.7845
B003VJW6OU,1,5.0,0.0
B003VK4OO4,1,5.0,-0.1531
B003VKQZ9Q,1,1.0,0.4404
B003VKQZI2,1,5.0,-0.2648
B003VKR0EU,7,3.8571,0.2439
B003VKR0HM,5,3.8,0.1105
B003VKR0J0,4,4.0,0.5428
B003VKT3SG,2,2.5,-0.0109
B003VKTPNE,2,3.0,0.809
B003VKVDHA,1,1.0,-0.4588
B003VKVJTM,1,1.0,-0.9011
B003VKWMJI,8,4.125,0.4403
B003VKYGOM,2,2.5,0.59
B003VM4STI,1,5.0,0.8915
B003VM4SVQ,3,4.0,0.9283
B003VMA4IC,2,4.5,0.9514
B003VMBVQ6,5,4.2,0.6291
B003VMDZI8,1,3.0,0.9257
B003VMFWA2,2,5.0,0.9161
B003VMUILA,9,4.1111,0.5384
B003VMUNCE,1,5.0,0.9175
B003VMVL20,1,5.0,0.9643
B003VMVL3O,2,5.0,0.6082
B003VMW0KC,2,5.0,0.887
B003VMW0ZC,1,2.0,-0.7351
B003VMXKS8,1,5.0,0.9217
B003VMXZR4,1,5.0,0.3612
B003VMY2J4,2,3.0,0.532
B003VMY37K,1,5.0,0.4588
B003VMY3WU,1,4.0,0.9493
B003VMY488,2,3.0,0.1634
B003VMY4KG,1,5.0,0.9191
B003VN5A1W,1,5.0,0.8122
B003VN5AL2,1,1.0,0.0
B003VN5BIE,1,5.0,0.9816
B003VN5EO0,1,3.0,0.6124
B003VN71W8,1,5.0,0.6369
B003VN8ZRI,2,1.0,0.0169
B003VN9018,1,4.0,0.9591
B003VN934M,1,2.0,0.0
B003VN93WE,1,5.0,0.918
B003VN93Z6,1,1.0,0.3862
B003VN9536,1,5.0,0.9201
B003VN97GQ,1,5.0,0.84
B003VNAQZ2,3,5.0,0.6382
B003VNAXH8,1,5.0,0.7274
B003VNCMC2,1,4.0,0.9442
B003VNCO48,1,5.0,0.9741
B003VNCSD0,2,3.0,0.9809
B003VNKRRE,1,5.0,0.9081
B003VOP6GU,1,4.0,0.9349
B003VOUD3Q,1,5.0,0.8126
B003VPJM3C,1,2.0,0.3612
B003VPSBOS,1,5.0,0.9441
B003VQJT8E,2,4.5,0.9472
B003VQJTBG,3,3.6667,0.7092
B003VQXYMQ,11,3.7273,0.8092
B003VS2Z6K,1,5.0,0.9145
B003VS6NRC,1,5.0,0.8779
B003VS77A4,2,2.5,0.4914
B003VSEGCQ,2,5.0,0.8176
B003VT26C2,2,3.0,0.4824
B003VTG7RC,7,4.0,0.3948
B003VTGBC8,1,5.0,0.6142
B003VTGCIG,1,1.0,0.0
B003VTHY74,2,5.0,0.8536
B003VTHYK6,1,5.0,0.6908
B003VTLQJ6,1,5.0,0.8955
B003VTLR5Y,1,1.0,0.7351
B003VTN7AC,2,5.0,0.7509
B003VTN8ME,1,5.0,0.5719
B003VTN95K,2,4.5,0.909
B003VTNBQ2,3,3.0,0.2158
B003VUETIA,1,5.0,0.9633
B003VUGM1C,1,3.0,0.9382
B003VUGQ2C,1,5.0,0.8481
B003VV5I4I,1,1.0,-0.854
B003VVL8NS,4,3.5,0.5294
B003VVPFEG,2,4.5,0.1993
B003VVYMSQ,1,1.0,-0.8387
B003VWBZJ4,1,5.0,0.908
B003VWBZJE,4,4.5,0.8563
B003VWBZJO,3,4.3333,0.7706
B003VWBZJY,4,1.75,0.8033
B003VWBZLC,1,4.0,0.8271
B003VWBZLM,2,4.5,0.8752
B003VWBZLW,1,5.0,0.8625
B003VWP0VS,1,5.0,0.9951
B003VWU7IE,2,4.0,0.9603
B003VX1V7Y,1,3.0,0.8718
B003VXE46Y,4,4.75,0.8507
B003VXFK3U,6,2.6667,0.1594
B003VXFK44,82,3.7561,0.6066
B003VXFK6W,1,5.0,0.891
B003VXHGDM,70,3.8143,0.6218
B003VXHGE6,91,3.9121,0.7142
B003VXHGPK,77,3.9481,0.6924
B003VXJJTQ,5,5.0,0.8268
B003VXL0V6,86,4.1163,0.8001
B003VXL0VQ,2,5.0,0.886
B003VYIZT0,3,3.6667,0.8862
B003VZ7W52,8,4.125,0.8865
B003VZBFFK,1,5.0,0.9861
B003VZBFTG,1,1.0,0.5106
B003VZBGIG,2,5.0,0.7814
B003VZCY1O,2,5.0,0.9402
B003VZCZ0O,3,5.0,0.9653
B003VZMBSK,2,3.0,0.4748
B003W04HSQ,1,4.0,0.8779
B003W0705I,1,4.0,0.3612
B003W07D1E,1,2.0,0.9423
B003W1T8ZW,1,5.0,0.946
B003W6496A,1,1.0,0.0
B003W6S7YK,1,1.0,0.9938
B003WAX3H2,6,3.6667,0.6576
B003WE8I32,1,5.0,0.9559
B003WE8KLW,2,5.0,0.8746
B003WE8NRI,1,5.0,0.4939
B003WE8Q98,2,5.0,0.6649
B003WEC5RM,1,5.0,0.8807
B003WEC6BM,5,3.8,0.6124
B003WEC7E8,1,5.0,0.7003
B003WEC9PU,5,5.0,0.9482
B003WECB5S,6,4.0,0.5335
B003WEE18I,2,4.5,0.8938
B003WEFRZO,1,2.0,0.8555
B003WEFSAI,1,5.0,0.9821
B003WEFSMQ,1,5.0,0.0
B003WEFU74,2,5.0,0.6908
B003WEFWYA,2,4.5,0.7514
B003WEHLGM,1,2.0,0.9246
B003WEHMNY,2,4.5,0.8666
B003WEHPHC,1,5.0,0.3999
B003WEHSWY,1,5.0,0.9313
B003WEHUHW,1,2.0,0.4404
B003WEHV7Q,1,3.0,0.8519
B003WEW9MS,3,5.0,0.8612
B003WEWA18,1,5.0,0.8658
B003WEZ72W,4,4.0,0.6442
B003WF102M,1,5.0,0.4215
B003WF32GY,1,1.0,-0.6373
B003WFJW40,1,1.0,0.5574
B003WFNW32,5,4.2,0.912
B003WGJ0OQ,1,5.0,0.8971
B003WGPB6C,1,2.0,0.9612
B003WGQHQ0,1,2.0,0.5818
B003WK0D8O,16,3.5,0.7106
B003WKJW5Y,7,4.1429,0.6665
B003WKNF7A,2,3.0,0.1728
B003WLC4VC,13,4.0,0.7262
B003WLX4HA,1,5.0,0.8316
B003WLXK38,1,5.0,0.9741
B003WM4AJU,1,4.0,0.802
B003WM7ILW,3,5.0,0.8623
B003WM7P42,1,3.0,0.0
B003WMA8WI,1,4.0,0.3612
B003WMA8X2,1,4.0,0.3612
B003WNIQT4,1,4.0,0.25
B003WNVC7C,7,4.8571,0.8046
B003WNZ4TO,1,1.0,-0.1255
B003WNZ5ZW,9,4.1111,0.4969
B003WO065U,1,5.0,0.9432
B003WO07K4,1,3.0,0.765
B003WO0I6C,6,4.3333,0.8336
B003WO0J52,2,5.0,0.7574
B003WO2IHY,1,5.0,0.34
B003WO3NDM,1,5.0,0.9716
B003WO50GU,1,5.0,0.5719
B003WO51JG,1,4.0,0.8689
B003WO75U4,1,5.0,0.9531
B003WOTXQI,1,5.0,0.946
B003WOYKA2,1,5.0,0.7184
B003WP05BY,1,4.0,0.7717
B003WP0L5E,1,5.0,0.8126
B003WP0L6S,1,1.0,-0.4767
B003WP39N0,2,5.0,0.96
B003WP39W6,1,5.0,0.6908
B003WP5K0A,4,5.0,0.8578
B003WP7AAI,1,5.0,0.8481
B003WPYY3E,1,3.0,0.9548
B003WQ1ILO,1,5.0,0.5859
B003WQIOB6,2,3.0,0.1358
B003WQO730,2,5.0,0.8524
B003WQPGYE,6,4.3333,0.4646
B003WREBIK,2,3.0,0.8073
B003WREBN0,2,5.0,0.933
B003WRL18I,1,5.0,0.8134
B003WSXVC6,1,1.0,0.6705
B003WSZMGO,1,5.0,0.9337
B003WT71MG,3,4.6667,0.8273
B003WTL1EA,1,5.0,0.8658
B003WUMR0Q,2,5.0,0.6322
B003WUYD1W,1,1.0,0.2484
B003WVOXS4,3,5.0,0.9182
B003WWKCSS,1,5.0,0.9761
B003WWLJVC,1,1.0,0.1779
B003WXS3E2,1,5.0,0.6369
B003WZS3TA,1,5.0,0.9648
B003WZVW70,1,5.0,0.8576
B003X0132S,2,4.5,0.9689
B003X05GSK,2,5.0,0.9422
B003X06I6Y,1,5.0,0.9856
B003X0NXA8,1,5.0,0.8555
B003X0NXJO,1,3.0,0.9766
B003X0NY8E,1,4.0,0.9745
B003X0NZ60,1,5.0,0.4215
B003X0PT4Q,1,4.0,0.9843
B003X0PU1I,1,4.0,-0.1639
B003X0PU9U,2,5.0,0.9326
B003X0RUNE,1,3.0,0.8999
B003X0RV7O,2,4.5,0.889
B003X0RVI8,2,3.5,0.2662
B003X0TQQS,3,5.0,0.6727
B003X0TRGW,1,1.0,-0.4767
B003X0VN5A,1,5.0,0.705
B003X0VNSM,4,5.0,0.9406
B003X0VOW2,1,5.0,0.9371
B003X0WNAE,1,2.0,0.8934
B003X1DRBC,1,5.0,0.9371
B003X1WQOQ,1,5.0,0.9559
B003X3G3AM,1,5.0,0.7351
B003X3WHJS,1,4.0,0.9349
B003X4PNVG,1,5.0,0.7351
B003X5YCRQ,1,1.0,0.5083
B003X7RXRU,1,4.0,0.9202
B003X7S45U,2,3.5,0.6762
B003X8MAMW,1,5.0,0.9783
B003X8ZPDI,1,5.0,0.9413
B003X97EV8,1,1.0,-0.8934
B003XB3NNE,6,4.6667,0.6162
B003XB5LMU,5,4.2,0.7286
B003XB9EFK,3,5.0,0.2222
B003XBBAUM,8,4.625,0.6589
B003XDH6M6,51,3.7843,0.8751
B003XDM374,1,5.0,0.802
B003XDV0WI,3,4.6667,0.9096
B003XDVGKE,2,3.0,0.886
B003XDYTOY,1,5.0,0.9099
B003XFOXQ6,3,3.6667,0.6825
B003XGCCDQ,1,5.0,0.9477
B003XHZ1E2,2,4.5,0.6295
B003XKLEQI,1,5.0,0.886
B003XL6VHE,1,5.0,0.91
B003XLOOCS,1,5.0,0.9735
B003XLWQFA,1,5.0,0.9274
B003XLYPCM,2,5.0,0.8872
B003XM01YW,1,2.0,0.8934
B003XM0BN8,1,5.0,0.9599
B003XN8NRS,1,1.0,-0.762
B003XNAISU,2,4.5,0.7865
B003XNCGIU,1,5.0,0.8516
B003XNDVAM,1,3.0,0.9843
B003XNOEK8,1,3.0,0.9186
B003XP3010,1,4.0,0.9485
B003XP5ZEA,3,5.0,0.8168
B003XPF9BE,2,5.0,0.9101
B003XR88YC,1,5.0,0.9859
B003XT4AV0,1,5.0,0.8591
B003XUE9HE,2,3.5,0.8904
B003XUE9Q0,1,2.0,0.9246
B003XUFSG0,1,2.0,-0.128
B003XUHGRO,1,5.0,0.6249
B003XUHHLE,1,4.0,0.8008
B003XUHHYQ,1,5.0,0.836
B003XUJ3I4,3,3.3333,0.2882
B003XUJ3RK,2,5.0,0.36
B003XUJ47O,1,4.0,0.9927
B003XUJ4U6,1,4.0,0.9531
B003XUJ564,6,3.5,0.6538
B003XUJ5AK,3,5.0,0.9349
B003XUL1MK,2,4.0,0.7875
B003XUL1V6,1,5.0,0.7369
B003XUL1VQ,2,5.0,0.9215
B003XUL27E,2,1.0,0.662
B003XUL2EC,1,5.0,0.4005
B003XV1T0S,1,4.0,0.7096
B003XV1T6C,1,5.0,0.5859
B003XV3EY2,1,4.0,0.8977
B003XV5K3K,1,5.0,0.9022
B003XV5LHK,1,5.0,0.891
B003XV6Z9S,1,5.0,0.7968
B003XW3Y6E,2,4.5,0.8518
B003XW3ZYU,2,3.0,0.395
B003XW57SC,1,1.0,0.0772
B003XW70VY,1,4.0,0.872
B003XW962A,1,5.0,0.9432
B003XWB3P8,1,5.0,0.9604
B003XZK6C6,1,5.0,0.9707
B003XZSS62,1,5.0,0.9287
B003Y01F2U,1,3.0,0.5106
B003Y19D82,7,3.5714,0.301
B003Y390HO,1,5.0,0.6597
B003Y390N8,5,4.4,0.8981
B003Y390QU,6,3.3333,0.6813
B003Y391DC,4,3.5,0.7835
B003Y391E6,4,4.5,0.6087
B003Y3D656,1,5.0,0.4588
B003Y3D68S,1,5.0,0.9337
B003Y3F5EQ,7,4.4286,0.88
B003Y3F5R8,6,4.1667,0.6068
B003Y3F5T6,7,3.5714,0.5324
B003Y3F5TQ,2,5.0,0.7337
B003Y3GW9S,5,3.2,0.6474
B003Y3GWIO,2,4.0,0.4088
B003Y3IHKA,3,3.0,0.5899
B003Y3NOP8,6,4.8333,0.9221
B003Y3RGNY,1,5.0,0.9543
B003Y53G90,2,5.0,0.7131
B003Y5C9G6,1,2.0,0.6597
B003Y5DS5M,1,4.0,0.6124
B003Y5E7UM,2,2.5,0.3974
B003Y5J5GI,1,5.0,0.7717
B003Y5JDD8,1,5.0,0.9413
B003Y5LGMY,2,5.0,0.9598
B003Y5OYZK,4,3.0,0.4671
B003Y5P6CK,2,4.0,0.9348
B003Y61OKW,1,1.0,0.7159
B003Y62V7M,1,5.0,0.7906
B003Y7AWM2,1,4.0,0.9552
B003Y7FSTY,1,5.0,0.8893
B003Y7R6TY,1,5.0,0.9618
B003Y86ONM,1,1.0,0.5574
B003Y95E1Y,1,5.0,0.5719
B003YBH1UE,2,3.5,0.7923
B003YBH1WM,3,5.0,0.8143
B003YBH398,9,4.5556,0.8189
B003YBH3IY,1,5.0,0.8883
B003YBH3NY,2,3.5,0.9452
B003YBJ9JA,1,5.0,0.9041
B003YBJ9KY,4,4.5,0.969
B003YBJA4E,2,3.5,0.2642
B003YBLED4,1,3.0,0.93
B003YBLEMU,1,5.0,0.9905
B003YBLF2E,23,3.3043,0.8653
B003YBLF9C,1,5.0,0.9081
B003YBLFYW,1,5.0,0.9633
B003YBLG2S,1,4.0,0.8807
B003YBNIM4,4,4.25,0.814
B003YBNIME,4,4.5,0.8685
B003YBNK4A,1,5.0,0.7717
B003YBP6Q0,11,3.4545,0.5856
B003YBP6XS,2,3.0,0.9429
B003YC370Q,1,5.0,0.8316
B003YCHJWS,1,5.0,0.9423
B003YCWSBU,1,2.0,0.3182
B003YDDCUK,1,5.0,0.8977
B003YDJSBC,5,3.8,0.7289
B003YDMOE0,2,5.0,0.901
B003YDP5PA,1,5.0,0.9706
B003YEWVRE,2,5.0,0.7058
B003YEWYY4,1,5.0,0.9403
B003YEX6GY,1,5.0,0.9705
B003YEYWX0,1,1.0,0.9393
B003YEZ1XA,1,5.0,0.9761
B003YEZ22A,1,4.0,0.5574
B003YEZ9X2,2,5.0,0.9706
B003YF1188,2,4.5,0.924
B003YF15CU,1,5.0,0.9582
B003YF2EV6,1,3.0,0.9741
B003YF4BXU,1,1.0,0.7096
B003YF4C52,1,5.0,0.7964
B003YF4CFC,1,1.0,-0.1779
B003YF4H8O,1,1.0,0.7746
B003YF4MZW,1,1.0,-0.4767
B003YF9N7Y,1,1.0,0.6249
B003YFF3C8,1,5.0,0.4203
B003YGTCXS,7,4.8571,0.9022
B003YH9E44,1,5.0,0.9771
B003YH9E4E,2,4.0,0.9024
B003YHCN74,1,1.0,0.6124
B003YIMENG,4,4.75,0.9421
B003YK72LS,18,4.6111,0.776
B003YK8YL0,14,4.7143,0.8764
B003YK8YOC,2,5.0,0.8869
B003YK8YR4,2,5.0,0.7252
B003YK8YU6,1,5.0,0.9081
B003YKAT68,5,2.8,0.384
B003YKAT6I,1,4.0,0.9666
B003YLHRCQ,1,5.0,0.9095
B003YLKJIU,1,5.0,0.93
B003YLMSNE,1,5.0,0.5719
B003YLRJRO,1,5.0,-0.4215
B003YM283S,1,5.0,0.8834
B003YMTJGM,1,5.0,0.9644
B003YMV8FW,1,5.0,0.9184
B003YNANBQ,1,5.0,0.8761
B003YNCRQ0,1,5.0,0.9305
B003YNEXFS,1,5.0,0.9702
B003YPGG4M,1,5.0,0.6478
B003YSV5ZY,4,5.0,0.7783
B003YSXAR0,1,5.0,0.9402
B003YT0POA,5,5.0,0.7943
B003YT18B4,1,5.0,0.902
B003YT3434,2,4.5,0.9016
B003YT49FQ,3,4.3333,0.8976
B003YU3RNU,1,5.0,0.9786
B003YU5SGO,2,4.5,0.8718
B003YU6A6Q,1,5.0,0.836
B003YU7V1E,1,5.0,0.8442
B003YUW7EK,11,5.0,0.8281
B003YV46WK,19,2.8421,0.5469
B003YV7ZRI,5,4.2,0.832
B003YVD6LC,1,5.0,0.8591
B003YVKJ1C,1,5.0,0.7845
B003YVMUFK,1,5.0,0.7506
B003YVQMW2,1,1.0,0.936
B003YVQN94,1,3.0,-0.2023
B003YVRX5W,4,5.0,0.9398
B003YVTF30,1,5.0,0.943
B003YVTJKO,2,4.0,0.1778
B003YXAQN6,4,3.75,0.5417
B003YXUK2I,1,5.0,0.9047
B003YXWAF8,3,4.3333,0.6759
B003YYZTJ6,1,5.0,0.8481
B003YZ3MN0,3,4.6667,0.8998
B003YZ4KYA,1,4.0,0.744
B003YZ4L3U,1,5.0,0.2732
B003YZ4LGM,1,5.0,0.8831
B003Z1QXG6,1,5.0,0.7964
B003Z2N8GI,1,4.0,0.9136
B003Z37OYE,1,5.0,0.7783
B003Z39VR2,1,5.0,0.7694
B003Z3OPQY,1,3.0,0.765
B003Z3W232,1,5.0,0.9136
B003Z4F56C,6,3.3333,0.5929
B003Z4V9MG,1,5.0,0.8979
B003Z58JKA,1,5.0,0.9442
B003Z5GUWY,1,5.0,0.8689
B003Z6SL48,1,3.0,0.8807
B003Z6SMGK,1,5.0,0.9033
B003Z6SRYC,1,5.0,0.6808
B003Z6SV9S,1,5.0,0.9913
B003Z6U3BC,1,4.0,0.7783
B003Z6U4MA,1,1.0,0.7906
B003Z6VZIM,1,5.0,0.9349
B003Z6W32E,79,4.6076,0.7382
B003Z6W3LK,1,5.0,0.9312
B003Z6ZGZK,62,4.5645,0.7723
B003Z6ZGZU,47,3.8723,0.6422
B003Z7VYXW,11,4.7273,0.7692
B003Z8IQ6E,1,5.0,0.7717
B003Z8NEL6,4,4.75,0.8734
B003Z8PR9I,2,5.0,0.82
B003Z9PCQK,1,5.0,0.9275
B003ZA46X4,3,5.0,0.8516
B003ZA5494,2,4.5,0.8444
B003ZBV4WY,1,1.0,-0.5106
B003ZCY1EG,1,4.0,0.9048
B003ZDV2ZQ,1,4.0,0.765
B003ZDV3S2,1,5.0,0.9698
B003ZDWLDI,2,5.0,0.8369
B003ZDYQ0E,3,2.3333,0.8999
B003ZDYQWC,1,5.0,0.9949
B003ZFG7E0,1,5.0,0.6124
B003ZFMHXA,2,4.5,0.602
B003ZFOEEK,2,2.0,0.0551
B003ZFSDX8,1,5.0,0.743
B003ZFUYPI,1,5.0,0.872
B003ZFVODY,1,5.0,0.7964
B003ZFVXYO,3,3.6667,0.3895
B003ZFXJDW,1,5.0,0.9081
B003ZHYKC4,1,4.0,0.7506
B003ZI5U2W,4,5.0,0.8749
B003ZI5WJI,1,5.0,0.9312
B003ZI653K,1,5.0,0.5719
B003ZI6666,1,5.0,0.8934
B003ZI767O,1,1.0,0.2878
B003ZI77PU,1,5.0,0.886
B003ZI7CYQ,1,5.0,0.7845
B003ZI7KHA,1,5.0,0.9197
B003ZI91TK,1,4.0,0.2732
B003ZI9DDO,1,3.0,0.8225
B003ZI9EZQ,1,5.0,0.6808
B003ZIAOV4,1,1.0,0.6124
B003ZIAZY0,1,5.0,0.9705
B003ZIB0E4,1,5.0,0.7717
B003ZIB18Y,1,5.0,0.9501
B003ZIBMR4,1,5.0,0.9349
B003ZID6Z0,1,5.0,0.9712
B003ZIKCT8,1,1.0,0.1027
B003ZINNSK,1,1.0,0.994
B003ZJ2DOY,1,5.0,0.9666
B003ZJ397O,1,3.0,0.9732
B003ZJ5S28,2,5.0,0.8704
B003ZJG01Q,1,5.0,0.8442
B003ZJIROE,1,5.0,0.9169
B003ZM7FYY,1,3.0,0.9694
B003ZMFUKU,7,4.2857,0.5099
B003ZMRBS4,1,5.0,0.9201
B003ZN534C,10,4.5,0.5496
B003ZNRDRM,3,5.0,0.7669
B003ZNRDT0,4,4.5,0.6193
B003ZNRDVS,2,3.5,0.9228
B003ZNTBA4,1,2.0,0.9231
B003ZNTBFY,1,3.0,0.8889
B003ZNVB1G,3,3.6667,0.3965
B003ZNXCE0,2,5.0,0.7785
B003ZNXCFO,4,4.5,0.6215
B003ZNXCIQ,3,5.0,0.3094
B003ZNXCKE,4,4.0,0.5905
B003ZNXCLI,1,5.0,0.9217
B003ZOLXI6,1,3.0,0.0
B003ZRXNKO,1,4.0,0.8225
B003ZRZN7K,1,3.0,0.6369
B003ZRZNMA,1,1.0,0.0
B003ZS0L80,3,2.3333,0.3155
B003ZS2G42,1,5.0,0.886
B003ZS2H2S,1,3.0,0.818
B003ZS2ID6,1,5.0,0.6096
B003ZS2IWW,1,1.0,-0.5859
B003ZS4FXM,1,5.0,0.7964
B003ZS4GNQ,1,3.0,0.8834
B003ZSMB7O,3,5.0,0.8775
B003ZT25HO,3,5.0,0.8822
B003ZT25JM,3,4.6667,0.69
B003ZT25P6,1,4.0,0.0
B003ZT3PUK,1,5.0,0.9493
B003ZT3Q0Y,1,5.0,0.9274
B003ZT61BU,2,5.0,0.9191
B003ZT61E2,44,3.75,0.913
B003ZT61Y2,1,5.0,0.5859
B003ZT817W,3,5.0,0.6035
B003ZT81P4,1,1.0,0.4404
B003ZT81Q8,2,5.0,-0.1493
B003ZTA3UA,1,5.0,0.9083
B003ZTA3ZK,2,5.0,0.8866
B003ZTA43Q,1,5.0,0.6124
B003ZTA45O,2,5.0,0.893
B003ZTCINA,5,2.2,0.7664
B003ZTJYRI,1,1.0,-0.659
B003ZTJZDG,1,5.0,0.9196
B003ZTPXNM,6,4.5,0.6761
B003ZTROQQ,2,5.0,0.592
B003ZTV1UQ,1,5.0,0.891
B003ZU0SWC,3,4.6667,0.6959
B003ZU8KBI,1,5.0,0.9246
B003ZUMHMQ,2,5.0,0.8605
B003ZUNJVE,2,4.0,0.8314
B003ZUNVOE,1,1.0,0.3818
B003ZUOGL6,1,3.0,0.4404
B003ZUPW4Q,1,5.0,0.7783
B003ZUPWDM,2,3.0,0.6702
B003ZUQ95W,1,4.0,0.9823
B003ZUQ984,1,4.0,0.819
B003ZURMGC,1,5.0,0.9184
B003ZUTB9S,1,5.0,0.9859
B003ZUUYR6,1,5.0,0.9124
B003ZVG4WY,1,1.0,0.7801
B003ZWV5Z4,7,4.0,0.6686
B003ZX2PX4,1,5.0,0.9186
B003ZXALDU,2,4.5,0.797
B003ZXAMPW,3,5.0,0.9225
B003ZXAN4C,6,4.1667,0.5863
B003ZXCA2U,5,4.4,0.8103
B003ZXCAAC,2,5.0,0.9329
B003ZXCC5K,2,5.0,0.8492
B003ZXCE7G,2,5.0,0.8288
B003ZXCEYE,2,4.5,0.7933
B003ZXE6YK,1,5.0,0.9118
B003ZXE80M,1,5.0,0.9287
B003ZXE9QA,4,5.0,0.5478
B003ZXEAIC,2,5.0,0.8678
B003ZXEBHW,1,5.0,0.0402
B003ZXEBOK,1,5.0,0.8402
B003ZXFWP2,1,5.0,0.6369
B003ZXFWZC,4,3.0,0.4544
B003ZXFX2E,1,4.0,0.9267
B003ZXG0VW,7,4.1429,0.7913
B003ZXG19I,1,5.0,0.9275
B003ZXG2VA,1,3.0,0.9798
B003ZXG2WY,1,5.0,0.9175
B003ZXG4VI,1,5.0,0.836
B003ZXHBN8,1,5.0,0.9142
B003ZXHC0K,1,5.0,0.9197
B003ZXHDGS,1,5.0,0.7184
B003ZXHDSQ,1,5.0,0.4019
B003ZXHE5I,2,4.5,0.8921
B003ZXHEDK,2,2.5,0.8066
B003ZXHFTS,1,4.0,0.5267
B003ZXHG8S,1,5.0,0.6697
B003ZXHGOW,2,5.0,0.9086
B003ZXJ9EW,1,5.0,0.3182
B003ZXJEJC,2,4.5,0.8328
B003ZXJH3A,1,5.0,0.9013
B003ZYA0HG,1,5.0,0.5719
B003ZZWCIK,1,5.0,0.6808
B00401OY6Q,1,5.0,0.9892
B00401OZ1U,17,4.8824,0.7774
B00401R59E,2,5.0,0.9004
B00404JJIG,1,2.0,-0.4973
B00404OIAU,1,5.0,0.3818
B00404OIQ4,3,3.0,0.8309
B00404RIN4,2,3.0,0.8119
B00404UEA8,1,5.0,0.8481
B00404VPW4,1,5.0,0.7184
B00404XC6Q,2,5.0,0.7742
B004051BLS,8,4.625,0.9297
B004051BO0,10,4.5,0.9384
B004051IDE,1,4.0,0.8405
B0040526RG,2,5.0,0.7076
B004052SOW,1,5.0,0.9364
B004054CLE,1,1.0,0.1027
B004054PUM,1,1.0,0.9231
B004055R0O,1,5.0,0.9364
B004057DI8,3,3.0,0.7646
B00406ZNL6,2,3.0,0.8816
B00406ZNU2,1,5.0,0.8689
B004076V34,1,5.0,0.6705
B004076V5C,3,4.6667,0.7605
B004078WRW,1,5.0,0.8977
B00407GA6M,2,2.5,0.784
B00407LJV8,2,3.5,0.1539
B00408GOWQ,1,2.0,0.5875
B00408M7EU,1,5.0,0.9896
B00408N8MU,1,4.0,0.9638
B00408XID4,7,4.7143,0.8479
B00409O84Q,1,5.0,0.8126
B0040B5JZG,1,5.0,0.9694
B0040B9FUG,2,5.0,0.9544
B0040B9VJG,1,4.0,0.7293
B0040B9VLY,1,5.0,0.9729
B0040BBNZG,1,2.0,-0.7703
B0040BDG4C,1,5.0,0.946
B0040BDPGG,2,5.0,0.9888
B0040BEQKU,1,5.0,0.7964
B0040BESXK,4,4.25,0.9721
B0040BET8E,4,5.0,0.9346
B0040DWCXG,2,5.0,0.91
B0040ED766,1,5.0,0.7351
B0040FPL0K,1,2.0,0.9694
B0040HDXGC,1,4.0,0.9705
B0040HQO04,1,1.0,0.6124
B0040HWDYK,1,5.0,0.93
B0040I3D2U,1,1.0,0.2023
B0040I88FM,1,5.0,0.7184
B0040IF0OO,1,3.0,0.128
B0040IL2Z0,1,5.0,0.8655
B0040IZMYM,1,5.0,0.8402
B0040IZOH2,1,1.0,0.5574
B0040J01KQ,4,2.75,0.1766
B0040J01L0,2,4.0,0.0702
B0040J1OCA,1,5.0,0.998
B0040J3BF8,1,5.0,0.9245
B0040J3D4C,1,5.0,0.9771
B0040J7HIU,7,4.8571,0.8103
B0040K2F6S,2,4.5,0.9318
B0040K41MY,25,3.96,0.9062
B0040KEJQW,1,5.0,0.8885
B0040KXLNY,2,5.0,0.6759
B0040L1QJY,1,5.0,0.5106
B0040L4MH2,1,4.0,0.8885
B0040LFOX8,1,5.0,0.8425
B0040MIPEC,3,2.0,0.8855
B0040MKNTW,6,2.0,0.6659
B0040MNU5Q,3,2.3333,0.3256
B0040MPWFC,1,5.0,0.9528
B0040O4ETU,1,5.0,0.986
B0040PSERM,1,5.0,0.9476
B0040PSIWI,1,1.0,0.1531
B0040PSL02,1,4.0,0.9582
B0040PSN6O,1,2.0,0.228
B0040PSSOG,1,5.0,0.9552
B0040PSVDY,1,4.0,0.7828
B0040PUIA8,1,5.0,0.8271
B0040PUJ0M,1,5.0,0.8225
B0040PUPQ0,5,4.6,0.5838
B0040PUT34,1,5.0,0.836
B0040PUUI8,1,5.0,0.9805
B0040PUUKQ,1,3.0,0.4939
B0040PUYCK,1,5.0,0.8754
B0040PWIHE,2,5.0,0.8553
B0040PWQCG,1,5.0,0.9479
B0040PWW84,1,5.0,0.9531
B0040PWXX8,1,3.0,0.25
B0040PWYVO,1,5.0,0.5719
B0040PWZXQ,2,4.0,0.053
B0040PX4C2,1,5.0,0.8807
B0040PX5HQ,2,5.0,0.8928
B0040PX5T4,2,3.5,0.7986
B0040PYG9W,1,3.0,0.6369
B0040PYMAA,1,2.0,0.4767
B0040PYMDC,1,4.0,0.6908
B0040PYN86,2,2.5,0.1718
B0040PYRZU,1,5.0,0.9477
B0040PYS6I,1,5.0,0.6249
B0040PYTXU,2,4.0,0.88
B0040PYVQU,1,5.0,0.9059
B0040PYX4U,1,5.0,0.891
B0040PYX90,3,5.0,0.7251
B0040PYXXG,2,5.0,0.8033
B0040PZ0BA,1,5.0,0.9764
B0040PZ20O,1,2.0,-0.1027
B0040PZ2R2,1,5.0,0.8732
B0040Q0EJW,3,4.6667,0.7244
B0040Q0EV0,1,5.0,0.9534
B0040Q0JWO,3,4.6667,0.6875
B0040Q0L6I,2,3.0,-0.06
B0040Q0NAW,1,3.0,0.4404
B0040Q0RDU,3,4.6667,0.5519
B0040Q10TA,1,4.0,0.9217
B0040Q5JEM,1,5.0,0.9379
B0040Q5JG0,1,5.0,0.9379
B0040QBAQS,1,5.0,0.91
B0040QCJDG,1,2.0,0.1779
B0040RYFVO,1,5.0,0.4215
B0040U9KS4,1,5.0,0.8779
B0040UGUZA,1,5.0,0.9248
B0040UO59S,1,5.0,0.8591
B0040UY9EY,1,5.0,0.9022
B0040V2Z5I,2,5.0,0.8546
B0040VUVQS,1,5.0,0.8126
B0040WAGB2,2,2.0,0.349
B0040WAM5C,1,4.0,0.9325
B0040WCPXO,2,4.0,0.9574
B0040WCQB0,1,2.0,-0.3818
B0040WCQKQ,3,5.0,0.6016
B0040WCR6O,4,2.0,0.394
B0040WCWN2,1,1.0,0.2732
B0040WE7ZI,1,5.0,0.8555
B0040WE8NE,3,3.0,0.6788
B0040WG0QM,4,5.0,0.7324
B0040WG1G6,1,5.0,0.9558
B0040WG1IE,3,4.3333,0.9632
B0040WG1Z2,1,5.0,0.9153
B0040WG26U,1,5.0,0.9273
B0040WHJM6,1,3.0,0.9176
B0040WHJQM,6,3.6667,0.6885
B0040WHKG6,1,1.0,0.7717
B0040WHMC8,1,1.0,-0.296
B0040WHMFU,3,4.0,0.374
B0040XD4RO,2,4.5,-0.077
B0040Y4DJ6,2,3.0,0.6604
B0040YW1Q8,1,5.0,0.8555
B00410JCD6,1,5.0,0.2023
B00411V0N0,1,1.0,0.2023
B00411W2O6,1,1.0,-0.6369
B00411W2TQ,1,5.0,0.6369
B00411ZILU,1,5.0,0.9618
B00412A7D8,1,5.0,0.7964
B00412W76S,27,4.2963,0.6355
B004132UGY,1,5.0,0.7269
B004136N58,1,5.0,0.128
B004138SJW,1,5.0,0.8832
B004138UCW,1,5.0,0.5719
B00413AELW,1,5.0,0.9104
B004151XUG,1,5.0,0.8658
B004157PZI,2,5.0,0.9182
B00415AX9S,3,3.6667,0.7703
B00415CBP2,1,3.0,0.3612
B00415H774,2,4.5,0.9491
B00415IRQO,1,5.0,0.9584
B00415ZI2A,1,3.0,0.9498
B00416HHBY,2,3.0,0.4841
B00416MK84,2,3.0,0.7692
B00416MT0I,1,4.0,0.9414
B00416XWLS,2,1.0,0.0824
B004175FQC,1,5.0,0.9422
B00418PMHS,1,1.0,0.765
B0041BP9HS,1,5.0,0.9638
B0041BSZGA,1,5.0,0.9355
B0041BV07Q,1,5.0,0.9423
B0041C73RQ,1,5.0,0.7783
B0041CBI7C,1,5.0,0.9042
B0041CBI8Q,1,5.0,0.4939
B0041CD2P8,2,5.0,0.9597
B0041CD2PS,1,3.0,0.9349
B0041CD3W0,5,4.8,0.8843
B0041CF4LS,1,5.0,0.9118
B0041CF7RE,1,4.0,0.9746
B0041CF8XC,1,4.0,0.34
B0041CH164,1,5.0,0.891
B0041CH1ZU,1,5.0,0.8591
B0041CH3NU,1,1.0,-0.7964
B0041CIOL0,1,1.0,-0.6901
B0041CIP3M,34,4.2647,0.8715
B0041CIR62,28,3.75,0.8016
B0041CIRR6,1,5.0,0.9201
B0041CIS66,3,5.0,0.6396
B0041CK44K,1,5.0,0.9686
B0041CK71U,1,5.0,0.9325
B0041CPOO0,1,5.0,0.9062
B0041E4XFO,1,3.0,0.8655
B0041EQM12,1,5.0,0.0
B0041FCF1M,9,4.3333,0.6702
B0041FEBNM,1,5.0,0.9118
B0041FEDCQ,2,4.0,0.9678
B0041FEE1Q,2,5.0,0.5843
B0041FEEH0,1,5.0,0.8519
B0041FGD0G,1,5.0,0.9586
B0041FGH0C,1,5.0,0.6878
B0041FJA7E,1,5.0,0.9309
B0041FJBTQ,1,2.0,0.9266
B0041FJCJ0,1,5.0,0.8862
B0041FWDUU,1,5.0,0.4019
B0041GD02O,1,5.0,0.9953
B0041GEO8S,4,2.75,0.7982
B0041GHV8I,1,5.0,0.971
B0041HPFHG,1,5.0,0.9808
B0041HSG54,1,3.0,0.9672
B0041HSOQ0,2,5.0,0.9236
B0041IL8S0,2,5.0,0.535
B0041KMB2U,1,5.0,0.7717
B0041KZI0M,3,3.3333,0.3943
B0041L3MAE,6,4.1667,0.653
B0041L3T4I,2,5.0,0.0769
B0041LAUAY,1,1.0,0.6997
B0041LHND6,21,4.5714,0.7178
B0041LN1RI,1,4.0,0.8689
B0041LN5R4,1,5.0,0.9001
B0041LSTBQ,1,3.0,0.5849
B0041MBGDI,1,5.0,0.9118
B0041MDHQM,4,4.25,0.7997
B0041MF12U,1,5.0,0.8016
B0041NYV8E,58,2.8103,0.8161
B0041O2F90,1,5.0,0.9524
B0041O2HH0,1,5.0,0.8126
B0041O89M2,3,5.0,0.8911
B0041ON0GC,3,5.0,0.6215
B0041PE0JM,1,2.0,0.8979
B0041PEES4,3,4.0,0.7878
B0041PFFE6,1,5.0,0.9678
B0041PPH08,1,1.0,-0.0258
B0041QCUPC,1,5.0,0.7968
B0041QD1NW,2,5.0,0.9531
B0041QD39O,4,4.25,0.8183
B0041QEM94,2,5.0,0.8924
B0041QESW0,1,5.0,0.9764
B0041QF02W,1,5.0,0.9828
B0041QGC0Q,7,4.8571,0.8943
B0041QGIRI,1,5.0,0.9559
B0041QGQSE,2,5.0,0.9002
B0041QGR9W,1,5.0,0.8807
B0041QIE9S,1,4.0,0.3612
B0041QIEQQ,1,5.0,0.8402
B0041QIIYY,1,5.0,0.9806
B0041QIK1U,2,5.0,0.9456
B0041QIPKG,2,5.0,0.8721
B0041QJSJS,2,4.5,0.8618
B0041R1UM0,1,5.0,0.9977
B0041RB8FO,1,4.0,0.0
B0041RGD0E,1,5.0,0.875
B0041RJECI,1,5.0,0.9524
B0041SLGSW,3,3.0,0.5598
B0041T1AIM,1,1.0,0.7096
B0041TASY4,1,2.0,0.6249
B0041UBGQM,1,5.0,0.9079
B0041VG1AC,1,5.0,0.6901
B00421EU7M,1,3.0,-0.4404
B00423UVBO,1,5.0,0.9856
B00424QGVC,1,2.0,0.7717
B00426AUR6,1,5.0,0.9804
B00427MRH6,1,5.0,0.9706
B00427Q5SI,1,5.0,0.9318
B00427Q6VO,1,5.0,0.1263
B00427Q9MU,1,1.0,0.5719
B00427ZLOC,7,3.8571,0.5007
B00427ZLOM,3,4.0,0.6722
B00427ZLOW,2,5.0,0.8726
B00427ZLQ0,1,5.0,0.9395
B00427ZLQA,1,5.0,0.7251
B004281MKI,1,5.0,0.9313
B004283D32,2,4.5,0.8998
B004283EQS,1,5.0,0.9273
B0042852P4,1,5.0,0.9432
B004286T4M,1,5.0,0.9776
B004289G4W,2,3.0,0.8099
B00428EB74,1,5.0,0.7574
B00429PXHK,1,5.0,0.981
B00429SXY0,2,5.0,0.2068
B00429WQ0C,2,4.0,0.6926
B0042D45J8,1,1.0,0.0
B0042DA7H2,1,5.0,0.9022
B0042DHGEY,1,5.0,0.9274
B0042DHOZK,1,5.0,0.9432
B0042DHP04,1,5.0,0.9975
B0042DIZIU,2,5.0,0.8643
B0042GDN8Y,3,4.3333,0.9715
B0042GEDLA,1,3.0,0.0
B0042GLVDI,1,5.0,0.9719
B0042GSLZO,2,3.0,0.3922
B0042GSMLW,1,5.0,0.9638
B0042GUIGO,1,2.0,0.1481
B0042GUIN2,1,5.0,-0.4927
B0042GUK94,1,5.0,0.8998
B0042GUKS0,1,5.0,0.9212
B0042GWKWO,4,3.5,0.704
B0042GWKYM,2,4.5,0.8672
B0042GWKZQ,3,5.0,0.9204
B0042GZSMI,1,1.0,0.5423
B0042GZSU0,3,4.3333,0.4106
B0042GZV02,1,5.0,0.9212
B0042KOIHU,1,5.0,0.9627
B0042KXYNO,2,4.0,0.9728
B0042L0ONG,1,1.0,0.0717
B0042LH7TK,2,5.0,0.9693
B0042LIVUE,1,5.0,0.8625
B0042LV92Q,2,4.0,0.9034
B0042M7PS2,4,4.5,0.6747
B0042M91GG,3,4.3333,0.9266
B0042MALDS,1,5.0,0.7964
B0042MCJ74,1,1.0,0.8519
B0042O3SQ8,1,5.0,0.9117
B0042PB70Q,1,5.0,0.9739
B0042PCV7E,1,5.0,0.5267
B0042PESJ8,2,5.0,0.8053
B0042QKZNK,1,5.0,0.9423
B0042RBHDG,2,5.0,0.7056
B0042RKTG2,1,5.0,0.4019
B0042RLDWQ,2,5.0,0.5794
B0042RM6Q8,1,4.0,0.8126
B0042ROB20,1,3.0,0.6361
B0042ROG02,1,5.0,0.9836
B0042RQ2WM,1,1.0,0.8876
B0042RQ7DQ,1,5.0,0.8718
B0042SI0VW,1,5.0,0.9723
B0042TFKSC,1,1.0,-0.34
B0042TQ6GC,1,4.0,0.9828
B0042TR2WE,1,2.0,-0.1027
B0042TVKZY,3,4.0,0.6992
B0042TVRXY,1,5.0,0.8834
B0042U90LO,1,5.0,0.9231
B0042UK5DQ,2,5.0,0.9552
B0042WXFJU,2,5.0,0.948
B0042X8BIY,2,5.0,0.9438
B0042XH71Q,1,5.0,0.9852
B0042XQL18,2,5.0,0.9139
B0042YATCY,2,4.5,0.8344
B0042YU5EQ,3,3.6667,0.7387
B0042ZB2RY,1,5.0,0.7906
B0042ZF6B2,1,5.0,0.9022
B004303CYO,6,3.0,0.5349
B004305GHA,1,1.0,0.3182
B00430B1VK,4,4.75,0.7479
B00430B73W,19,4.1579,0.7319
B00430BMF0,2,5.0,0.787
B00430C1BY,10,2.8,0.4617
B00430EJR8,2,3.0,0.433
B00432EV3I,2,5.0,0.2119
B00432IE90,1,5.0,0.0
B004332EMW,1,5.0,0.7003
B00433435I,1,1.0,-0.5106
B00433CAM6,1,1.0,-0.5106
B00433CB6Q,1,5.0,0.839
B00433GC3E,1,5.0,0.948
B00433JTPC,4,4.25,0.737
B00433W39Q,1,3.0,0.8271
B00433YS80,1,2.0,0.8402
B00433YTRA,1,2.0,0.4767
B004342XH2,10,2.7,0.4351
B004344Q4K,1,5.0,0.93
B004346LH0,2,5.0,0.8882
B0043472XC,2,4.0,0.2926
B004348K2Y,2,5.0,-0.1049
B004349I52,5,5.0,0.8084
B00434CB74,3,4.6667,0.7464
B00434FQ62,1,5.0,0.926
B00434FROI,1,5.0,0.6705
B00434FU36,1,5.0,0.994
B00434HK84,1,5.0,0.5574
B00434HL88,1,3.0,0.7506
B00434HNNQ,1,5.0,0.765
B00434HR64,1,3.0,-0.2732
B00434J154,1,4.0,0.8176
B00434J1DQ,2,5.0,0.8432
B00434J53M,1,5.0,0.6908
B00434J5QO,1,3.0,0.9792
B00434J74Y,1,5.0,0.7906
B00434KNJW,1,5.0,0.9197
B00434KNRY,1,5.0,0.886
B00434KOQO,1,5.0,0.8555
B00434KP7C,1,1.0,-0.8885
B00434KRHU,1,4.0,0.9545
B004353AWS,1,5.0,0.8908
B00436MQEA,1,5.0,0.8591
B00436QRE0,1,5.0,0.9832
B00436SF7C,1,3.0,0.8225
B00436SFOK,1,2.0,-0.128
B00437AB1O,1,2.0,-0.1531
B00437CBWG,1,5.0,0.796
B00437EN2C,4,3.5,0.767
B00437FKP6,1,5.0,0.9402
B00437GA3C,2,5.0,0.8726
B00437GAQ4,1,4.0,0.7096
B00437H0OA,1,5.0,0.9935
B00437I4VI,3,5.0,0.8774
B00437JI8Q,1,5.0,0.9217
B00437V9YM,1,4.0,0.5719
B00437VNYI,1,5.0,0.0
B004380ULY,1,5.0,0.7906
B00438ITAI,1,5.0,0.9442
B00438IU34,1,5.0,0.0
B00438KUAK,1,5.0,0.9854
B00438KUDM,1,3.0,0.5574
B00438MLHK,2,3.0,0.3742
B00438XVGU,47,4.4255,0.7375
B004391DK0,42,4.0476,0.7398
B004391I3C,2,4.5,0.7386
B00439BEYU,3,5.0,0.655
B00439OI8Y,1,4.0,0.8834
B00439TSUC,2,5.0,0.8686
B0043AAK0I,2,4.5,-0.0491
B0043BWH8A,2,5.0,0.9038
B0043C2D92,3,5.0,0.8853
B0043C4QUG,1,3.0,-0.357
B0043CA9GQ,1,2.0,-0.7269
B0043CVIBG,2,4.5,0.9261
B0043D2V1Q,1,5.0,0.7334
B0043D42DG,1,5.0,0.3612
B0043DHR60,1,1.0,0.6486
B0043DUZGE,5,5.0,0.8004
B0043EJ6EA,1,4.0,0.5106
B0043FC4GQ,5,2.8,0.3896
B0043GZSV8,1,2.0,0.0
B0043H134I,1,1.0,0.2547
B0043H16JU,1,4.0,0.9493
B0043H16O0,1,3.0,0.6369
B0043H36ZC,1,4.0,0.9313
B0043H37EW,1,5.0,0.9565
B0043H4OEE,1,4.0,0.6249
B0043H4P0W,1,5.0,0.9839
B0043H4PSO,1,4.0,0.9081
B0043H4R3M,1,5.0,0.9169
B0043H4RAA,1,5.0,0.9806
B0043H4SV8,1,5.0,0.6249
B0043H4U20,1,5.0,0.8658
B0043I91M8,1,2.0,0.6908
B0043NQTIC,2,3.5,0.4393
B0043ODAAG,2,3.5,0.4822
B0043ODJU2,1,1.0,0.5574
B0043OGJK4,5,3.2,0.5426
B0043OIIT4,2,4.0,0.3956
B0043OU7KW,1,5.0,0.9678
B0043OV16G,1,5.0,0.9136
B0043OV1AM,2,5.0,0.9212
B0043OX3W6,1,4.0,0.8074
B0043OX4DY,1,5.0,0.9698
B0043OX50G,1,5.0,0.9652
B0043OY1HW,1,5.0,0.9246
B0043OYYJW,1,3.0,0.6597
B0043OYYWE,2,5.0,0.9178
B0043OYZ8W,3,3.0,0.8426
B0043P12C8,1,5.0,0.9607
B0043P13SG,1,5.0,-0.7326
B0043P1NUO,1,5.0,0.7845
B0043P1O1M,1,5.0,0.8516
B0043PQ4XU,1,2.0,0.8442
B0043PU4VS,1,5.0,0.9153
B0043Q5HFU,3,4.6667,0.8652
B0043RKUP6,1,5.0,0.891
B0043S087A,3,4.3333,0.816
B0043SF80W,1,5.0,0.9883
B0043SPQ0E,1,3.0,0.6597
B0043SXKGG,1,4.0,0.4033
B0043T8YK2,1,4.0,0.8777
B0043TAYNM,3,2.3333,0.6456
B0043TQQKW,3,5.0,0.9497
B0043TWYU8,2,3.5,0.4222
B0043TZM02,1,1.0,0.0
B0043V7HYY,1,4.0,0.8074
B0043VTTMC,1,5.0,0.9864
B0043WG8TI,1,5.0,-0.2263
B0043WOANY,27,4.7037,0.8084
B0043XEL14,1,5.0,0.286
B0043XJQ6E,1,5.0,0.5859
B0043XKHPS,1,5.0,0.8519
B0043YM2F0,1,5.0,0.9416
B0043Z5S64,2,5.0,0.6948
B0043Z9MGQ,1,5.0,0.8979
B0043ZF2K6,1,5.0,0.8126
B0043ZFIOQ,1,5.0,0.0
B0043ZFM56,1,5.0,0.9865
B0043ZKZA8,1,5.0,0.959
B00441MB62,1,4.0,0.0772
B004433TIO,1,5.0,0.9478
B00443QXNW,3,5.0,0.9039
B00443W2W8,9,4.8889,0.9195
B00443Z35G,1,5.0,0.8271
B004445TJ0,1,5.0,0.9643
B004445TKO,2,3.5,0.4755
B004445TUE,2,2.0,0.1074
B00444X8HK,1,2.0,-0.5423
B00444X8I4,1,3.0,0.9474
B00444X8MA,1,5.0,0.8442
B00444ZAQM,1,5.0,0.7845
B004452P46,1,5.0,0.9661
B004452PAU,1,1.0,0.4019
B00445JYTA,1,5.0,0.9182
B00445JYTK,2,5.0,0.8854
B00445K4JY,1,1.0,0.9735
B00445KEFS,2,5.0,0.9418
B00445RFHS,1,4.0,-0.6249
B00445RVPE,1,5.0,0.2575
B00445S5PO,1,5.0,0.8795
B00445TYHM,1,3.0,0.6369
B00445TYPE,1,2.0,-0.4535
B00445U1ME,1,5.0,0.8481
B00445YA2Q,1,5.0,0.8591
B00445YAMQ,1,5.0,0.92
B00447J1B4,2,4.5,0.9355
B00448FZWM,1,1.0,0.9041
B00448JJLA,12,4.5833,0.6391
B00448NJUC,1,1.0,0.5574
B00448RTKS,1,3.0,0.9274
B00448SAJ2,1,5.0,0.5859
B00449KK76,1,5.0,0.9201
B00449ML28,2,5.0,0.918
B00449NWW6,2,5.0,0.6376
B00449TL5S,1,1.0,0.5267
B0044A8ZW2,1,5.0,0.9679
B0044AAGNI,1,1.0,0.8657
B0044AZR9Q,1,5.0,0.8915
B0044BOZMU,1,5.0,0.8591
B0044BOZNE,1,5.0,0.9538
B0044BQNJ8,1,5.0,0.959
B0044BQWTE,1,5.0,0.9048
B0044BQX2U,1,4.0,0.6486
B0044BQXCK,3,2.3333,0.8886
B0044BQXDE,1,3.0,0.3612
B0044BSZTY,7,4.2857,0.8152
B0044BT06G,2,4.0,0.9805
B0044BURXG,1,4.0,0.6908
B0044BUSCQ,1,5.0,0.6249
B0044CLF2W,1,5.0,0.9191
B0044CNF5W,3,4.6667,0.8033
B0044CPA1E,1,5.0,0.9886
B0044CPA28,34,4.0588,0.8674
B0044CT6DM,1,5.0,0.6412
B0044CZ63G,3,3.6667,0.7393
B0044CZ6UO,2,5.0,0.9136
B0044GI96S,1,5.0,0.9877
B0044I8P92,1,5.0,0.9032
B0044KNPKO,2,5.0,0.436
B0044L8O6S,1,5.0,0.9217
B0044LVE2E,3,5.0,0.8882
B0044LXXZ0,1,1.0,0.6908
B0044M10OK,1,1.0,0.6908
B0044MNYIK,2,3.5,0.588
B0044MTGHI,6,4.8333,0.6652
B0044Q8RYW,1,3.0,0.9641
B0044QANE4,1,1.0,0.6486
B0044QC3GU,2,3.0,0.8848
B0044QFQ64,1,5.0,0.866
B0044QY0G6,1,5.0,0.9774
B0044QZ0Q0,1,3.0,0.7717
B0044QZ718,1,5.0,0.9517
B0044R12ZM,1,5.0,0.8242
B0044R1HAM,1,5.0,0.8442
B0044ROIFS,1,4.0,0.9403
B0044TP0Y4,1,5.0,0.9359
B0044TV9SA,2,3.0,0.1207
B0044TYIZQ,3,5.0,0.9107
B0044U2I4I,2,3.0,0.5762
B0044U3T82,1,5.0,0.9545
B0044U71EA,1,3.0,0.9826
B0044UO9FY,1,1.0,0.5994
B0044UT0O4,2,5.0,0.368
B0044V2LZ8,4,4.75,0.8565
B0044W4ANI,3,3.6667,0.2605
B0044W4EAW,4,4.5,0.6929
B0044W4HWW,3,4.6667,0.5559
B0044W69PU,1,4.0,0.5994
B0044W8MKU,3,3.0,0.309
B0044WNTO4,1,5.0,0.25
B0044WNTQ2,1,5.0,0.8885
B0044WPDPW,1,2.0,0.9382
B0044WSAH0,1,5.0,0.6705
B0044WY3US,1,5.0,0.9725
B0044X3XCG,1,5.0,0.8456
B0044X5RWA,2,5.0,0.7386
B0044YMTKM,1,4.0,0.7902
B0044YOVLM,1,5.0,0.9349
B0044Z5HU0,1,3.0,0.2732
B0044ZC2D0,2,5.0,0.9109
B0044ZT8XM,2,5.0,0.9091
B00450V22G,1,4.0,0.9531
B00450W1QW,2,5.0,0.892
B00450XKUI,1,2.0,0.2023
B00451SD4U,10,4.8,0.79
B00451SEJ4,2,5.0,0.8166
B00451SGWE,1,5.0,0.7845
B00451SGZ6,7,3.8571,0.7816
B00451U5K0,1,5.0,0.8074
B00451U7HQ,2,2.5,0.4616
B00451U7NU,1,3.0,0.9657
B00451UN84,6,2.8333,0.5487
B00451W2UQ,2,5.0,0.5312
B00451W2ZG,1,5.0,0.7003
B00451WLYI,60,4.45,0.623
B00451XMHS,1,5.0,0.9584
B00451XNPY,2,5.0,0.7779
B00451XOHG,1,4.0,0.8777
B00451XVMY,2,4.5,0.867
B00451ZGSG,3,4.0,0.3721
B004521HPG,1,5.0,0.8706
B004521SK0,5,4.6,0.826
B00452C1V0,1,5.0,0.8221
B00452GWZ6,2,2.5,0.7131
B004538TME,6,4.8333,0.729
B00455GM9E,2,2.5,0.7885
B00455MAGS,1,5.0,0.9712
B00455QA00,1,1.0,-0.7506
B00455R2QQ,1,5.0,0.8934
B00455VGM2,2,5.0,0.8726
B004565GV8,7,4.4286,0.866
B004565IR0,2,5.0,0.8775
B004568LB0,1,5.0,0.9061
B004569XMG,1,5.0,0.9842
B00456MHO2,1,2.0,0.8566
B004579W2Q,1,5.0,0.875
B00457LCZQ,1,5.0,0.9764
B00457LHCY,5,2.6,0.5035
B00458PX14,1,5.0,0.9734
B004598EUU,1,5.0,0.9217
B0045AMS92,1,4.0,0.8591
B0045CTYNI,4,3.0,0.2469
B0045DLOLC,1,1.0,0.0
B0045DO9R8,1,5.0,0.886
B0045DS4B0,1,4.0,0.9836
B0045DS4KG,1,5.0,0.9274
B0045DS4N8,1,5.0,0.872
B0045DWZV0,1,5.0,0.9623
B0045E0CCI,2,5.0,0.7078
B0045EESQE,4,5.0,0.8798
B0045EJMEW,1,5.0,0.9612
B0045FVQ86,1,1.0,0.6808
B0045G4W40,1,5.0,0.7906
B0045G6Y6O,1,5.0,0.9818
B0045G8KHA,1,5.0,0.7682
B0045GCTP4,1,5.0,0.9231
B0045GSKLG,1,5.0,0.9274
B0045GSL24,1,5.0,0.9509
B0045GV20C,2,4.5,0.1348
B0045GX660,6,5.0,0.9188
B0045GX66A,3,5.0,0.8921
B0045GX6J2,3,2.6667,0.7001
B0045GXUUC,1,3.0,0.0
B0045GYLZU,1,5.0,0.6908
B0045GYSM6,1,5.0,0.8176
B0045GZH3U,1,4.0,-0.2292
B0045GZH58,1,2.0,0.3182
B0045GZH8U,1,2.0,0.3182
B0045H0BJE,1,5.0,0.9477
B0045H0C8O,1,5.0,0.9797
B0045H0CTS,1,5.0,0.8268
B0045H0D9W,1,5.0,0.8481
B0045H0KYA,3,5.0,0.6302
B0045H0L94,1,5.0,0.7783
B0045H264C,1,2.0,0.2732
B0045H2674,1,5.0,0.6808
B0045H267E,3,3.3333,0.6504
B0045H3XMG,1,5.0,0.6705
B0045HKB0S,1,5.0,0.9382
B0045IDYZQ,2,5.0,0.8697
B0045IJR3O,1,5.0,0.9524
B0045IK1CK,5,3.2,0.3171
B0045IM1S2,1,5.0,0.8519
B0045IO2JI,1,5.0,0.5719
B0045IO2VQ,2,2.0,0.0696
B0045IO2XO,12,3.5,0.5396
B0045IO37Y,20,4.35,0.7559
B0045IPVLG,1,5.0,0.7269
B0045IPX14,4,5.0,0.7462
B0045JCBV8,1,4.0,0.7964
B0045JE6FC,1,5.0,0.9246
B0045JHHAI,1,5.0,0.8755
B0045KOOXU,2,5.0,0.7978
B0045OTOWM,1,4.0,0.1119
B0045P4V0G,1,5.0,0.9545
B0045P8UL2,3,5.0,0.9501
B0045P94XU,1,5.0,0.9495
B0045PCB6C,2,5.0,0.7918
B0045ROO5G,1,5.0,0.9872
B0045S3WR6,2,4.5,0.8046
B0045SO9N2,1,5.0,0.7717
B0045T1J84,1,5.0,0.9047
B0045TCLO0,1,5.0,0.5603
B0045TCLPO,2,4.5,0.9326
B0045TDE4Q,2,5.0,0.9332
B0045TDE9G,1,5.0,0.6249
B0045TDV9E,1,5.0,0.802
B0045TEFV2,2,3.0,0.0894
B0045TEG02,1,5.0,0.9633
B0045TEG2K,4,3.5,0.0565
B0045TI2HU,2,4.5,0.9502
B0045TJHAQ,1,3.0,0.7717
B0045TJHGU,1,5.0,0.9618
B0045TJHQ0,1,3.0,-0.2638
B0045TJOOK,2,5.0,0.879
B0045TJOQS,1,5.0,0.8891
B0045TJP3A,2,5.0,0.8946
B0045TK3PO,1,3.0,-0.4588
B0045TKJ1M,1,5.0,0.9896
B0045TLLWS,1,5.0,0.8158
B0045TLSA8,1,5.0,0.9413
B0045TNQXA,1,5.0,0.9936
B0045TNYNC,1,5.0,0.8074
B0045TOM1U,1,5.0,0.9825
B0045TOMEW,1,5.0,0.994
B0045TOU44,1,5.0,0.7927
B0045TQECU,1,1.0,-0.8588
B0045TQEEI,1,1.0,0.296
B0045TQL2S,3,3.6667,0.7972
B0045TQLEG,1,1.0,0.5106
B0045TVL6E,1,5.0,0.9724
B0045TVLNW,1,5.0,0.9722
B0045TXNBU,1,3.0,0.6908
B0045TXNSS,2,4.5,0.7612
B0045VHYVI,2,3.5,0.8039
B0045VJSF8,1,4.0,-0.5994
B0045VMVZ2,1,1.0,0.9607
B0045VMZZI,1,5.0,0.3182
B0045VO4L6,1,5.0,0.5719
B0045VT0TM,1,5.0,0.8126
B0045VVYWI,4,4.25,0.6647
B0045VWL98,1,5.0,0.5903
B0045VZACS,1,5.0,0.969
B0045VZAH8,1,5.0,0.9538
B0045W0VDK,1,5.0,-0.6705
B0045W6224,1,3.0,0.8442
B0045WW53O,2,5.0,0.5478
B0045X2UOW,1,5.0,0.6249
B0045X7H9A,11,3.1818,0.5881
B0045XAFZ8,1,5.0,0.7809
B0045XB47Q,6,3.8333,0.72
B0045XB4AI,7,3.5714,0.8098
B0045XC2YK,2,5.0,0.9533
B0045XE32E,53,4.283,0.9477
B0045XREUW,1,5.0,0.9393
B0045Z4JAI,6,4.5,0.6015
B0045Z6K50,23,3.7826,0.7264
B0045ZJCR8,2,5.0,0.735
B0045ZRZ8G,1,3.0,0.4627
B004602SNM,1,5.0,0.8519
B004650TGU,4,3.5,0.8275
B00465QDW4,1,5.0,0.8074
B00465T17I,1,5.0,0.8834
B00465VT3M,1,5.0,0.7964
B00466NALK,1,4.0,0.7845
B00466PH7K,1,1.0,0.0
B00469LSMU,1,5.0,0.9638
B00469O1A6,2,4.0,0.9199
B00469PBVY,2,5.0,0.8462
B00469PYH0,1,1.0,-0.946
B00469QW58,3,5.0,0.8512
B00469R3WE,1,5.0,0.7717
B00469S76A,1,5.0,0.765
B00469SF62,2,5.0,0.7929
B00469TGF6,1,5.0,0.8965
B00469TL4W,1,5.0,0.3182
B00469VMWG,1,4.0,0.8689
B00469VRIA,1,5.0,0.6976
B00469VV6S,4,3.25,0.354
B00469VWDK,1,5.0,0.765
B0046ANN2C,2,4.5,0.9195
B0046BS678,1,5.0,0.975
B0046CPBZC,1,5.0,0.7845
B0046DYMGA,1,4.0,-0.0258
B0046GHL9W,1,5.0,0.8204
B0046GPEKA,1,4.0,0.8598
B0046GRD0O,3,4.0,0.8234
B0046GSTUM,4,5.0,0.8405
B0046GZM8O,4,5.0,0.8044
B0046GZQ76,2,3.5,0.5716
B0046GZRQQ,1,4.0,0.802
B0046H1SCW,1,4.0,0.8834
B0046H2ZLA,2,4.5,0.8702
B0046H312W,2,5.0,0.8476
B0046H4CCK,1,2.0,0.7717
B0046H515C,4,3.5,0.9146
B0046H53AK,3,3.6667,0.5516
B0046H6HOQ,2,3.5,0.5014
B0046H71YQ,1,3.0,0.5859
B0046H7466,1,5.0,0.8126
B0046H7J9S,1,5.0,0.9638
B0046H8KNC,1,1.0,0.8225
B0046HBQE2,1,1.0,-0.128
B0046HCH5Y,1,5.0,0.9371
B0046HCNV2,1,5.0,0.9694
B0046HCONO,1,2.0,0.1779
B0046HCPYC,1,5.0,0.969
B0046HDZLY,1,1.0,0.836
B0046HEB08,1,5.0,0.9369
B0046HEPRM,1,5.0,0.8442
B0046HFNEG,2,4.5,0.8374
B0046HG0SY,2,5.0,0.9316
B0046HGTJ4,3,3.3333,0.915
B0046HHNVW,2,5.0,0.8937
B0046HJN5G,11,4.5455,0.8886
B0046HJR3O,1,5.0,0.875
B0046HJXUG,1,5.0,0.9639
B0046HLMUA,1,1.0,-0.8399
B0046HLZ9S,1,5.0,0.8481
B0046HOID8,2,5.0,0.4776
B0046HTF1S,1,4.0,0.7783
B0046I4SK0,2,4.5,0.9199
B0046IAJFI,2,4.5,0.9694
B0046IBYBG,1,5.0,0.9905
B0046ID1DU,1,5.0,0.9531
B0046IDCA2,4,4.5,0.7454
B0046IEITG,1,5.0,0.9782
B0046IEK1W,1,5.0,0.6249
B0046IEMOM,1,5.0,-0.128
B0046IGR0E,1,5.0,0.886
B0046IGY3Y,1,5.0,0.8126
B0046IIGDA,1,5.0,0.8519
B0046IIGJO,2,4.5,0.4312
B0046IIIS8,1,5.0,0.9531
B0046IIPMW,3,5.0,0.9465
B0046IIXTW,1,5.0,0.4588
B0046IK926,1,5.0,0.7783
B0046IKGKQ,2,3.0,0.3404
B0046IM3K2,1,5.0,0.1531
B0046J77GQ,1,5.0,0.875
B0046KMFAI,1,3.0,0.743
B0046L8CBS,1,1.0,-0.2023
B0046LDVJ6,1,1.0,0.0
B0046LF72A,1,5.0,0.73
B0046LF8HY,1,2.0,0.9872
B0046LHEVW,1,1.0,0.577
B0046LLBI4,1,5.0,0.9068
B0046LLEBS,3,4.6667,0.8279
B0046LXLZU,2,4.5,0.9359
B0046M1BJM,1,5.0,0.9337
B0046M95L8,1,5.0,0.6908
B0046NGBF0,1,4.0,0.0258
B0046OI3SW,1,3.0,-0.296
B0046QPBPS,1,5.0,0.4767
B0046QV2CO,1,5.0,0.0
B0046QY7Y4,1,5.0,0.4588
B0046SBLAA,1,5.0,0.9893
B0046U7IJ6,1,5.0,0.8225
B0046VNQD2,1,5.0,0.9382
B0046WD4YW,1,5.0,0.6369
B0046WPRQA,1,3.0,0.4588
B0046WUTBS,1,5.0,0.9062
B0046XKKMA,1,3.0,0.4019
B0046YVVLI,1,1.0,0.2732
B0046ZD6LK,1,5.0,0.6124
B0046ZIYP8,2,3.0,0.4412
B00470JQHM,1,5.0,0.93
B00471NM94,1,5.0,0.7717
B00471YHU2,2,3.0,0.7856
B004721N08,1,4.0,0.9348
B004721SXU,1,5.0,0.9371
B004721UTM,1,2.0,0.099
B0047220R8,1,5.0,0.9816
B004723SME,1,5.0,0.8555
B0047244CM,2,5.0,0.8256
B004724882,1,5.0,0.8834
B004724HJM,2,5.0,0.9314
B004724NQO,1,5.0,0.6705
B004725D5O,3,2.6667,0.9147
B004725P16,1,1.0,-0.6267
B004725VE2,1,4.0,0.5106
B0047263F8,1,1.0,-0.5423
B00472672C,2,3.5,0.7514
B0047269C0,1,2.0,0.6486
B004727CL2,1,5.0,0.7783
B004727MIA,1,5.0,0.9628
B004727NK2,4,4.75,0.7146
B004727SMU,1,5.0,0.8519
B004727UBO,1,5.0,0.8565
B004728MI4,38,3.6316,0.6243
B004729CVA,4,5.0,0.8706
B004729EN6,1,5.0,0.9287
B004729O18,2,5.0,0.9552
B004729SGO,1,5.0,0.7096
B00472A4BM,1,5.0,0.9493
B00472A5H0,1,5.0,0.9816
B00472BKSS,1,5.0,0.8122
B00472CPZK,1,5.0,0.9348
B00472DWES,1,2.0,0.988
B00472E5G2,1,5.0,0.7239
B00472ESQY,2,5.0,0.729
B00472G6R8,1,1.0,0.9509
B00472GKC4,2,4.5,0.8151
B00472I5A4,43,3.8837,0.6918
B00472K88G,1,5.0,0.9169
B00472OAJ4,5,4.8,0.8828
B00472OAJE,2,5.0,0.7964
B00472P4ZS,1,4.0,0.9868
B00472PTGW,1,5.0,0.8271
B00472QKGU,7,4.4286,0.5533
B00472QXEY,1,4.0,0.8957
B00472S31A,1,3.0,0.9442
B00472U12O,1,5.0,0.9231
B00472VJSE,1,5.0,0.9081
B00473BQOK,1,4.0,0.9735
B00473BR76,2,3.0,0.3651
B00473DRME,1,5.0,0.8402
B00473HE5U,1,5.0,0.7665
B00473JLA6,1,5.0,0.4404
B00473JOLM,3,5.0,0.851
B00473JUD4,2,3.0,0.1548
B00473KO4S,1,5.0,0.7506
B00473L5N2,1,3.0,0.6997
B00473LPBY,1,5.0,0.8481
B00473LWT4,1,5.0,-0.5423
B00473MFJK,1,5.0,0.5719
B00473MQLM,1,5.0,0.891
B00473NLIO,1,3.0,0.8885
B00473NMAG,1,1.0,-0.34
B00473NR0Q,1,5.0,0.8176
B00473NTAO,4,4.0,0.9236
B00473O0AW,1,1.0,0.6494
B00473O48K,5,4.2,0.7367
B00473OFXE,1,5.0,0.5719
B00473OR6O,1,5.0,0.7964
B00473P4X4,2,3.0,0.4708
B00473P6PA,3,5.0,0.6225
B00473PNGW,3,5.0,0.9677
B00473PTHU,1,5.0,0.6369
B00473PVVO,5,3.6,0.4712
B00473Q55K,1,1.0,0.5423
B00473Q6I6,2,5.0,0.8613
B00473Q8UW,1,5.0,-0.0516
B00473QCHG,1,5.0,0.9859
B00473QU5U,1,5.0,0.9633
B00473QUGO,2,4.5,0.746
B00473QUTG,1,5.0,0.6369
B00473R59K,2,1.5,0.23
B00473SMEM,1,5.0,0.9445
B00473SN4Q,3,5.0,0.916
B00473TTYO,4,4.75,0.9006
B00473U3BM,3,5.0,0.9456
B00473U47U,1,5.0,0.9313
B00473UBEQ,1,5.0,0.8176
B00473UFQ0,1,1.0,0.0036
B00473UND0,1,5.0,0.8779
B00473UO7A,1,5.0,0.8636
B00473UQ78,1,3.0,0.8953
B00473USSK,1,5.0,0.8625
B00473UTVG,1,5.0,0.9403
B00473V8OI,1,4.0,0.2975
B00473VDFC,1,5.0,0.5719
B00473VDFW,1,5.0,0.8885
B00473VOKG,1,5.0,0.802
B00473X468,2,5.0,0.9034
B00473X5N0,1,5.0,0.9337
B00473XC9C,2,4.5,0.6144
B00473XLN4,1,5.0,0.9598
B00473ZA6A,1,5.0,0.8991
B00473ZFHE,2,5.0,0.7841
B00473ZQR8,1,5.0,0.4588
B00473ZV3M,2,5.0,0.8708
B004741202,3,3.6667,0.4923
B004741298,2,5.0,0.914
B004742XI2,1,5.0,0.9917
B004743B4C,1,5.0,0.6901
B004743O08,1,5.0,0.9851
B004743TJ4,1,5.0,0.6249
B00474639C,1,1.0,0.4019
B00474697S,1,3.0,0.91
B004746IIS,1,5.0,0.967
B004746TCI,1,5.0,0.875
B004746ZEK,1,5.0,0.9422
B0047477HY,1,5.0,0.9792
B004747B5C,1,1.0,0.0
B004748K70,1,1.0,0.0258
B004748VBU,1,5.0,0.9659
B004748WSM,1,4.0,0.9819
B0047490SI,1,4.0,0.128
B004749EPC,1,5.0,0.9661
B004749GLE,1,1.0,-0.1779
B004749GRI,1,3.0,0.5859
B00474ALEU,3,5.0,0.8799
B00474AN5C,1,5.0,0.6369
B00474ARU8,1,3.0,0.9648
B00474B6K8,1,5.0,0.9509
B00474C1XY,3,3.6667,0.7734
B00474C4ZE,1,5.0,0.9905
B00474C6GG,1,5.0,0.8402
B00474CC60,1,5.0,0.9382
B00474CK26,1,5.0,0.8481
B00474CP26,2,5.0,0.9703
B00474CSVE,41,4.6341,0.8389
B00474D08Y,1,5.0,0.9884
B00474D0HK,1,5.0,0.9313
B00474D3UO,2,3.5,0.2706
B00474D5DY,1,4.0,0.7089
B00474D5IO,1,5.0,-0.3111
B00474D84U,1,3.0,0.4404
B00474DJDA,1,3.0,0.822
B00474EAL0,1,4.0,0.9156
B00474EDCG,1,5.0,0.8519
B00474EHCM,1,4.0,0.7351
B00474EIG2,1,5.0,0.872
B00474EQ1E,1,5.0,-0.0754
B00474ERW2,1,4.0,0.9732
B00474G3BU,1,5.0,0.9799
B00474G3EM,1,2.0,-0.1531
B00474G5T0,1,5.0,0.9337
B00474G7KW,5,4.6,0.8657
B00474GBNU,1,5.0,0.9325
B00474GC0W,1,5.0,0.8957
B00474GNY2,1,5.0,0.9818
B00474GOLE,1,5.0,0.9814
B00474GX5Q,1,5.0,0.8658
B00474H5R6,1,5.0,0.9386
B00474H6OS,1,5.0,0.8687
B00474H7CE,1,5.0,0.9578
B00474H936,2,3.0,0.9056
B00474HAGW,1,2.0,0.6908
B00474HDTG,1,5.0,0.8519
B00474HDWS,3,3.6667,0.4608
B00474HDX2,2,3.0,0.4244
B00474HER2,1,1.0,0.9765
B00474HGL6,1,1.0,-0.0516
B00474HL8E,1,5.0,0.7717
B00474HUXA,1,5.0,0.3182
B00474IHT6,1,5.0,0.9493
B00474J3S0,1,5.0,0.743
B00474J5GU,1,4.0,0.1531
B00474J95M,1,5.0,0.9286
B00474JDQM,1,2.0,0.9042
B00474JKN8,3,5.0,0.9044
B00474JKPG,4,5.0,0.7177
B00474N5N4,1,5.0,0.7783
B00474N6MY,1,5.0,0.902
B00474OQWI,7,4.1429,0.6524
B00474OR8G,19,4.0526,0.7929
B00474QXQA,3,4.3333,0.7881
B00474VPLI,13,4.6923,0.7085
B00474VPY0,14,4.5714,0.8023
B004754DO8,2,5.0,0.8287
B00475O26C,1,4.0,0.9022
B00475OCRQ,1,5.0,0.886
B00475OEIS,1,5.0,0.5719
B00475OF7I,1,5.0,0.891
B004765VR0,1,5.0,0.8611
B004770O08,4,3.75,0.7768
B004770OLM,9,4.4444,0.8475
B0047726E0,8,4.5,0.5999
B004772OWE,18,4.6111,0.6092
B004772PJQ,5,5.0,0.7378
B004776JL6,2,5.0,0.5594
B004776JPW,1,5.0,0.8238
B004777F3M,17,4.5882,0.8112
B004779XHI,19,4.6842,0.746
B004779XNW,38,4.5526,0.7523
B004779XSM,19,4.4211,0.7747
B00477MD1G,3,5.0,0.7303
B00477VXMG,1,5.0,0.875
B004783ADK,1,4.0,0.5574
B00478L5T6,1,5.0,0.9841
B00478L8FW,1,5.0,0.9545
B00478O3MW,1,5.0,0.8779
B0047A63D2,2,5.0,0.9524
B0047A9E4M,1,3.0,0.9808
B0047AJQHC,1,4.0,0.3182
B0047CKHNM,2,4.5,0.9464
B0047CKHO6,3,3.6667,0.4623
B0047CND5G,4,4.25,0.4744
B0047CNIRE,1,2.0,0.296
B0047CNMMU,1,5.0,0.8689
B0047DU15A,1,5.0,0.9501
B0047E1FCW,1,5.0,0.5859
B0047E2I3M,1,5.0,0.9231
B0047E2I5U,12,4.75,0.8671
B0047E3GBK,1,3.0,0.4939
B0047E5GJA,1,5.0,0.8017
B0047E7EU4,2,5.0,0.9714
B0047ENN9U,1,1.0,-0.0772
B0047GUM8S,9,3.8889,0.4967
B0047HDOSC,2,5.0,0.007
B0047IG6OU,2,4.5,0.6486
B0047INAUS,2,5.0,0.939
B0047IOZ70,1,1.0,-0.2023
B0047IRA1I,1,3.0,0.5423
B0047IRA22,1,4.0,0.9604
B0047LWWH2,1,5.0,0.9691
B0047ORGWK,5,4.8,0.9693
B0047OS2V4,3,5.0,0.8701
B0047OSZEI,1,4.0,0.915
B0047P3UWY,1,5.0,0.9022
B0047P7H9G,1,5.0,0.9152
B0047P7NQS,1,5.0,0.936
B0047P93UW,1,5.0,0.9865
B0047QONUQ,1,5.0,0.4767
B0047RQ9M0,46,4.2391,0.6109
B0047S78TC,1,3.0,0.9836
B0047S9J3U,1,5.0,0.6908
B0047SASKS,1,4.0,0.9897
B0047SZL1O,1,5.0,0.9803
B0047T1USG,1,4.0,0.8641
B0047T3BLU,1,5.0,0.6705
B0047T55YG,1,3.0,0.8481
B0047T5640,1,5.0,0.6705
B0047T564A,1,5.0,0.5719
B0047T74QS,1,2.0,0.8591
B0047T74R2,1,5.0,0.9035
B0047TG9YQ,1,5.0,0.7169
B0047TGECS,1,1.0,-0.4215
B0047TI7LE,1,5.0,0.3446
B0047TNJ6W,1,4.0,0.9689
B0047V1S5Y,1,5.0,0.9873
B0047VLDD6,1,1.0,0.886
B0047VMD12,1,5.0,0.9274
B0047VMD26,1,5.0,0.9286
B0047WC8DY,1,5.0,0.7717
B0047WMDGQ,1,5.0,0.9451
B0047WNPYU,6,4.1667,0.7235
B0047XC5YA,1,5.0,0.9022
B0047XIZ76,1,5.0,0.7512
B0047YN4KS,1,5.0,0.9729
B0047YSWV4,1,5.0,0.9001
B0047YVHMK,1,5.0,0.8748
B0047YVIR4,1,5.0,0.9118
B0047YWZ3U,1,5.0,0.8062
B0047YWZGC,1,4.0,0.7935
B0047YX3NG,1,5.0,0.957
B0047YYSPS,2,4.5,0.9666
B0047YYSSA,5,4.4,0.8657
B0047YYT4I,1,5.0,0.9325
B0047YYTTI,1,1.0,0.972
B0047Z0QLC,1,5.0,0.9661
B0047Z0QOY,1,5.0,0.9694
B0047Z0QSK,2,5.0,0.963
B0047Z0S6A,1,3.0,0.2975
B0047Z0UEK,1,5.0,0.9439
B0047ZEXM0,6,4.1667,0.4015
B0047ZJUR8,4,4.5,0.6576
B0047ZJUUU,1,4.0,0.8957
B0047ZU4SM,1,4.0,0.7089
B0047ZWAHA,1,5.0,0.6232
B00480KJQI,1,5.0,0.8016
B00480KJWC,1,5.0,0.7717
B00480MKD8,2,4.5,0.8714
B004818U9K,1,5.0,0.6369
B004826PXW,1,5.0,0.6369
B00483ER68,1,3.0,0.8591
B00483LG9O,2,5.0,0.8724
B004841MTW,1,5.0,0.8934
B004841MWY,1,5.0,0.8934
B004867T24,17,4.2353,0.9276
B004868RJ8,4,5.0,0.8574
B00487MXS8,1,5.0,0.9756
B00487VX2U,1,1.0,0.7783
B00488N8KY,7,5.0,0.8601
B004894FS2,1,3.0,0.6249
B0048AH9H0,1,4.0,0.9657
B0048B2ZGE,1,2.0,-0.4939
B0048BA2B4,1,1.0,0.0
B0048BL4H0,1,5.0,0.9565
B0048CHI9M,2,5.0,0.7668
B0048D4KPG,1,4.0,-0.3612
B0048EME2Q,2,5.0,0.9446
B0048GRNZM,1,1.0,-0.0516
B0048HR8XS,1,5.0,0.8779
B0048HRAAO,1,5.0,0.8436
B0048HWC98,2,4.5,0.8482
B0048HWXA6,2,5.0,0.8982
B0048I8GZQ,1,5.0,0.8122
B0048IAE7O,1,3.0,0.9686
B0048IAIOS,1,5.0,0.8363
B0048IAIQ6,1,5.0,-0.5994
B0048IAJME,1,1.0,-0.6808
B0048IC030,6,4.3333,0.6579
B0048IC26U,1,5.0,0.8051
B0048IC96I,1,5.0,0.974
B0048IDH2S,1,3.0,0.9468
B0048IDHYQ,1,5.0,0.7506
B0048IDJVM,1,5.0,0.9325
B0048IDNHC,1,5.0,0.9169
B0048IDQGK,1,5.0,0.9246
B0048IEX1M,1,5.0,0.0186
B0048IFN1Q,1,5.0,0.9456
B0048IFNUW,2,5.0,0.8906
B0048IFVAO,1,5.0,0.9136
B0048IFVCM,1,5.0,0.9753
B0048IH43Q,1,5.0,0.6964
B0048IH8D2,1,5.0,0.5719
B0048IH96S,1,5.0,0.3182
B0048IISX6,1,5.0,0.9324
B0048IIXY0,1,5.0,0.5994
B0048IKAPA,1,5.0,0.8689
B0048IM7JW,1,5.0,0.7923
B0048IO9L6,1,5.0,0.7713
B0048IPR9Y,1,5.0,0.9059
B0048IQ446,1,5.0,0.8655
B0048IQ99Q,1,4.0,0.967
B0048IQ9BY,1,5.0,0.9538
B0048IQHU2,1,4.0,0.8957
B0048KBGJM,1,5.0,0.9313
B0048KD0J6,2,4.0,0.2506
B0048KD4XS,1,5.0,0.9674
B0048KD6Z4,1,5.0,0.7003
B0048KD9T2,2,3.5,0.8681
B0048KEEBE,1,5.0,0.7579
B0048KEF8Q,1,5.0,0.9126
B0048KFLK2,1,5.0,0.9674
B0048KFVMU,2,3.5,0.9488
B0048KH218,4,5.0,0.9596
B0048KK8JQ,1,5.0,0.4215
B0048KKKVC,1,5.0,0.8658
B0048KMJBG,1,5.0,0.8439
B0048KMQRS,1,5.0,0.9868
B0048LUB9M,1,4.0,0.807
B0048ML1YK,2,5.0,0.953
B0048OBT04,1,5.0,0.9846
B0048WJGC4,1,5.0,0.8074
B0048Z6UZC,3,5.0,0.9514
B0048Z8OCO,2,5.0,0.9292
B0048Z92GG,1,5.0,0.921
B0048ZBRZ0,1,5.0,0.9001
B0048ZBVWE,1,5.0,0.9657
B0048ZBYJ4,1,5.0,0.9628
B0048ZBYL2,1,1.0,0.4404
B0048ZC6V4,1,5.0,0.8519
B0048ZCBZU,1,5.0,0.9878
B0048ZDZ9G,3,3.3333,0.9133
B00491FPRE,2,4.5,0.5305
B00494NMRG,1,5.0,0.9441
B00496V7VM,1,4.0,0.9347
B00497LNRY,3,3.6667,0.4459
B00497LSLA,1,5.0,0.9643
B00497XHN2,1,5.0,0.9618
B00497XVW4,1,2.0,0.3818
B00497XW8W,1,5.0,0.9493
B004981FZS,1,2.0,0.5719
B004981W5G,2,4.5,0.9176
B004982RPA,1,5.0,0.9778
B004984G3Q,1,5.0,0.946
B004984G40,2,3.0,-0.4238
B004985982,2,5.0,0.9368
B00498CFFW,1,2.0,0.7738
B00498GQ20,3,5.0,0.6058
B00498HV6K,1,1.0,-0.5106
B00498JYLU,3,4.0,0.92
B00498NJNO,1,5.0,0.0366
B0049AH2Z8,2,1.0,0.818
B0049AQWWM,1,5.0,0.765
B0049BUWH2,1,5.0,0.9559
B0049CKKP0,1,4.0,0.8622
B0049CKN52,2,3.0,0.7555
B0049D3VYQ,2,5.0,0.8758
B0049D3X3U,4,5.0,0.7373
B0049D3YTS,1,2.0,0.7906
B0049D5GA8,2,4.5,0.869
B0049D5L30,1,5.0,0.9612
B0049D7CQ4,1,3.0,-0.1867
B0049D7ICM,4,4.5,0.649
B0049D7JQW,1,5.0,0.9774
B0049D9H4Y,4,5.0,0.7095
B0049EGT4O,1,5.0,0.8442
B0049EIUGY,1,5.0,0.9413
B0049FLNCQ,2,3.0,0.8462
B0049I4JPG,2,4.0,0.6443
B0049IAW7K,1,5.0,0.9537
B0049IH9BM,1,5.0,0.5719
B0049IHLSS,1,5.0,0.946
B0049II9IY,1,5.0,-0.1027
B0049IIXMG,1,5.0,0.9274
B0049IRCAA,3,4.3333,0.4818
B0049IT94M,1,5.0,0.9657
B0049IUUCM,3,3.6667,0.1317
B0049J0BMU,2,5.0,0.9724
B0049J0FWQ,1,5.0,0.8503
B0049J0Q48,1,1.0,-0.8079
B0049J0TN6,1,5.0,0.9601
B0049J27JA,1,5.0,0.9231
B0049J2LI2,1,2.0,-0.25
B0049J2TZM,1,3.0,0.818
B0049K99RW,2,5.0,0.8821
B0049L72AW,1,5.0,0.0
B0049LUEKC,1,3.0,0.7783
B0049M3J4O,1,5.0,0.4019
B0049M6OJ6,1,5.0,0.9908
B0049M7LES,1,5.0,0.9423
B0049M99VQ,2,5.0,0.78
B0049MABWW,1,4.0,0.9815
B0049MDROG,3,2.0,0.3759
B0049OMB9Q,1,5.0,0.7579
B0049OPXP0,4,4.5,0.9328
B0049OQJXA,5,2.8,0.8769
B0049OVWUU,1,5.0,0.9799
B0049OX6IG,1,5.0,0.9438
B0049OXSNE,1,5.0,0.9308
B0049PCCIA,1,5.0,0.7501
B0049PCQSQ,1,5.0,0.9153
B0049PMN6G,1,5.0,0.8176
B0049R46OG,1,2.0,-0.3182
B0049R83WW,1,5.0,0.9682
B0049RDI0Y,9,4.2222,0.6124
B0049S048M,1,5.0,0.9652
B0049S5BDA,1,5.0,-0.7096
B0049SV1K2,1,5.0,0.5994
B0049T0DXC,2,5.0,0.8962
B0049TZA26,4,5.0,0.7747
B0049U7DLG,1,4.0,0.8555
B0049UDYH8,2,5.0,0.8387
B0049ULB78,49,4.2653,0.742
B0049VXDAU,1,3.0,-0.6901
B0049W4QEG,2,2.0,0.6083
B0049W7CBA,1,4.0,0.9698
B0049W9ASS,1,4.0,0.9698
B0049W9CC2,1,5.0,0.8271
B0049W9I08,1,5.0,0.9485
B0049WV8S8,11,4.3636,0.6508
B0049YK1FC,4,3.25,0.8724
B0049YK1W0,2,5.0,0.9096
B0049YK20Q,4,4.5,0.8984
B0049YMA9C,1,1.0,0.4588
B0049YMAII,2,5.0,0.8432
B0049YMAJ2,1,1.0,-0.765
B0049YMB5U,1,5.0,0.9313
B0049YMBKA,3,5.0,0.8066
B0049YMC3Q,3,5.0,0.8371
B0049YNXDY,2,5.0,0.661
B0049YNYQA,1,5.0,0.3612
B0049YNZWS,1,5.0,0.9113
B0049YP72E,1,5.0,0.6124
B0049YRBWI,2,3.0,0.8953
B0049Z1MGI,3,4.6667,0.7917
B0049Z5OCG,1,4.0,0.9353
B0049Z5OSK,13,4.0,0.8215
B0049Z7OWY,1,4.0,0.3182
B0049Z7Q22,1,5.0,0.8834
B0049Z9ANU,11,4.2727,0.8981
B0049ZADF4,1,5.0,0.5267
B0049ZCF9G,11,5.0,0.8628
B0049ZCFBE,2,5.0,0.9572
B004A11P90,1,5.0,0.9927
B004A52N6K,3,3.3333,0.5908
B004A5LAM8,1,1.0,-0.4215
B004A5NZIU,1,3.0,-0.4228
B004A68T4Y,1,4.0,0.836
B004A6F0Z0,1,2.0,0.1974
B004A6W57Q,1,3.0,0.4019
B004A72PKM,1,4.0,0.8689
B004A76BTI,1,4.0,0.8689
B004A812VE,1,4.0,0.9468
B004A87JDE,1,5.0,0.9531
B004A880AU,1,5.0,0.6901
B004A8R2UY,1,5.0,0.926
B004A9VWC2,1,2.0,0.836
B004AA2MUM,1,1.0,0.4815
B004AACVHQ,1,1.0,0.2263
B004AAEQDI,1,5.0,0.6249
B004AC28C2,1,5.0,0.9862
B004ACQKDK,1,1.0,-0.4939
B004ACWI0Y,1,1.0,0.796
B004ADJ2CA,1,5.0,0.875
B004ADXW8A,1,5.0,0.9229
B004AEKJ6M,1,5.0,0.9364
B004AFGES8,6,4.8333,0.8997
B004AFODLI,2,5.0,0.9622
B004AFSIP0,1,5.0,0.9153
B004AFVFIW,1,5.0,0.8126
B004AFXB3O,1,5.0,0.8479
B004AG8KDE,1,5.0,0.9798
B004AG9X94,1,5.0,0.9246
B004AGBXQA,1,5.0,0.8126
B004AGBYA0,1,1.0,0.1779
B004AGBYRS,1,5.0,0.836
B004AGE1K0,1,5.0,0.7845
B004AGOTIE,1,5.0,0.9723
B004AGSX4U,1,1.0,-0.9338
B004AGU1AO,3,5.0,0.8066
B004AH0MLG,1,5.0,0.9501
B004AH6YK4,4,5.0,0.8984
B004AH7C2S,1,5.0,0.9546
B004AH80DI,1,4.0,0.8885
B004AHAW9I,1,4.0,0.7003
B004AHBCQK,1,5.0,0.9565
B004AHBMJW,1,3.0,0.959
B004AHCD8G,1,2.0,0.836
B004AHCOOE,1,5.0,0.8439
B004AHDU42,1,5.0,0.9382
B004AHDV82,1,5.0,0.8225
B004AHGDBO,1,5.0,0.802
B004AHOEXS,1,4.0,0.9485
B004AHPE1O,1,5.0,0.9812
B004AIBSFE,1,5.0,0.9364
B004AJIGM6,2,5.0,0.914
B004AJKYVC,1,5.0,0.872
B004AJQ8QW,2,5.0,0.9146
B004AJRLRC,1,5.0,0.8658
B004AJRM44,1,5.0,0.7269
B004ALGNQ0,1,5.0,0.8126
B004ALIV7O,1,1.0,0.0516
B004AM253O,1,5.0,0.8316
B004AMJ7PS,1,2.0,-0.2732
B004AMMPMU,2,4.0,0.8909
B004AN7PG0,3,5.0,0.8444
B004ANC83U,2,4.5,0.6208
B004AO3LPS,1,5.0,0.9388
B004AO7F0K,1,5.0,0.9477
B004AO9EGS,1,5.0,0.936
B004AO9EJU,1,5.0,0.936
B004AOCOC4,3,4.0,0.4048
B004AOCOMY,2,5.0,0.6796
B004AOFZPW,1,5.0,0.7269
B004APK4Z2,2,2.0,0.2971
B004APYTTE,1,5.0,-0.2732
B004APZYVG,11,3.3636,0.5972
B004AQDCPA,1,4.0,0.9062
B004AQMSV4,5,2.6,0.0267
B004AR0VMQ,1,3.0,0.9741
B004ARQ968,1,1.0,-0.5423
B004AS9NU6,1,5.0,0.9334
B004ASBLJ2,7,5.0,0.6797
B004ASFMRE,1,5.0,0.981
B004ASFNDW,1,5.0,0.9887
B004ATVHPE,1,5.0,0.8555
B004AUKLCI,1,5.0,0.9854
B004AVFW80,1,5.0,0.9851
B004AVFXP2,1,5.0,0.959
B004AW0FI6,1,5.0,0.9326
B004AW3DQC,1,5.0,0.8834
B004AW3HA4,1,1.0,0.7502
B004AW3YYI,1,5.0,0.9571
B004AW5G6W,1,5.0,0.8979
B004AWTR6M,21,4.3333,0.7542
B004AY1H2M,1,5.0,0.3182
B004AY25P0,1,1.0,-0.5719
B004B19L04,2,3.5,0.966
B004B3II4M,4,3.75,0.8582
B004B3K8ZY,1,1.0,-0.1531
B004B3KHEG,1,5.0,0.9718
B004B3MDAW,1,5.0,0.9735
B004B3WWC6,3,2.3333,0.1585
B004B44ZQ6,7,4.1429,0.6386
B004B4EKJI,1,5.0,0.8689
B004B77NSK,1,5.0,0.7003
B004B8HIWU,1,4.0,0.7717
B004B8QKSI,1,1.0,0.7003
B004B8QL1E,1,1.0,0.0
B004B8TQDY,1,5.0,0.9673
B004B9COVY,1,5.0,0.9698
B004B9EQKQ,1,5.0,0.8126
B004B9JIYU,2,2.5,0.2794
B004B9L9N8,1,5.0,0.743
B004B9P420,1,5.0,0.2263
B004B9Q6GI,1,5.0,0.765
B004B9T82W,3,5.0,0.8424
B004B9UKE2,1,3.0,0.5965
B004BAKDYI,1,4.0,0.6124
B004BBR95I,2,3.0,0.5407
B004BCFDGO,1,5.0,0.7906
B004BCT2JI,10,4.4,0.7933
B004BCT2PW,1,5.0,0.9332
B004BCV53O,1,5.0,0.6901
B004BCX14K,1,2.0,0.624
B004BCYWRU,1,3.0,0.0
B004BCYWY8,2,1.0,0.0955
B004BD0Q4W,1,3.0,0.4391
B004BDC21W,1,5.0,0.872
B004BF6V44,2,3.5,0.261
B004BFAM3K,1,5.0,0.8856
B004BFR7LU,1,5.0,0.7003
B004BFVFCW,1,5.0,0.9633
B004BGDGFA,1,1.0,0.5574
B004BGZGPI,1,5.0,0.6369
B004BJ4L9C,1,4.0,0.8225
B004BJ8ES6,2,4.0,0.9039
B004BJHKV8,1,1.0,-0.5423
B004BJS1PM,2,5.0,0.8838
B004BJVLWC,1,5.0,0.9769
B004BJWT3C,1,4.0,0.7003
B004BJY6Y2,3,4.6667,0.4913
B004BJYP66,2,5.0,0.9594
B004BK707Q,2,5.0,0.5848
B004BKLHOS,60,4.2,0.9109
B004BKO5VU,1,3.0,0.872
B004BKP68Q,1,5.0,0.7184
B004BKPR3U,2,5.0,0.424
B004BKRLT8,4,4.5,0.7956
B004BKSOPI,1,5.0,0.8481
B004BKXCHI,1,4.0,0.4019
B004BKXW78,1,5.0,0.6369
B004BLOQHC,1,3.0,0.1298
B004BN4LMA,1,5.0,0.765
B004BNJZZS,1,1.0,-0.9493
B004BNNO0U,1,1.0,0.4951
B004BNWDNO,1,4.0,0.9677
B004BOT89K,1,1.0,0.8625
B004BPGJLE,1,1.0,-0.6249
B004BPR774,1,1.0,-0.3657
B004BQ6MTC,2,5.0,0.9586
B004BQF4OQ,1,5.0,0.4588
B004BR50NA,1,5.0,0.9838
B004BR69US,1,3.0,0.8591
B004BRACGK,1,5.0,0.872
B004BRFQ02,2,3.0,0.8976
B004BRH344,1,3.0,0.5719
B004BRM1UK,1,5.0,0.9612
B004BRUE54,1,5.0,0.8442
B004BRYVJY,4,4.0,0.661
B004BS06A6,1,4.0,0.8761
B004BTQKJQ,1,5.0,0.7512
B004BUU488,4,2.75,0.6457
B004BV345C,1,5.0,0.7096
B004BVBS0U,1,4.0,0.891
B004BVHS9U,1,5.0,0.9184
B004BVRD3Q,2,5.0,0.9778
B004BWNCU8,3,5.0,0.7462
B004BY23I8,1,4.0,0.804
B004BY7HKC,2,5.0,0.9374
B004BY7HMK,1,5.0,0.9538
B004BZSAZM,2,1.0,0.449
B004C1VJEO,1,1.0,0.875
B004C1YOSM,1,5.0,0.9485
B004C20NH2,1,5.0,0.7665
B004C741WA,1,4.0,0.8481
B004C9PTCE,2,5.0,0.4232
B004CFJ140,2,4.0,0.8059
B004CFL6XE,1,5.0,0.0772
B004CG01I4,1,5.0,0.8779
B004CG2EZ2,2,4.0,0.8013
B004CGE4FU,1,5.0,0.5481
B004CGXBS6,2,5.0,0.1822
B004CGXVL8,1,5.0,0.7964
B004CGZGH0,5,4.8,0.2938
B004CH0RIC,1,5.0,0.9538
B004CH0WKK,1,5.0,0.2023
B004CH0X5O,1,5.0,0.5267
B004CH0YQM,1,5.0,0.8953
B004CH2122,2,3.0,0.9036
B004CH2KH8,1,1.0,0.9042
B004CH2MB2,1,5.0,0.9675
B004CH4H6A,2,5.0,0.8444
B004CH4VMK,1,5.0,0.9607
B004CH5Q42,1,4.0,0.4588
B004CH5REG,1,5.0,0.8725
B004CH5W7S,1,5.0,0.0
B004CH66XM,1,5.0,0.9382
B004CH6FN8,2,3.0,0.1914
B004CH6HJU,1,5.0,0.743
B004CH7VYK,1,5.0,0.936
B004CH7XY8,1,5.0,0.7087
B004CH9IA0,1,5.0,-0.2658
B004CH9IF0,1,4.0,0.5984
B004CH9RLU,1,5.0,0.8658
B004CH9Y6S,1,5.0,0.9468
B004CHA20U,1,2.0,-0.7269
B004CHA4XA,1,5.0,0.8225
B004CHA88Q,1,1.0,0.8074
B004CHACWS,1,5.0,0.9246
B004CHB0HE,1,5.0,-0.7964
B004CHBPHY,1,1.0,0.9559
B004CHBYQ6,2,5.0,0.876
B004CI60M8,1,5.0,0.7269
B004CIVHIU,2,1.0,-0.0483
B004CIZZJ2,1,1.0,0.6249
B004CJ3VH4,1,5.0,0.8126
B004CJUE8I,1,5.0,0.9349
B004CLCEDE,44,3.2955,0.6307
B004CM3OPA,1,5.0,0.9217
B004CNJOIK,1,5.0,0.6369
B004CP5UVS,1,5.0,0.989
B004CPCQBU,1,5.0,0.6597
B004CPCQK6,1,5.0,0.5267
B004CQ5OPO,2,1.0,0.4211
B004CQ9ELY,1,2.0,0.5574
B004CQRG0A,2,5.0,0.8052
B004CQWWKY,2,2.0,0.2022
B004CQYODW,5,4.4,0.4034
B004CR7OQK,1,5.0,0.8779
B004CRHTCY,1,5.0,0.2732
B004CRN20C,1,4.0,0.759
B004CS862A,1,3.0,0.9403
B004CSGRS0,2,3.5,0.9687
B004CSM842,2,3.5,0.0012
B004CSS0NA,1,5.0,0.9844
B004CSUGP0,2,5.0,0.8902
B004CSW9BO,3,4.6667,0.9319
B004CT1NCY,4,3.5,0.5745
B004CT1P4A,1,4.0,0.973
B004CT3I2W,1,5.0,0.5729
B004CT9F9M,1,5.0,0.5994
B004CU2T12,1,5.0,0.8402
B004CVDV3Q,2,5.0,0.8953
B004CWJNJQ,1,5.0,0.9572
B004CWO9Y0,2,5.0,0.8934
B004CWOAIU,1,3.0,0.839
B004CX2VSU,1,5.0,-0.4019
B004CYJX2Q,2,5.0,0.9497
B004CYJX9E,1,3.0,0.3892
B004CYJXQW,4,5.0,0.9302
B004CYJY02,1,4.0,0.9254
B004CYLW7A,39,3.8205,0.873
B004CYLWGQ,2,3.5,0.5606
B004CYPR6M,4,5.0,0.7854
B004CZ1D8C,5,4.4,0.5589
B004CZG530,2,2.5,0.4294
B004CZJIIE,2,5.0,0.879
B004CZURWK,1,5.0,0.8689
B004D0UBIO,1,5.0,0.8016
B004D0V174,4,4.5,0.9408
B004D1YG1Q,1,5.0,0.8934
B004D1ZM8C,1,5.0,0.765
B004D235V2,1,5.0,0.9423
B004D3338G,1,4.0,0.7783
B004D34V9Q,1,5.0,0.8402
B004D4U4LO,1,5.0,0.9062
B004D4WN0E,1,5.0,0.7645
B004D667DQ,1,2.0,0.9007
B004D693CS,2,5.0,0.7953
B004D7BI2A,1,5.0,0.3182
B004D7K17S,1,5.0,0.6249
B004D7K1AA,2,4.0,0.758
B004D7NMMO,1,5.0,0.9217
B004D7PW5E,1,4.0,0.9246
B004D9RT94,2,4.5,0.89
B004D9RTLW,1,5.0,0.9442
B004D9VYEK,1,5.0,0.4215
B004DAP7KQ,2,4.5,0.846
B004DAQ30O,2,5.0,0.9491
B004DB7QS6,1,5.0,0.946
B004DBOPUI,6,3.6667,0.5428
B004DBS2TI,18,4.1111,0.7155
B004DBT12A,19,4.1579,0.6409
B004DBTSMI,2,5.0,0.951
B004DBVJRA,2,4.5,0.8426
B004DBVJXY,1,2.0,0.8158
B004DBXK8G,1,1.0,-0.3566
B004DBXL7G,2,5.0,0.6869
B004DBXLNU,3,4.6667,0.6698
B004DC9BCO,2,3.5,0.2271
B004DCIENQ,1,5.0,0.9805
B004DCJUNO,1,5.0,0.6249
B004DCY4GC,1,5.0,0.0
B004DD7L9S,1,3.0,0.079
B004DD7MNI,1,5.0,0.9371
B004DD7O1S,2,4.5,0.561
B004DD9M0Y,1,5.0,0.9201
B004DDAY7E,2,5.0,0.923
B004DDB1F8,1,4.0,0.765
B004DDCOPO,1,4.0,0.9543
B004DDM2PG,1,5.0,0.9432
B004DDM3DW,1,2.0,0.6815
B004DDQ4W8,1,3.0,0.6124
B004DE60QM,1,5.0,0.8316
B004DE9WQ2,2,4.0,0.443
B004DEBV2K,3,3.6667,0.8978
B004DEE032,1,4.0,0.9976
B004DEEKD2,2,2.0,-0.1594
B004DFQMBE,1,5.0,0.9463
B004DFULBG,2,4.5,0.4229
B004DGRN1G,1,3.0,0.3612
B004DGXYAK,1,3.0,-0.8107
B004DI58H0,1,5.0,0.4404
B004DI8E44,1,1.0,0.0516
B004DI979U,1,2.0,0.0772
B004DIR3TQ,2,4.0,0.8676
B004DIT9KM,1,5.0,0.9413
B004DIUVJA,1,5.0,0.6369
B004DIUYAQ,1,5.0,0.8555
B004DIUYO2,1,5.0,0.3385
B004DIVXC4,1,5.0,0.9403
B004DIW11G,2,5.0,0.954
B004DIXWEQ,1,2.0,0.6369
B004DIXWFU,1,5.0,0.872
B004DIXWZ0,1,5.0,0.9287
B004DIZZA0,1,5.0,0.8834
B004DJ0BWG,1,5.0,0.9552
B004DJ1XFA,1,4.0,0.8442
B004DJ8VCI,1,5.0,0.875
B004DJCPR0,2,4.0,0.7608
B004DJD0DS,6,4.6667,0.9085
B004DJMVNI,1,5.0,0.9861
B004DJN39O,3,3.6667,0.832
B004DJPGO4,1,5.0,0.981
B004DJT7G2,1,5.0,-0.9022
B004DKMVQO,2,3.5,0.9271
B004DKQNMC,1,4.0,0.7645
B004DLNVJE,1,5.0,0.9325
B004DLTWWY,1,5.0,0.7841
B004DMGEK6,1,1.0,0.0772
B004DMGQKE,1,5.0,0.9906
B004DMVCPI,1,5.0,0.8834
B004DN2VSO,1,5.0,0.8126
B004DN7HF6,2,3.5,0.4459
B004DN7HJ2,1,1.0,-0.6705
B004DN7MI8,12,4.4167,0.7951
B004DN7TU4,1,3.0,0.9601
B004DN9LCS,17,4.7647,0.7901
B004DNAYZQ,1,4.0,0.8481
B004DNB31U,2,3.0,-0.1882
B004DNB324,2,4.5,0.661
B004DNB3QU,1,5.0,0.624
B004DNB55E,2,4.5,0.8596
B004DND2RS,1,5.0,0.8519
B004DND458,1,4.0,0.9326
B004DNEQJG,1,5.0,0.4588
B004DOTJ6A,1,5.0,0.9535
B004DOTJH4,1,5.0,0.3252
B004DOXHX6,1,1.0,-0.2263
B004DOXI2Q,1,1.0,-0.1047
B004DOXI9O,8,3.375,0.917
B004DOYNOI,2,1.5,0.5768
B004DP0CXS,1,2.0,0.1779
B004DP29ES,1,2.0,0.9063
B004DP7WGS,1,1.0,0.9552
B004DPDXMA,3,4.6667,0.8323
B004DR9QI8,1,1.0,0.7506
B004DSTY5C,1,1.0,-0.7003
B004DT44HO,1,5.0,0.9843
B004DT44J2,1,5.0,0.3182
B004DTNJU2,1,5.0,0.9392
B004DUO2QQ,1,5.0,0.8211
B004DXZN7A,1,5.0,0.204
B004DY4TLK,1,4.0,0.8519
B004E2PP8C,1,5.0,0.9776
B004E2VQFS,1,1.0,-0.0772
B004E2Z4XS,1,5.0,0.4767
B004E3KW0M,1,5.0,0.6249
B004E4934C,1,1.0,-0.0258
B004E4ADKU,3,1.0,0.0576
B004E4CCSQ,47,3.3404,0.7687
B004E4EBMG,51,3.6471,0.8255
B004E4FUGW,9,3.8889,0.5862
B004E4FUHG,8,3.875,0.6619
B004E4HUMY,38,3.3947,0.8122
B004E78YAS,1,4.0,0.9719
B004E7A33E,1,2.0,0.8555
B004E7MN46,1,5.0,0.9925
B004E8ZU72,1,5.0,0.8834
B004EAGP74,65,4.8462,0.768
B004EAZ6VA,1,4.0,0.872
B004EBKAWE,1,5.0,0.9766
B004EBPTXO,1,5.0,0.9766
B004EBS2VU,1,5.0,0.4404
B004ECKFPA,1,4.0,0.6705
B004ECKVS6,1,1.0,-0.4404
B004ECMDXW,1,5.0,0.8074
B004ECR0BM,5,4.8,0.8937
B004ECTT0M,2,5.0,0.9588
B004ECUUQY,1,5.0,0.8445
B004ECVRNO,3,5.0,0.9024
B004ED95GY,1,5.0,0.8692
B004ED9VU4,1,3.0,0.8481
B004EDBL3Y,3,5.0,0.9764
B004EDBVCU,3,3.3333,0.904
B004EDFLPS,1,5.0,0.8107
B004EDFLWQ,2,5.0,0.8065
B004EDHCW8,3,5.0,0.9106
B004EDHD1I,1,5.0,0.9169
B004EDZ83S,9,4.5556,0.7852
B004EDZ87Y,19,4.3158,0.587
B004EE0TYK,19,3.8421,0.754
B004EE2UR4,21,4.2857,0.6945
B004EEW2HW,1,3.0,0.91
B004EHNH3W,1,5.0,0.7783
B004EHS606,2,4.0,0.5591
B004EHXLK6,3,3.6667,0.8871
B004EI0ZMC,1,5.0,0.9818
B004EI1DXW,1,1.0,0.8932
B004EI1HT2,1,5.0,0.9779
B004EI25WU,1,4.0,0.8074
B004EI4C7G,2,2.0,-0.0147
B004EI6FAI,4,4.0,-0.0526
B004EIE9VA,1,1.0,0.1151
B004EJVWGY,1,5.0,0.9672
B004EK2208,3,4.6667,0.7864
B004EKBH7W,1,3.0,0.8225
B004EKHMXU,2,5.0,0.7762
B004EKHN4I,1,4.0,0.8555
B004EKNPLS,1,3.0,0.6929
B004EKO2HE,4,4.0,0.7628
B004EKQM4U,3,4.3333,0.8767
B004EKSZ4K,1,3.0,-0.6597
B004EMLH20,1,5.0,0.9524
B004ENEW76,1,5.0,0.9413
B004ENHZVQ,1,5.0,0.967
B004ERUTEW,1,3.0,0.9485
B004ESXE70,1,5.0,0.7003
B004ET1SE0,1,5.0,0.9202
B004ET5TP4,4,1.75,0.2412
B004ET7MG8,1,4.0,0.4215
B004ET9OIW,1,5.0,0.9552
B004ET9OLY,4,4.5,0.9517
B004ET9PNQ,1,5.0,0.9431
B004ETGA0W,1,5.0,0.8625
B004ETI686,1,5.0,0.765
B004ETJH66,6,5.0,0.794
B004ETOE5A,1,5.0,0.7506
B004EVNB6Q,3,5.0,0.6851
B004EWB4RI,1,5.0,0.9607
B004EWT89O,1,1.0,-0.3182
B004EYHAN8,4,4.75,0.8673
B004EYHOSY,1,5.0,0.9469
B004F1B446,1,4.0,-0.2263
B004F1LNDI,10,4.8,0.7205
B004F1VN3I,1,5.0,0.9396
B004F27F5C,6,4.3333,0.7752
B004F4990E,3,4.0,0.6964
B004F499PE,2,4.0,0.526
B004F4CMPI,1,5.0,0.9661
B004F4GH5E,1,1.0,0.9744
B004F7EFVE,2,3.0,0.9042
B004F91CPY,1,4.0,0.8809
B004F9QADS,1,1.0,-0.5267
B004F9QAF6,1,5.0,0.9516
B004FC5FHW,1,5.0,0.7965
B004FCGIJ6,1,5.0,0.9349
B004FCZM20,1,5.0,0.9273
B004FD13RW,1,3.0,0.6845
B004FDBALQ,1,5.0,0.9825
B004FDG3CC,1,5.0,0.8807
B004FDW4HU,1,1.0,0.5267
B004FEJ968,35,4.2571,0.8152
B004FELBH8,29,3.7586,0.9312
B004FEN3GA,26,4.1538,0.9374
B004FEN3GK,42,4.6667,0.7943
B004FEN3H4,1,5.0,0.8126
B004FEP5VQ,1,5.0,0.9485
B004FES6MQ,2,3.5,0.5658
B004FEVS1W,1,5.0,0.9118
B004FGTEP2,10,3.9,0.7367
B004FGUYWY,15,4.2,0.6611
B004FGWU9O,89,4.0787,0.7384
B004FH68YG,1,1.0,0.1779
B004FH6NFK,1,5.0,0.9607
B004FH8HNG,1,4.0,0.9393
B004FHC9HQ,1,5.0,0.765
B004FHD9HK,1,1.0,0.1779
B004FHDP4W,4,4.0,0.4039
B004FIB0P2,1,5.0,0.6697
B004FICLJQ,1,5.0,0.9652
B004FJK85O,1,5.0,0.836
B004FKKCWW,1,5.0,0.4927
B004FKKEW0,5,5.0,0.6268
B004FKZ010,2,5.0,0.9726
B004FL14UU,1,5.0,0.9846
B004FNHQVY,1,4.0,0.7003
B004FO7CUI,1,4.0,0.9666
B004FO9C06,2,5.0,0.8848
B004FOEG9S,1,3.0,0.0
B004FQSCUU,1,5.0,0.9536
B004FQU4CE,1,5.0,0.9035
B004FQUC4E,1,1.0,0.5908
B004FRLTMW,1,5.0,0.9732
B004FRT992,1,1.0,0.316
B004FSASKU,1,5.0,0.9888
B004FUNOGI,1,5.0,0.9403
B004FV9VSC,2,5.0,0.9382
B004FVNGK6,1,5.0,0.8593
B004FVU4PQ,1,1.0,-0.3167
B004FW55IG,2,1.5,0.1083
B004FWN1V4,3,3.0,0.6739
B004FWXO34,1,5.0,0.9903
B004FWYAYG,1,5.0,0.7717
B004FWZZX6,1,3.0,0.8555
B004FX19JY,1,2.0,0.4939
B004FXY504,2,5.0,0.5814
B004FZX2YC,1,5.0,0.8225
B004G1WFH0,2,1.5,0.1907
B004G23G54,2,4.5,0.909
B004G2XWEO,1,4.0,0.6597
B004G3VI8K,1,5.0,0.765
B004G41Y5Q,2,2.0,0.1132
B004G565W2,1,5.0,0.9348
B004G5PNES,1,5.0,0.9265
B004G5ZYMY,5,2.2,0.7319
B004G5ZYN8,4,5.0,0.4649
B004G5ZYNI,1,1.0,0.5719
B004G5ZYOW,5,3.4,0.2111
B004G5ZYPQ,1,2.0,0.6705
B004G5ZYQA,2,3.0,-0.2878
B004G5ZYQU,3,3.3333,0.838
B004G5ZYRY,4,4.0,0.2424
B004G5ZYSS,1,3.0,0.9231
B004G5ZYTM,5,3.6,0.5858
B004G5ZYU6,2,2.5,0.8648
B004G5ZYUQ,3,2.3333,0.6844
B004G5ZYVA,5,4.2,0.6628
B004G6NZT2,1,5.0,0.8625
B004G6VYUO,1,5.0,0.9136
B004G7LUUM,1,5.0,0.9093
B004G7PC8I,2,3.0,0.2935
B004G90QE6,1,5.0,0.926
B004G91ZIM,1,1.0,0.8957
B004G91ZUK,1,5.0,0.3818
B004G923S8,1,5.0,0.7845
B004G929E6,2,3.5,0.4666
B004G92S9W,1,5.0,0.5994
B004G92TBY,1,2.0,-0.1779
B004G92TIM,2,5.0,0.7651
B004G964R4,2,5.0,0.8423
B004G9682A,1,5.0,0.9602
B004GB340C,2,3.0,-0.1806
B004GB6ZGC,1,5.0,0.9875
B004GBFLSU,1,5.0,0.9818
B004GBVSB4,1,5.0,0.8402
B004GCFJ5O,1,5.0,0.6808
B004GDW51Y,2,4.5,0.8176
B004GFQCM0,1,5.0,0.9912
B004GH8IJ8,1,5.0,0.8779
B004GIC35M,2,5.0,0.5818
B004GIE562,1,5.0,0.8807
B004GIFPI4,1,5.0,0.7269
B004GIHH9O,2,5.0,0.9806
B004GIS4N2,1,5.0,0.969
B004GK9024,1,5.0,0.9134
B004GKBS7O,1,4.0,0.6908
B004GKDYK8,5,4.6,0.5434
B004GKDYKI,4,5.0,0.697
B004GKHTTU,1,5.0,0.9764
B004GKI2Z0,1,5.0,0.8894
B004GKQTB4,1,4.0,0.8957
B004GKZN98,1,5.0,0.5719
B004GL1YC2,1,5.0,0.9689
B004GL3TQG,1,3.0,0.9646
B004GLGKR6,1,5.0,0.9062
B004GLIMJ0,3,4.6667,0.6646
B004GLKCW0,2,5.0,0.8602
B004GN8NP6,3,3.6667,0.3865
B004GOXWSS,1,3.0,0.4404
B004GOXWT2,1,5.0,0.9715
B004GQUY8C,1,4.0,0.9287
B004GSIT7S,1,4.0,0.0
B004GT6J0Q,1,5.0,0.8885
B004GTNGB6,1,5.0,0.8733
B004GU3YXA,1,4.0,0.9442
B004GU3YXU,5,4.6,0.8724
B004GU3Z5M,2,4.5,0.9256
B004GU7G9I,1,5.0,0.946
B004GU7GK2,1,2.0,0.4767
B004GUQ8Q0,3,5.0,0.8995
B004GW2XYE,2,3.0,0.4181
B004GW6MLY,1,5.0,0.926
B004GW6O9E,64,4.6562,0.8487
B004GWEBBC,4,5.0,0.8004
B004GWIIXO,1,4.0,0.7897
B004GWSWCQ,15,4.2,0.5152
B004GWW042,2,5.0,0.6636
B004GYCP9U,1,5.0,0.8183
B004GYFK9M,1,4.0,0.7792
B004GYQU3W,1,1.0,-0.5481
B004H0QW56,1,5.0,0.2263
B004H0TU1O,1,5.0,0.926
B004H0TUBE,1,5.0,0.7889
B004H0TUI2,1,5.0,0.8519
B004H0XSKS,2,4.0,0.8396
B004H0ZCHK,2,4.0,0.4781
B004H0ZD38,1,5.0,0.9881
B004H10F44,1,5.0,0.8402
B004H158SC,1,5.0,0.9403
B004H177ZE,1,5.0,0.9839
B004H1DYGU,1,5.0,0.836
B004H1P2J2,1,5.0,0.9161
B004H1SOGK,1,5.0,0.8442
B004H1YIBU,3,3.6667,0.9443
B004H2N44Q,2,4.5,0.9004
B004H2OH1K,1,4.0,0.8225
B004H2ZAIO,1,5.0,0.8883
B004H3N2LU,22,1.2273,0.1883
B004H3RFHW,1,5.0,0.875
B004H3V1SQ,1,5.0,0.9304
B004H3V1TA,2,4.5,0.1534
B004H4LN5G,1,2.0,0.0
B004H4LNAG,1,5.0,0.9729
B004H4LOCS,4,5.0,0.919
B004H4LPCM,1,4.0,0.7351
B004H4LPZ4,1,5.0,0.8979
B004H4N5XY,1,5.0,0.7717
B004H4N6UQ,1,2.0,0.17
B004H4N9ZS,1,1.0,0.8183
B004H4P5DW,1,5.0,0.8779
B004H4P5IW,1,5.0,0.7351
B004H4P6HW,1,5.0,0.9001
B004H4P90G,2,5.0,0.9688
B004H4PAU0,1,5.0,0.6369
B004H4PBPO,1,4.0,0.1779
B004H4QZCW,3,3.0,0.5124
B004H4QZWW,1,5.0,0.9042
B004H4R0LW,1,2.0,-0.3089
B004H4R0V2,1,5.0,0.9152
B004H4R27E,1,5.0,0.4215
B004H4R56W,1,5.0,0.8387
B004H4R59Y,6,4.3333,0.8766
B004H4SEZS,1,5.0,0.9712
B004H4SKKC,1,2.0,0.8655
B004H6FBFM,1,5.0,0.9001
B004H6FDLY,2,5.0,0.7384
B004H6J34M,1,5.0,0.9729
B004H6MV28,6,4.1667,0.8447
B004H7NPTA,1,5.0,0.9412
B004H882IS,1,2.0,0.1531
B004H8ES22,1,5.0,0.9712
B004HBK4QS,2,3.0,0.5482
B004HBOVHQ,1,5.0,0.5574
B004HCBKJ2,13,4.4615,0.3762
B004HCGM5Y,2,4.5,0.8112
B004HEFRJO,1,5.0,0.9246
B004HEJDYY,1,5.0,0.91
B004HEJDZS,1,5.0,0.6124
B004HELERI,2,5.0,0.4754
B004HFRM6O,1,5.0,0.989
B004HFT7IK,1,5.0,0.936
B004HGGPDY,2,2.0,-0.0602
B004HGRVXM,1,5.0,0.9565
B004HIPVRI,1,5.0,0.9839
B004HIZ7HW,1,5.0,0.9607
B004HJ0K1E,1,5.0,0.4215
B004HJPB3G,1,5.0,0.8658
B004HK0QD0,1,5.0,0.8402
B004HK46C2,1,1.0,0.0772
B004HK60VM,3,3.6667,0.2688
B004HK60W6,1,5.0,0.9218
B004HK6A1C,1,5.0,0.802
B004HK7NT0,1,5.0,0.7717
B004HL1MDW,1,5.0,0.4767
B004HLAHUQ,3,4.3333,0.6773
B004HLCKMY,6,2.8333,0.41
B004HOLD4W,31,4.7097,0.8219
B004HOLD60,27,4.7407,0.8197
B004HOLD92,36,4.6389,0.8538
B004HOLDH4,5,5.0,0.9329
B004HONIMC,1,4.0,0.9246
B004HOOZEW,26,4.7308,0.7912
B004HOOZVA,3,5.0,0.9633
B004HOQDK6,8,4.0,0.9082
B004HOQE64,36,4.6667,0.8478
B004HOQELO,2,5.0,0.7841
B004HOSGWE,27,4.7407,0.8398
B004HOSHU0,1,4.0,0.7506
B004HOV054,1,5.0,0.9353
B004HPOKRI,2,5.0,0.4266
B004HPX4CA,2,5.0,0.97
B004HS9N04,1,5.0,0.7906
B004HSDZQC,1,5.0,0.0
B004HSN134,1,1.0,0.959
B004HSR356,1,5.0,0.5267
B004HSWNJC,1,1.0,0.9741
B004HU7TC6,1,5.0,0.926
B004HVARLA,1,5.0,0.6566
B004HVEEW8,1,5.0,0.9971
B004HVX0YG,4,4.0,0.5082
B004HWYOT0,1,5.0,0.7096
B004HY15Q8,1,5.0,0.8519
B004HYAIES,1,5.0,0.9716
B004HYH8P0,3,5.0,0.9003
B004HYH8PA,7,3.8571,0.7393
B004HYH8PK,5,5.0,0.8531
B004HYH8PU,6,4.1667,0.6528
B004HYH8Q4,4,4.0,0.4732
B004HYW3Q4,1,4.0,0.9595
B004HYW5JO,2,4.0,0.9261
B004HZ1LJI,1,5.0,0.9545
B004HZ1XSC,2,5.0,0.8758
B004HZEAPK,1,1.0,0.5859
B004HZFASG,1,4.0,0.8342
B004HZI3GW,1,1.0,0.8074
B004HZWFRU,1,5.0,0.8816
B004I0C6NM,5,3.6,0.9146
B004I10TDK,1,5.0,0.6616
B004I155HA,1,5.0,0.7096
B004I19ALW,1,3.0,0.8316
B004I19BKW,1,5.0,0.8658
B004I19BQG,1,3.0,0.9534
B004I1B7J0,2,5.0,0.9576
B004I1B7PE,1,5.0,0.9801
B004I1B862,1,3.0,0.802
B004I1EYQS,1,2.0,0.2732
B004I1H230,1,5.0,0.8265
B004I1TD32,1,5.0,0.8625
B004I1VG28,1,5.0,0.9217
B004I209RK,1,5.0,0.8689
B004I20C7C,1,4.0,0.7608
B004I2FGQE,3,5.0,0.9362
B004I2IEPE,2,5.0,0.9157
B004I3UJL0,1,5.0,0.9136
B004I3VN92,1,5.0,0.6124
B004I3VNBK,1,5.0,0.9136
B004I3VXJC,1,5.0,0.9136
B004I3XLFQ,1,5.0,0.6124
B004I3Y4IE,13,3.4615,0.7721
B004I3ZIF2,1,5.0,0.9136
B004I41J8G,1,5.0,0.9136
B004I41T7C,1,3.0,0.651
B004I45U4K,1,2.0,0.8932
B004I45VUI,2,4.0,0.89
B004I4AWJ8,1,4.0,0.8994
B004I4E37U,1,5.0,0.7906
B004I4EVUO,1,3.0,0.9231
B004I4QFVC,1,5.0,0.802
B004I573FS,1,4.0,0.926
B004I5FCUG,1,5.0,0.9781
B004I5H8C6,2,4.5,0.951
B004I5IC5I,1,5.0,0.9926
B004I5K82I,1,5.0,0.8727
B004I5KO9K,3,4.3333,0.7816
B004I5KOM2,3,3.0,0.8809
B004I5MU2O,1,3.0,0.8658
B004I5NB72,1,1.0,0.961
B004I613H6,1,1.0,0.93
B004I69KAS,1,5.0,0.9704
B004I69KBW,1,5.0,0.9704
B004I6OLKM,1,5.0,0.9042
B004I77U36,1,4.0,0.6597
B004I8CSUK,1,5.0,0.8442
B004I8L1SU,1,4.0,0.5859
B004I8N804,1,1.0,-0.0516
B004I8P2ZS,1,4.0,-0.296
B004I8R90Y,1,5.0,0.296
B004I8SY30,2,5.0,0.7239
B004I94NGG,1,2.0,0.7363
B004I9FK72,1,3.0,0.7506
B004I9WPTI,2,5.0,0.9185
B004IAG1YM,1,5.0,0.8519
B004IAIH5S,1,5.0,0.9624
B004IBXRIO,3,2.3333,0.2861
B004IF3TAQ,2,2.5,0.5233
B004IFKSLY,11,3.2727,0.2357
B004IG8A0Y,1,5.0,0.9216
B004IGGGUA,1,5.0,0.8658
B004IGP2DM,1,5.0,0.4404
B004IGW55U,1,5.0,0.8689
B004IGYAJ4,2,5.0,0.8154
B004IGYLC0,1,1.0,-0.4215
B004IGYQUW,1,5.0,0.8658
B004IH0KQU,1,5.0,0.8957
B004IH0KR4,2,5.0,0.7816
B004IJAT2S,1,5.0,0.9201
B004IJFZ54,25,4.56,0.8693
B004IJHY4Y,11,4.5455,0.8451
B004IJJQK4,14,4.4286,0.7758
B004IJK6YO,1,5.0,0.9712
B004IJM4P8,1,2.0,0.8176
B004IJM4PS,1,5.0,0.9483
B004IJMVQK,9,4.1111,0.7254
B004IJNAII,1,2.0,0.8225
B004IJQZQW,2,3.0,0.457
B004IJR8WM,1,5.0,0.8176
B004IJT8VG,2,4.0,0.7683
B004ILKODA,2,3.0,0.8574
B004ILOH7Y,6,4.8333,0.8306
B004ILPN86,1,5.0,0.8225
B004ILRC8U,1,5.0,0.9149
B004ILTEWM,1,5.0,0.9803
B004IMKMUE,1,5.0,0.802
B004IN0JF6,1,5.0,0.9254
B004IN28BY,1,5.0,0.9799
B004IN28EG,1,4.0,0.9753
B004IN28IM,1,5.0,0.9623
B004IN2O2C,2,5.0,0.3546
B004IN43SU,1,5.0,0.9313
B004IN43TO,1,1.0,-0.5994
B004IN43U8,1,5.0,0.9001
B004IN43VC,2,4.5,0.7972
B004IN44NY,1,1.0,0.0772
B004IN44U2,1,5.0,0.926
B004IN4LLO,5,5.0,0.6605
B004IN4LXC,2,1.0,-0.2474
B004IN4N8K,2,5.0,0.7846
B004IN4N8U,2,4.0,0.6893
B004IN7CBK,2,4.0,0.5639
B004IN7CJ2,1,3.0,0.9153
B004IN7E0O,3,5.0,0.8291
B004IN7U2G,2,4.0,0.8106
B004IN8YPS,1,5.0,-0.1352
B004INAQMM,2,4.5,0.9849
B004INAQTK,1,4.0,0.6478
B004INEW3Q,1,5.0,0.9951
B004INEW6S,1,3.0,0.2028
B004INEWHC,1,4.0,0.8271
B004INIUPC,1,5.0,0.9217
B004INIV5G,1,5.0,0.9169
B004INKHQM,1,5.0,0.9678
B004INMOUE,1,4.0,-0.4417
B004INN58E,1,5.0,0.6341
B004IO5XWE,1,5.0,0.9643
B004IOVWN8,1,4.0,0.9923
B004IRCHKW,15,3.9333,0.808
B004IRCHQG,8,4.125,0.6395
B004IREFUM,16,3.8125,0.6818
B004IRGD3O,16,4.125,0.7717
B004IRGDFW,4,5.0,0.6088
B004IRPGVO,1,3.0,0.6808
B004IRRPYA,1,5.0,0.6249
B004IS42K4,5,4.4,0.9261
B004IS56Y0,3,4.6667,0.9034
B004IS56YA,1,5.0,0.9286
B004ITQM9W,1,5.0,0.7506
B004ITWDKO,1,5.0,0.8655
B004IUT9D2,1,5.0,0.9865
B004IV73VQ,1,5.0,0.9062
B004IWY46M,1,5.0,0.7579
B004IX9NJO,2,1.5,-0.0609
B004IXUN20,1,5.0,0.9423
B004IXUNF2,2,5.0,0.9322
B004IXWMG0,4,2.25,0.6084
B004IXWNEQ,1,5.0,0.9451
B004IXYLIC,1,5.0,0.9477
B004IXYLJ6,7,4.8571,0.9448
B004IXYLU0,1,1.0,0.9732
B004IY18QY,1,5.0,0.9136
B004IY18Y6,1,5.0,0.796
B004IY1MGU,2,4.0,0.8296
B004IZYMIY,1,4.0,0.9001
B004J04DRI,5,4.4,0.8602
B004J0PJ44,2,4.0,0.6566
B004J28DEK,1,5.0,0.9153
B004J29ZE2,2,5.0,0.8176
B004J29ZHE,1,5.0,0.9186
B004J2BEXW,1,5.0,0.9216
B004J2NF6Q,1,5.0,0.953
B004J402A6,1,1.0,0.8176
B004J49Z3G,1,5.0,0.948
B004J4F3PU,1,5.0,0.8519
B004J5DGJO,1,5.0,0.743
B004J64T3A,1,1.0,0.4922
B004JBBKMS,2,5.0,0.7964
B004JBS1W0,2,5.0,0.8073
B004JCGDQK,1,5.0,0.8122
B004JFCWHG,1,2.0,0.4276
B004JG0MN6,3,5.0,0.9056
B004JGQ15E,52,4.25,0.8955
B004JGQ15Y,21,3.8095,0.8526
B004JGQ16I,21,4.2857,0.8734
B004JJMWVI,3,4.0,0.8223
B004JJQG9W,1,5.0,0.3182
B004JJSK9G,1,5.0,0.4019
B004JJSKDC,1,5.0,0.9371
B004JJSKIW,1,5.0,0.765
B004JKJ87I,1,5.0,0.946
B004JKOBKC,1,5.0,0.9423
B004JL90RK,1,4.0,0.7328
B004JLCRNO,2,5.0,0.8419
B004JLCSB0,1,5.0,0.8378
B004JLGCOE,1,5.0,0.9735
B004JLGDJI,1,5.0,0.9062
B004JLGDJS,3,4.0,0.8264
B004JLGEDS,2,3.0,0.734
B004JLGEN8,1,5.0,0.8378
B004JLGENI,2,3.0,0.734
B004JLHTQ4,2,3.0,0.734
B004JLQ7IA,3,5.0,0.9284
B004JLRYC8,5,5.0,0.8823
B004JLRYWI,1,5.0,0.6124
B004JLU8D0,1,4.0,0.8696
B004JLXSZU,1,5.0,0.8658
B004JM3LN8,1,4.0,0.9538
B004JMHAXA,1,5.0,0.9802
B004JMKQYK,2,5.0,0.91
B004JOR6WS,1,5.0,0.8934
B004JP6ILW,1,5.0,0.9643
B004JPS4FA,2,5.0,0.861
B004JQR612,1,3.0,0.25
B004JQR6DK,1,5.0,0.6705
B004JQTAKW,1,1.0,-0.7717
B004JQTAXE,1,3.0,0.7269
B004JQTBEW,2,4.5,0.6594
B004JQTBII,1,2.0,0.9798
B004JQTBLU,1,4.0,0.7003
B004JQTE7Q,1,5.0,0.7003
B004JQTEIA,1,5.0,0.9561
B004JQVAKA,1,2.0,-0.6369
B004JQVASM,3,3.3333,0.3635
B004JQVAVO,1,5.0,0.886
B004JQVCWG,1,3.0,0.6908
B004JQXAI0,1,5.0,0.8622
B004JQXB66,1,1.0,0.6222
B004JQXB9I,1,5.0,0.7212
B004JQXBT8,1,5.0,-0.2023
B004JQZENY,1,1.0,-0.5095
B004JQZERU,1,4.0,0.7287
B004JR2PN0,1,5.0,0.8074
B004JR2SDC,2,4.0,-0.1603
B004JR4P7Y,2,3.0,0.7873
B004JR67XE,1,4.0,0.6369
B004JR8GJW,1,4.0,0.9442
B004JRAGEK,1,1.0,-0.5046
B004JRKEH4,52,3.9231,0.7587
B004JRMC4W,1,3.0,0.9828
B004JRMG98,41,3.439,0.8021
B004JRO182,1,5.0,0.6115
B004JRO1S2,38,3.6579,0.8405
B004JRSAJS,17,3.9412,0.6481
B004JRXZKM,31,3.1613,0.5554
B004JUF3K4,1,5.0,0.9601
B004JWQ130,1,5.0,0.9741
B004JWS0CA,4,4.0,0.4182
B004JX7OGW,2,5.0,0.4081
B004JX9LRC,1,5.0,0.9524
B004JXBHQK,3,2.3333,0.409
B004JXDCC2,2,3.0,0.5237
B004JXXVFU,2,4.5,0.9524
B004JZCMWG,1,5.0,0.9246
B004JZKQ8S,1,5.0,0.8378
B004JZS5KO,1,4.0,0.9628
B004JZZE9Y,3,4.6667,0.9689
B004K04L1K,1,5.0,0.6249
B004K051VE,1,5.0,0.8934
B004K0630W,6,4.6667,0.5826
B004K07LQM,2,4.5,0.6066
B004K0862K,5,4.0,0.4518
B004K0S6ZC,1,5.0,0.6369
B004K233QM,1,5.0,0.8225
B004K2511W,1,2.0,0.4019
B004K2IHUO,2,4.5,0.8314
B004K2KSH4,1,5.0,0.9779
B004K2M5OI,2,5.0,0.4886
B004K30HO2,34,4.0882,0.5448
B004K3EOFU,1,5.0,0.836
B004K3JQS0,1,2.0,0.6887
B004K3NCLW,1,5.0,0.1045
B004K3XLOU,1,5.0,0.8126
B004K3XUM8,1,5.0,0.9726
B004K4197U,1,5.0,0.9325
B004K41AAG,1,5.0,0.9618
B004K517BC,1,5.0,0.926
B004K53CDI,1,5.0,0.8221
B004K677KG,4,4.25,0.7868
B004K677OW,1,4.0,0.9873
B004K69JNO,1,5.0,0.6369
B004K6ATH4,1,5.0,0.8885
B004K6AVDG,1,5.0,0.7184
B004K6CW4M,1,5.0,0.9882
B004K6EWNG,1,5.0,0.8481
B004K6F2Z8,1,3.0,0.9217
B004K6G932,1,5.0,0.8225
B004K75F0Y,1,5.0,0.7003
B004K76JFY,2,2.5,-0.1424
B004K7AII8,1,2.0,0.5994
B004K7AIIS,1,5.0,0.7351
B004K7O1BS,1,5.0,0.7096
B004K9YK4E,1,5.0,0.9753
B004KADBOI,1,2.0,0.0258
B004KARTKU,2,5.0,0.8928
B004KAT9HQ,2,5.0,0.9471
B004KBHEQI,2,3.0,0.8249
B004KBMPV2,1,5.0,0.9274
B004KBP8KC,1,5.0,0.886
B004KC23U4,3,5.0,0.7505
B004KDVIDG,1,4.0,0.9158
B004KE6I26,1,5.0,0.6908
B004KENQOY,2,4.5,0.898
B004KEOLRU,1,4.0,0.6845
B004KERWXU,2,4.5,0.6564
B004KET4LS,1,4.0,0.3976
B004KFHGUI,1,5.0,0.7096
B004KI5LZ2,1,3.0,0.7783
B004KKXHXS,1,1.0,-0.4215
B004KKXI0A,1,2.0,0.8442
B004KKXI0K,3,3.6667,0.8368
B004KKXI0U,1,4.0,0.7906
B004KL8C0U,1,5.0,0.6115
B004KMSRCW,1,3.0,0.6908
B004KND0HS,5,4.2,0.7459
B004KNIASW,2,2.5,0.653
B004KNMTKW,1,4.0,0.9222
B004KNTC8O,1,5.0,0.9459
B004KNTICE,2,3.0,0.1893
B004KOH7RG,1,4.0,0.6705
B004KPEJDK,4,3.75,0.6867
B004KPFUCO,1,5.0,0.7806
B004KPQQ2W,1,5.0,0.765
B004KRCJTO,1,5.0,0.89
B004KSYLM6,1,5.0,0.9726
B004KTYHUQ,1,5.0,0.9022
B004KU4SYA,1,5.0,0.8519
B004KUEZOI,1,1.0,0.0
B004KUV136,6,5.0,0.9244
B004KVBMN4,2,3.0,0.4818
B004KVGOI2,1,5.0,0.3182
B004KZGUEG,1,5.0,0.4767
B004L0362Y,1,5.0,0.8885
B004L04UNI,2,5.0,0.859
B004L075QM,2,5.0,0.156
B004L0LZKO,1,5.0,0.7928
B004L0R0HG,1,5.0,0.9524
B004L112EC,1,5.0,0.6369
B004L173WC,2,5.0,0.891
B004L2IXKM,1,2.0,0.9451
B004L2NXCU,1,5.0,0.9903
B004L2XXCU,5,4.4,0.8155
B004L305N4,1,5.0,0.5859
B004L305RA,1,1.0,0.9169
B004L305RK,2,4.5,0.8842
B004L321C2,1,4.0,0.9085
B004L34JOK,1,5.0,0.5413
B004L35LEC,4,3.25,0.8927
B004L36GMI,2,3.5,0.3184
B004L3WWOO,1,5.0,0.4404
B004L3Z0TI,1,5.0,0.9711
B004L44PHU,1,5.0,0.9393
B004L5148C,1,5.0,0.9846
B004L54ST4,2,3.5,0.8997
B004L5DJZI,3,5.0,0.8816
B004L5NFT8,12,4.1667,0.7532
B004L5SXHM,1,1.0,-0.0258
B004L5UCQ2,1,5.0,0.9349
B004L5Y6Y6,1,5.0,0.886
B004L609D2,1,2.0,0.7906
B004L6ORCG,1,1.0,0.5574
B004L72F1U,1,5.0,0.0139
B004L9249G,1,5.0,0.9421
B004LARVMA,1,3.0,0.9747
B004LAYP92,1,5.0,0.9477
B004LB7A5W,1,5.0,0.9828
B004LBD14Q,1,5.0,0.8979
B004LBO81Q,1,5.0,0.9319
B004LBZQBC,1,3.0,0.9932
B004LC4BOE,1,5.0,-0.5423
B004LC6KV6,1,4.0,0.8665
B004LC72WC,1,4.0,0.8658
B004LC9AI6,1,1.0,0.8481
B004LCAJKO,1,1.0,-0.7818
B004LDEYFE,1,5.0,0.946
B004LDHEKQ,3,3.6667,0.8918
B004LEMPYA,1,3.0,0.9222
B004LGBJKE,1,5.0,0.6369
B004LGZNS8,1,3.0,0.6962
B004LHZMJC,1,1.0,-0.8471
B004LJM08Q,1,5.0,0.5994
B004LJYDXG,2,5.0,0.7418
B004LKDDXQ,2,5.0,0.7481
B004LKVRKM,3,5.0,0.8525
B004LKVRLG,2,5.0,0.795
B004LKWASA,1,2.0,0.246
B004LKWH7Y,1,1.0,-0.4502
B004LKXDZY,1,5.0,0.9917
B004LKXVZ6,1,5.0,0.9726
B004LKY7NG,4,5.0,0.7658
B004LKZVFY,1,5.0,0.743
B004LKZWNU,2,5.0,0.0888
B004LL00VS,2,5.0,0.8407
B004LL00WM,2,5.0,0.9012
B004LL00Z4,2,5.0,0.9516
B004LL1J2W,1,5.0,0.9468
B004LL27XC,1,5.0,0.802
B004LL34Y8,1,5.0,0.9246
B004LL3T0C,2,3.5,0.7101
B004LL46Y0,4,4.0,0.341
B004LL4M94,1,5.0,0.9477
B004LL4N3O,1,4.0,0.9723
B004LL4YOM,2,3.5,0.8393
B004LL5DC4,2,2.5,0.7419
B004LL5O46,3,3.6667,0.8314
B004LL7AL6,3,4.0,0.8153
B004LL7GHO,6,3.3333,0.5505
B004LL8JGG,1,4.0,0.988
B004LL97EO,10,4.5,0.7804
B004LL983O,2,1.5,0.869
B004LL9N0M,1,1.0,0.9231
B004LLAYA0,3,4.0,0.921
B004LLAYAA,1,3.0,0.9473
B004LLAYAU,1,5.0,0.9218
B004LLAYC8,5,3.0,0.5295
B004LLBVXY,1,5.0,0.7003
B004LLD27M,4,5.0,0.9268
B004LLKK8G,2,4.5,0.9369
B004LLL1PC,1,5.0,0.872
B004LLMODU,1,4.0,0.8807
B004LLQTYK,1,4.0,0.9676
B004LM16XI,3,5.0,0.9115
B004LM46EO,1,5.0,0.926
B004LM46JE,1,3.0,0.3182
B004LM9KHW,1,5.0,0.891
B004LO5ECA,2,5.0,0.8087
B004LO9MK0,1,5.0,0.9442
B004LOABSC,4,3.5,0.3735
B004LOBLTU,7,4.4286,0.8275
B004LOEXGS,1,3.0,-0.7717
B004LOGKO6,1,5.0,0.991
B004LOIEVS,3,5.0,0.8515
B004LOJGBU,2,3.0,0.8952
B004LQESES,4,4.0,0.7966
B004LQIPO2,1,5.0,0.8658
B004LQJJME,1,4.0,0.8658
B004LQJJNS,2,3.5,0.9272
B004LQRNT0,3,5.0,0.7049
B004LQRQL0,1,5.0,0.9081
B004LQRQU6,1,5.0,0.9661
B004LRPKJY,2,3.5,0.9482
B004LRZXX2,1,2.0,0.8779
B004LS30TK,1,1.0,0.3182
B004LS4PRG,1,5.0,0.8999
B004LS6Q5K,1,5.0,0.9565
B004LS830Q,5,1.2,0.0356
B004LSNY96,1,3.0,-0.3182
B004LTGN8O,1,1.0,0.3182
B004LTO6HY,1,5.0,0.9246
B004LUV414,3,5.0,0.8681
B004LW8AH8,1,5.0,0.9337
B004LW8VA4,3,4.0,0.6507
B004LW8VL8,3,5.0,0.7845
B004LWAPGM,1,5.0,0.9041
B004LWCS08,2,4.5,0.9618
B004LWCS1C,1,5.0,-0.7021
B004LWCSDK,1,5.0,0.7485
B004LWCSDU,1,5.0,0.3612
B004LWCSHQ,2,4.0,0.5925
B004LWEA7C,1,5.0,0.9548
B004LWGLCY,1,5.0,0.9413
B004LWINIE,1,5.0,0.1263
B004LWJFG8,1,2.0,0.3818
B004LWL9ZS,1,5.0,0.9412
B004LWP5YE,3,4.3333,0.918
B004LXPYWG,2,5.0,0.7964
B004LY5R72,2,3.0,0.6842
B004LYKAIS,1,5.0,-0.7845
B004LYODHM,1,2.0,0.8481
B004LYXLA2,1,5.0,0.765
B004M050W2,1,5.0,0.9559
B004M0ES98,2,5.0,0.9802
B004M0J2GW,7,4.5714,0.8095
B004M0LLHU,1,5.0,0.9758
B004M0PIEM,1,2.0,0.5859
B004M0TRG2,1,3.0,0.8779
B004M0VCYC,1,3.0,0.0516
B004M0VD00,1,3.0,-0.4588
B004M0WTXU,1,4.0,0.7906
B004M0XU4M,1,5.0,0.2732
B004M0Y8H0,1,5.0,0.9423
B004M0Y8JI,1,5.0,0.8724
B004M0Y8T8,6,4.3333,0.6626
B004M0ZX8S,2,3.5,0.8132
B004M1236M,2,3.5,0.8337
B004M13JQ0,1,4.0,0.3612
B004M13LU4,1,5.0,0.6984
B004M13LUE,1,3.0,0.8932
B004M14HWA,2,4.0,0.8171
B004M16MX2,1,5.0,0.9468
B004M1DJUG,3,5.0,0.8691
B004M1PQKC,1,4.0,0.9505
B004M1R4TI,3,4.3333,0.9124
B004M1UKB2,1,5.0,0.9729
B004M3DPXA,1,5.0,0.765
B004M4A3QQ,1,4.0,0.8225
B004M4C7T2,1,5.0,0.7783
B004M4DM2I,1,5.0,0.5888
B004M4EYOS,1,2.0,0.5994
B004M4L0M2,1,5.0,0.8625
B004M5FN0G,1,1.0,0.2732
B004M5XUGK,5,4.0,0.8146
B004M62COU,8,3.875,0.6771
B004M62D5S,20,4.4,0.7408
B004M63EI8,6,4.5,0.3647
B004M6FNK0,1,5.0,0.9854
B004M6GB9M,1,1.0,-0.5849
B004M71GPU,1,2.0,0.1779
B004M7TZCQ,1,5.0,0.9565
B004M7ZG6K,1,5.0,0.765
B004M8BV0E,1,5.0,0.9468
B004M8DPZ8,1,3.0,-0.3818
B004M8DQ3O,1,1.0,0.7717
B004M8FXNA,3,2.3333,0.5362
B004M8FXNK,2,3.0,0.6321
B004M8FY9S,1,3.0,0.3612
B004M8FYVG,5,4.6,0.9218
B004M8G0SC,4,4.5,0.9354
B004M8HB9Y,2,4.5,0.8518
B004M8J9HQ,3,5.0,0.5773
B004M8J9Y4,2,5.0,0.8046
B004M8JA02,4,3.75,0.6044
B004M8JA98,1,5.0,0.4939
B004M8JA9I,1,5.0,0.9062
B004M8KV6Y,2,1.0,0.7514
B004M8KVM8,1,1.0,-0.9287
B004M8KYCK,2,3.0,0.0535
B004M8M54A,3,4.6667,0.8718
B004M8MI06,2,5.0,0.8352
B004M8MSAQ,2,3.0,0.4492
B004M8NT5Y,2,5.0,0.8095
B004M8NTCC,3,4.3333,0.9662
B004M8O3BI,2,5.0,0.8742
B004M8OB8S,1,5.0,0.9623
B004M8PNQM,1,5.0,0.936
B004M8PZ9W,2,5.0,0.7512
B004M8VJGA,1,5.0,0.8723
B004MA047S,1,5.0,0.9887
B004MA04LY,4,4.0,0.4856
B004MA3J8Y,7,3.2857,0.1582
B004MAQSD2,1,5.0,0.7269
B004MB8J4W,2,4.5,0.7814
B004MBJPV8,1,1.0,0.6369
B004MC0CNW,12,4.4167,0.9204
B004MDQSDO,1,5.0,0.7655
B004ME0L6I,1,5.0,0.875
B004MFKFSQ,1,1.0,0.5574
B004MFNGEQ,2,3.0,0.9006
B004MFWJ94,3,4.6667,0.9398
B004MG45SQ,1,5.0,0.743
B004MGOUCW,1,1.0,0.4588
B004MJDKZC,1,5.0,0.9451
B004MJMSL4,2,4.5,0.6098
B004MJS4QC,1,5.0,0.9571
B004MK63YQ,1,5.0,0.8402
B004MKCAE8,1,5.0,0.996
B004MKT7AI,1,4.0,0.4939
B004MLCPBK,1,1.0,0.296
B004MLK4C2,1,4.0,0.8689
B004MMOGMA,1,5.0,0.9627
B004MNEOYY,1,1.0,-0.886
B004MNH6Y4,1,5.0,0.9923
B004MO3AUW,1,5.0,-0.4404
B004MO6NI8,39,3.6154,0.7551
B004MPA8P6,3,3.3333,0.5467
B004MPDH5Y,1,5.0,0.8885
B004MS0LZU,1,5.0,0.6369
B004MTHTJ0,1,4.0,0.9153
B004MTMYNQ,1,5.0,0.4588
B004MTRHN8,1,4.0,0.7845
B004MTRIOG,1,5.0,0.4939
B004MTRTN6,1,5.0,0.9514
B004MTV2GQ,1,5.0,0.6597
B004MULU0S,1,5.0,0.9739
B004MVFTSQ,2,3.0,0.8462
B004MVUAWQ,1,5.0,0.8553
B004MXOD6I,1,5.0,0.8979
B004MXSHA6,2,4.5,0.449
B004MZ40DW,2,3.0,0.3478
B004N1AXFE,1,4.0,0.4767
B004N1S3Q0,1,3.0,0.3612
B004N2LP1E,1,5.0,0.802
B004N58QUE,2,5.0,0.7428
B004N58ZRI,1,1.0,-0.8126
B004N5AVKC,1,5.0,0.9799
B004N5AW1K,1,5.0,0.7845
B004N5C7FE,8,3.625,0.7083
B004N5CER0,1,5.0,0.8727
B004N5CF8I,3,5.0,0.8816
B004N5CFD8,2,5.0,0.8496
B004N5DHDU,4,2.0,0.8472
B004N5DHNU,2,4.5,0.9122
B004N5F7Q0,1,1.0,-0.6597
B004N5FG5W,2,3.0,0.4029
B004N5FG66,1,5.0,0.6801
B004N5G3OA,12,4.4167,0.7702
B004N5HKB0,1,5.0,0.8558
B004N5HL0A,1,5.0,0.7722
B004N5HL9Q,1,5.0,0.5566
B004N5ILBI,3,2.3333,0.8412
B004N5IWP8,1,1.0,0.0
B004N5J482,1,5.0,0.9278
B004N5J568,4,5.0,0.9161
B004N5J5DQ,1,5.0,0.0516
B004N5J5Y0,1,1.0,-0.5574
B004N5J60I,1,5.0,0.7906
B004N5J60S,1,1.0,-0.7184
B004N5KIV4,1,5.0,0.9287
B004N5KIXC,2,4.5,0.7958
B004N5KTIQ,1,5.0,0.9201
B004N5KTP4,1,5.0,0.8402
B004N5KUFS,1,1.0,0.7269
B004N5KULM,1,3.0,0.4404
B004N5KUO4,3,5.0,0.8025
B004N5MDWQ,1,5.0,0.9382
B004N5MDY4,1,5.0,0.9652
B004N5UL3O,2,4.0,0.6488
B004N6GOFM,1,5.0,0.5574
B004N6YG5M,1,5.0,0.9723
B004N71J7O,2,4.5,0.9516
B004N71TRY,1,2.0,0.3182
B004N8EW7M,1,5.0,0.8074
B004N8LMFM,5,4.4,0.8939
B004N8S36S,1,5.0,0.9729
B004N9BUIU,1,5.0,0.9136
B004N9V5YY,1,5.0,0.8957
B004N9WYU8,1,3.0,0.8276
B004NB53WM,1,5.0,0.9712
B004NB79VU,2,3.0,0.862
B004NB7A1O,1,1.0,-0.5106
B004NB8MSE,1,4.0,0.0
B004NBA1NI,2,3.5,0.1462
B004NBCQUO,2,4.5,0.8635
B004NBDCD4,2,4.5,0.853
B004NBITK0,1,5.0,0.9118
B004NC82MO,3,5.0,0.9604
B004NC82MY,1,4.0,0.9709
B004NC9G9M,1,5.0,0.9041
B004NC9GD8,1,3.0,-0.91
B004NCBF46,2,3.0,0.4172
B004NCBF4Q,1,4.0,0.937
B004NCBZQO,4,5.0,0.9198
B004NCD8ZK,2,4.5,0.704
B004NCEFNE,1,5.0,0.9517
B004NDV46E,2,2.5,0.7312
B004NE2E9O,1,5.0,0.9477
B004NE3VCS,1,5.0,0.743
B004NEOLIG,2,2.5,0.1986
B004NFECZM,2,5.0,0.9357
B004NFG2XW,1,5.0,0.9186
B004NG1RWM,2,5.0,0.7814
B004NJIISK,1,3.0,0.8957
B004NM9YW6,11,4.9091,0.8238
B004NNBUWM,1,5.0,0.9412
B004NNDDTU,4,3.75,0.4622
B004NNDDVI,1,5.0,0.6344
B004NNDHNC,1,5.0,0.27
B004NNEYUC,6,4.1667,0.8926
B004NNFEA6,1,5.0,0.4404
B004NNHFZS,2,5.0,0.7996
B004NNJUZG,3,5.0,0.9003
B004NNJYFM,1,5.0,0.7845
B004NOZQGM,1,1.0,-0.4588
B004NOZRA2,4,4.75,0.9478
B004NPSPXW,2,5.0,0.8292
B004NPUTN6,1,5.0,0.0
B004NPUTSQ,1,5.0,0.9451
B004NPZYJA,1,5.0,0.996
B004NRCDOC,1,5.0,0.8176
B004NRHBBM,3,5.0,0.888
B004NRHBC6,1,5.0,0.9862
B004NRJZ2K,1,5.0,0.91
B004NRLAVY,2,4.0,0.2116
B004NRLB8G,1,5.0,0.7269
B004NRTVXI,1,5.0,0.9278
B004NSA942,1,5.0,0.2732
B004NSETRU,1,5.0,0.8271
B004NSF2YY,1,5.0,0.0
B004NSF3BQ,1,5.0,0.7675
B004NSH6O8,5,4.6,0.9647
B004NSKWMQ,5,4.6,0.9507
B004NSM65W,1,5.0,0.9543
B004NTR9R6,1,3.0,0.8201
B004NUG6DS,1,3.0,0.9313
B004NV44AE,3,5.0,0.8829
B004NW878I,1,4.0,0.0
B004NYDPCO,1,4.0,0.9445
B004NYO8GQ,1,4.0,-0.2862
B004NZ0JIQ,5,5.0,0.6519
B004NZ0JUE,1,5.0,0.926
B004NZ45E0,1,5.0,0.7964
B004NZ4626,1,1.0,0.0
B004NZMIFS,2,5.0,0.6367
B004O2L2XE,1,5.0,0.0
B004O3EGHC,1,5.0,0.7579
B004O3LKEO,1,5.0,0.9804
B004O3QTUY,3,5.0,0.8997
B004O3T92Y,1,5.0,0.9698
B004O45I46,1,5.0,0.5719
B004O5VEZM,1,2.0,0.4588
B004O5XB9E,1,2.0,0.8271
B004O5XB9Y,1,4.0,0.9022
B004O5Y59O,3,3.6667,0.4776
B004O626IA,1,5.0,0.9648
B004O628EW,2,2.5,0.864
B004O6JE26,1,5.0,0.9851
B004O736HY,5,3.8,0.3988
B004O9VN72,1,5.0,0.4404
B004OA5ZMU,1,5.0,0.7269
B004OA8SMO,1,4.0,0.9517
B004OAZ36I,50,2.82,0.4401
B004OBELOM,1,2.0,0.8522
B004OCAKP0,1,3.0,0.9022
B004OCDLQ0,1,4.0,0.7964
B004OCGBNK,1,5.0,0.9153
B004OCIUDO,1,5.0,0.765
B004OCK2Z8,1,5.0,0.4767
B004OCLTGY,2,5.0,0.5519
B004OE2Z3I,2,5.0,0.8795
B004OFAX5Y,1,5.0,0.9682
B004OG1X0W,1,5.0,0.7096
B004OG3S7I,1,5.0,0.872
B004OGELRY,1,3.0,0.8889
B004OGIHUQ,3,5.0,0.7008
B004OHGOY6,2,5.0,0.1804
B004OHKKCI,1,5.0,0.9249
B004OHOGBY,1,1.0,0.7096
B004OKXSXI,1,5.0,0.7506
B004OKY7TM,1,5.0,0.8984
B004OKZGZ6,2,5.0,0.9396
B004OLIL6Q,5,4.4,0.5753
B004OLKF60,6,4.6667,0.8815
B004OLKF6K,5,4.2,0.777
B004OLKF74,2,5.0,0.8598
B004OM96Y6,1,5.0,0.8281
B004OOTSIS,1,5.0,0.9545
B004OOVXFO,1,5.0,0.9274
B004OP74HE,1,5.0,0.9382
B004OPADLI,1,3.0,-0.5719
B004OPJEUE,2,4.0,0.1281
B004OQ257C,5,4.0,0.603
B004OQ257M,9,3.4444,0.7857
B004OQ7A6I,5,3.4,0.7702
B004OQADMQ,2,5.0,0.9398
B004OQBC8K,33,4.5455,0.7931
B004OQJQ2O,3,3.3333,0.8096
B004OQLIHK,1,5.0,0.8519
B004OR0UXM,1,5.0,0.9332
B004OSALA8,1,5.0,0.9287
B004OT71PA,2,5.0,0.9676
B004OTYUH2,2,3.0,0.9525
B004OTZVRU,1,2.0,0.7502
B004OUJ7QK,1,5.0,0.9482
B004OUTLRA,1,1.0,-0.9337
B004OUX2RU,3,3.6667,0.3031
B004OUYOFO,1,5.0,0.93
B004OUYS0U,1,5.0,0.9545
B004OV0RYK,1,1.0,-0.835
B004OV2M02,1,2.0,0.7351
B004OV2Q5S,1,2.0,0.8411
B004OV2Q8A,1,1.0,-0.7844
B004OV3VG6,1,5.0,0.872
B004OV3VGQ,1,1.0,0.0772
B004OV6X6Q,13,3.9231,0.9394
B004OVATO8,16,4.5,0.9615
B004OVATOI,12,3.9167,0.7781
B004OVFWV8,2,5.0,0.1897
B004OVH3LU,1,2.0,0.8957
B004OVWQDA,24,4.5833,0.8835
B004OW342G,19,4.8421,0.7856
B004OW4LAU,1,5.0,0.9095
B004OW6XME,1,5.0,0.9565
B004OW95X8,1,5.0,0.914
B004OX8QIW,1,5.0,0.9403
B004OXCCNC,1,5.0,0.8342
B004OXD9ZC,1,3.0,0.9423
B004OY6L9M,1,5.0,0.6597
B004OY787Q,3,4.0,0.4056
B004OYEBPS,1,5.0,0.6808
B004OYT8B0,1,3.0,0.6808
B004P0QYEW,1,5.0,0.5994
B004P0X3RS,3,3.3333,0.2961
B004P0X3VE,1,5.0,0.9217
B004P0YZFM,2,5.0,0.866
B004P13CN2,5,4.2,0.8067
B004P151HW,1,4.0,-0.296
B004P27KYS,1,5.0,0.6597
B004P36YN0,1,5.0,0.9117
B004P3B1OC,1,1.0,-0.34
B004P3J3JC,4,2.25,0.5382
B004P4POZ8,47,4.8085,0.8377
B004P4RCI0,1,5.0,0.9618
B004P4TL8E,19,4.2632,0.6599
B004P62S8W,1,1.0,-0.2467
B004P6ITR6,1,3.0,0.9047
B004P7JBZ4,1,5.0,0.9062
B004P7QDDC,4,3.5,0.8875
B004P7QDFK,2,1.5,0.6777
B004P7QDJ6,2,3.5,0.89
B004P7QDLY,3,3.3333,0.9072
B004P7QDQO,2,5.0,0.8571
B004P7QDR8,1,5.0,0.6808
B004P7R9Z8,3,4.3333,0.9387
B004P7RAB6,1,5.0,0.7906
B004P7T7RQ,3,4.3333,0.4256
B004P7T7YO,2,3.0,0.2751
B004P7T7YY,3,3.0,0.5297
B004P7V8RS,1,5.0,0.7269
B004P7V8VE,1,2.0,0.9235
B004P7V8XW,1,5.0,0.926
B004P8DDYS,1,2.0,0.9275
B004P8FUXA,2,4.5,0.8242
B004P8JMYI,2,3.5,0.8976
B004P8JMZC,1,2.0,0.0
B004P8JNDS,3,4.0,0.9593
B004P8JNEC,1,5.0,0.5994
B004P8JNEM,2,5.0,0.951
B004P8JNEW,1,5.0,0.93
B004P8JNFQ,1,5.0,0.743
B004P8JNG0,1,5.0,-0.3182
B004P8JNGK,1,2.0,-0.7783
B004P8JNP6,1,5.0,0.9802
B004PAQOCY,2,1.5,0.6073
B004PBKEHO,1,4.0,0.5994
B004PDE626,2,5.0,0.9395
B004PDE6P8,1,5.0,0.4754
B004PDIRDA,1,5.0,0.5563
B004PE5HNW,1,3.0,0.0516
B004PE9UR6,1,3.0,0.0
B004PEBGSM,1,5.0,0.9081
B004PEGI7G,1,1.0,0.7245
B004PEGIJY,2,4.5,0.9475
B004PEK9F8,5,4.2,0.6097
B004PEKEI0,2,5.0,0.4306
B004PEKELM,5,3.6,0.5506
B004PELXC6,6,4.3333,0.8138
B004PEN59U,3,5.0,0.9062
B004PENLO4,2,5.0,0.7402
B004PENRO8,1,5.0,0.8968
B004PENTHI,1,5.0,0.9337
B004PEWOZG,1,5.0,0.6957
B004PJ0AMU,1,5.0,0.9702
B004PJ6Y02,2,4.5,0.4646
B004PJALPQ,1,5.0,0.9274
B004PK8Q02,1,5.0,0.5574
B004PLUEHO,1,4.0,0.802
B004PQ5UV4,1,5.0,0.9042
B004PR2OYE,3,2.6667,0.695
B004PVAJ7O,2,5.0,0.9488
B004PWRO8U,1,5.0,0.8225
B004PX6TOE,2,5.0,0.7854
B004PX81RM,1,5.0,0.9403
B004PX81TK,1,1.0,-0.7572
B004PX9JPA,5,4.0,0.4433
B004PX9JPK,1,3.0,0.9056
B004PX9JPU,2,2.0,-0.0019
B004PX9JQ4,3,3.3333,0.7609
B004PXBBOM,1,5.0,0.8977
B004PXBBP6,2,2.0,-0.086
B004PXNV2M,1,4.0,0.7178
B004PXUWJM,1,2.0,0.4129
B004PYZPFW,1,4.0,0.7506
B004PZAYKW,2,2.5,0.1362
B004PZIZFS,1,5.0,0.8934
B004PZNZ1M,1,1.0,-0.6705
B004PZOSS6,2,2.5,0.0129
B004Q138TO,2,4.5,0.9216
B004Q3LBTG,27,3.2963,0.7847
B004Q3PNNQ,1,4.0,0.7845
B004Q3UQFQ,6,5.0,0.888
B004Q3WIUC,1,4.0,0.0772
B004Q44M3C,2,4.5,0.6948
B004Q48IPA,1,1.0,0.8979
B004Q4AQDW,1,5.0,0.8636
B004Q4AQVY,1,5.0,0.992
B004Q4AQWS,1,1.0,-0.5553
B004Q4DOXG,2,4.5,0.9631
B004Q5L1OO,1,5.0,0.9396
B004Q5Z9H4,1,5.0,0.9118
B004Q69V9K,3,4.6667,0.5174
B004Q6J4GU,1,5.0,0.875
B004Q6VZHQ,4,5.0,0.894
B004Q6ZUPY,1,1.0,-0.4767
B004Q70FAI,6,4.1667,0.5025
B004Q771T6,1,4.0,0.9578
B004Q7BVY2,1,5.0,0.9516
B004Q7GKU2,2,3.0,0.7163
B004Q7IX2A,4,3.75,0.2876
B004Q7MBGO,1,5.0,0.765
B004Q8N9E6,1,5.0,0.8126
B004Q8PDHM,1,5.0,0.875
B004Q9QIPM,6,3.8333,0.592
B004QBI5QA,1,1.0,-0.0516
B004QBI6GE,1,3.0,0.9201
B004QC7VDW,1,5.0,0.0258
B004QD7W58,1,5.0,0.9517
B004QDA8WC,15,4.0667,0.7338
B004QDQZJC,1,4.0,0.872
B004QGYSHA,1,5.0,0.6908
B004QH1E3K,1,5.0,0.7351
B004QH3C7Q,1,5.0,0.6369
B004QI98PA,2,3.5,0.5262
B004QILIB2,1,4.0,0.8159
B004QJ2SVK,1,1.0,-0.8402
B004QJGKDC,1,5.0,0.9543
B004QJVHL2,1,5.0,0.9413
B004QK24C2,1,5.0,0.946
B004QK5J8S,1,1.0,0.0516
B004QKNWU0,1,5.0,0.9259
B004QKPCYE,8,4.625,0.8471
B004QKRHKG,1,5.0,0.9442
B004QLX0LA,2,4.5,0.62
B004QLZH5C,1,2.0,0.2728
B004QM2J3Y,1,2.0,0.0
B004QNASF4,1,5.0,0.7184
B004QPT0CO,1,5.0,0.0772
B004QQ1GKC,1,5.0,0.9325
B004QQ7ZWU,1,5.0,0.5994
B004QQA1U8,1,5.0,0.9259
B004QSV9RK,4,5.0,0.929
B004QSX5WW,1,4.0,0.9559
B004QT8HHO,6,2.3333,0.643
B004QTAFVK,1,1.0,-0.2263
B004QTZNEE,1,2.0,0.93
B004QVYW5S,1,4.0,0.9658
B004QWM8FI,1,5.0,0.8655
B004QWW2GI,1,5.0,0.7351
B004QXEYQI,1,2.0,0.4019
B004QXF0GQ,1,5.0,0.9201
B004QXGUBU,1,5.0,0.822
B004QXKOJ4,1,5.0,0.4215
B004QXM8U2,1,5.0,0.7717
B004QXMO7O,1,5.0,0.8126
B004QXUIO0,3,5.0,0.7478
B004QYZPCE,1,5.0,0.7568
B004QZKZ0A,1,5.0,0.9742
B004R0I0FG,1,1.0,0.34
B004R0LEZY,1,2.0,0.6705
B004R0NN1C,1,5.0,0.6369
B004R2D81U,1,5.0,0.979
B004R43L6U,1,5.0,0.9904
B004R6AV84,1,5.0,0.5719
B004R6EP2W,1,5.0,0.5994
B004R6HZUQ,1,5.0,-0.4767
B004R6V660,1,4.0,0.8126
B004R6WYOS,1,1.0,0.128
B004R72WAS,1,4.0,0.7184
B004R7N8GA,1,5.0,0.296
B004R8E8RC,1,3.0,-0.25
B004R8E97G,1,5.0,0.839
B004R8FKO2,6,3.6667,0.9193
B004R8G8HK,1,5.0,0.4404
B004R8J8E0,20,4.25,0.7447
B004R8J8EK,3,3.3333,0.9202
B004R8L6NQ,2,1.5,0.477
B004R8L712,1,1.0,-0.4939
B004R8L71W,21,3.8571,0.6668
B004R8L730,1,5.0,0.9081
B004R8SG20,1,4.0,0.9274
B004R8VPAK,1,5.0,0.7579
B004R9GFJU,2,5.0,0.8324
B004RA58FG,1,5.0,0.9538
B004RBE5Q8,1,5.0,0.8314
B004RBG322,1,4.0,0.9635
B004RBP2UG,1,4.0,-0.128
B004RBT8KG,7,3.7143,0.7074
B004RCLQOG,2,4.0,0.9276
B004RD4J08,1,4.0,0.9904
B004RDLE2Y,1,5.0,0.7841
B004RDRHAW,1,4.0,-0.34
B004RDRWQ6,1,1.0,0.4588
B004RFXGYG,1,4.0,0.8822
B004RGL34A,1,5.0,0.936
B004RGOV9E,1,5.0,0.9477
B004RGUA2Q,1,3.0,0.9349
B004RGV70U,4,5.0,0.8498
B004RGZN4Q,1,5.0,0.3612
B004RHN3L0,1,5.0,0.8074
B004RHULP6,1,5.0,0.856
B004RI3WII,1,5.0,0.6249
B004RI87IS,1,2.0,0.4404
B004RJAB68,1,4.0,0.8126
B004RN2HL6,1,1.0,0.8225
B004RO7AVM,1,5.0,0.9649
B004RO7NZ0,1,2.0,0.4201
B004ROBGLW,1,1.0,0.2732
B004ROIONU,1,5.0,0.8779
B004RREF5S,2,5.0,-0.0235
B004RSBJ24,2,5.0,0.8826
B004RTOWE0,1,5.0,0.9013
B004RTQURM,1,5.0,0.836
B004RUF8S8,1,5.0,0.9451
B004RUGYIQ,1,5.0,0.9496
B004RV8C5I,1,5.0,0.0
B004RYLQSA,3,5.0,0.9724
B004RYX8UO,2,4.5,0.8558
B004RZ0U36,1,5.0,0.4404
B004RZ63KK,5,4.2,0.8319
B004RZA6XA,1,5.0,0.7869
B004RZZLYE,1,3.0,0.4404
B004RZZLZ8,2,3.5,0.3938
B004RZZM0C,2,1.5,-0.0286
B004RZZM0M,1,4.0,0.9153
B004RZZM1G,1,5.0,0.872
B004RZZM20,1,3.0,-0.8692
B004S0332A,2,5.0,0.7249
B004S036D6,1,5.0,0.9931
B004S036E0,3,5.0,0.5993
B004S036HM,4,4.25,0.4704
B004S036MM,1,1.0,0.0
B004S04X4W,2,3.0,0.7784
B004S04X8I,1,5.0,0.3624
B004S04X9W,2,4.0,0.9106
B004S04XA6,1,2.0,0.902
B004S07FQU,1,2.0,0.9169
B004S07FR4,1,5.0,0.9601
B004S07FUQ,1,5.0,0.8779
B004S07FZG,1,5.0,0.9581
B004S07G2I,2,5.0,0.7764
B004S07G3W,2,3.0,0.3111
B004S07G46,1,5.0,0.8805
B004S07G50,2,4.0,0.3475
B004S07GN2,1,4.0,0.9382
B004S33FN4,1,2.0,-0.6437
B004S3FX3Y,1,5.0,0.9287
B004S5SQO0,1,5.0,0.9231
B004S5XQSG,1,4.0,0.8074
B004S5ZZBW,1,1.0,-0.25
B004S62TJM,1,4.0,0.8074
B004S67GUO,1,5.0,0.6369
B004S6RVUE,1,5.0,0.7184
B004S791PG,1,5.0,0.8689
B004S7EZWU,1,5.0,0.9001
B004S7F0VU,1,5.0,0.886
B004S7LGE0,2,3.0,0.7167
B004S7TZD4,1,4.0,0.6908
B004S891KU,2,4.0,-0.2818
B004S8UY1K,1,5.0,0.885
B004S8UYC4,2,5.0,0.884
B004S9L92W,1,5.0,0.6369
B004SAIOCO,1,1.0,-0.1531
B004SBEHFQ,1,5.0,0.4404
B004SC56MS,1,5.0,0.4404
B004SCBZWI,1,5.0,0.946
B004SCR3W4,1,4.0,0.9092
B004SEOUU0,3,5.0,0.8345
B004SEU95A,1,5.0,0.7096
B004SEU95U,2,3.5,0.9128
B004SEUA40,1,5.0,0.9584
B004SEXI1M,1,3.0,0.9472
B004SF38HK,1,5.0,0.9894
B004SFF28S,1,2.0,0.9169
B004SGAZIE,1,4.0,0.9723
B004SHMS56,1,5.0,0.8834
B004SHQW3U,2,3.0,0.2153
B004SHW9F0,1,2.0,0.8555
B004SI04C4,1,2.0,0.8555
B004SI6I9W,1,5.0,0.967
B004SI6M48,1,5.0,0.9053
B004SI9AWY,1,3.0,0.8122
B004SI9EXO,3,2.3333,0.5333
B004SI9KJW,1,4.0,0.0
B004SI9VY6,1,4.0,0.8766
B004SIC0AS,2,3.5,0.4026
B004SICI7S,1,5.0,0.4019
B004SIKU4G,3,4.6667,0.645
B004SISLJC,2,4.5,0.9862
B004SISLQ0,3,3.6667,0.8446
B004SJ8IUI,1,1.0,0.5859
B004SKITAG,1,5.0,0.9744
B004SKIU5K,1,3.0,0.9763
B004SKKL20,1,4.0,0.5279
B004SKKZGM,1,5.0,0.8939
B004SKOFVS,1,5.0,0.9744
B004SKOGHG,1,5.0,0.7845
B004SKOPUO,1,5.0,0.9601
B004SKP0MG,1,5.0,0.802
B004SKPQWA,1,5.0,0.9837
B004SKQ0KC,1,5.0,0.7506
B004SKVWHS,1,5.0,0.836
B004SKVWNW,8,4.375,0.8676
B004SKVWO6,2,4.0,0.6846
B004SKZWBK,2,3.0,0.0921
B004SNJK4W,1,1.0,-0.3612
B004SNMG3E,4,2.25,0.1283
B004SOEIT8,1,5.0,0.9337
B004SOLMX8,3,5.0,0.8671
B004SOXDFI,2,5.0,0.5993
B004SP5DT6,1,1.0,-0.4033
B004SPDI3Y,1,5.0,0.9022
B004SRFYMK,83,3.5181,0.6497
B004SRH2B6,79,3.8101,0.7074
B004SVIK5O,1,5.0,0.9661
B004SVLHSG,1,5.0,0.8555
B004SVLMBI,1,3.0,0.6369
B004SWTKQQ,3,3.3333,0.455
B004SYQ6C0,2,4.5,0.9802
B004T01HOK,1,2.0,0.802
B004T025G4,2,5.0,0.7916
B004T02T1A,1,1.0,0.2944
B004T05T3K,1,5.0,0.7717
B004T05TFI,2,2.5,0.2239
B004T0D0NG,1,5.0,0.9709
B004T0D0OA,1,5.0,0.802
B004T0DYXM,1,5.0,0.6249
B004T2I714,1,5.0,0.7783
B004T32TOY,1,5.0,0.9705
B004T330PQ,1,5.0,0.3642
B004T337ZE,2,5.0,0.8892
B004T33BOQ,1,5.0,0.7428
B004T33O48,1,5.0,0.8834
B004T34E4W,1,5.0,0.802
B004T34U7S,1,5.0,0.9508
B004T36J5Y,1,4.0,0.7645
B004T395J6,1,5.0,0.9313
B004T39IHK,1,5.0,0.5994
B004T39UNW,1,4.0,0.9595
B004T3AWRA,5,4.2,0.8376
B004T3BPVW,1,5.0,0.7732
B004T3EDAW,1,5.0,0.9531
B004T3QD14,1,1.0,0.128
B004T3QE4U,1,5.0,0.936
B004T3QMD8,33,4.0303,0.9157
B004T3QSLE,2,5.0,0.9202
B004T69CZA,1,3.0,0.4754
B004T7YEUM,1,5.0,0.6808
B004T7YL64,1,5.0,0.9186
B004T7ZERE,1,4.0,0.9186
B004T7ZESS,1,5.0,0.6369
B004T80BYE,10,4.4,0.9334
B004T80GF8,1,5.0,0.7579
B004T88BYQ,2,4.5,0.9548
B004T9XDFM,1,1.0,-0.1513
B004TDAPYU,1,2.0,0.9806
B004TDTZE6,2,3.5,0.8685
B004TDTZEG,1,5.0,0.9783
B004TDU0SG,2,4.0,0.8654
B004TEPH60,1,5.0,0.9412
B004TES39I,13,4.3077,0.7482
B004TEVBVU,1,5.0,0.7351
B004TEVHF0,1,1.0,-0.0422
B004TEW3KS,1,5.0,0.8885
B004TEXEYW,2,4.5,0.694
B004TEXKPU,1,1.0,0.946
B004TGQB90,1,2.0,0.9803
B004TGZRJA,10,4.7,0.8515
B004TH09WE,5,4.8,0.5518
B004TH0ECE,1,5.0,0.9719
B004THNPKM,1,4.0,0.1109
B004TI4SIE,10,4.9,0.8976
B004TJD6L8,1,4.0,0.9274
B004TJD72Q,1,3.0,0.4391
B004TJD758,6,4.6667,0.9187
B004TJDFCS,1,1.0,0.5106
B004TJF3BE,47,2.9787,0.4149
B004TJJO0A,2,3.5,-0.0559
B004TJJQK8,1,5.0,0.8555
B004TJJQL2,1,4.0,0.3612
B004TKZ7A0,2,4.0,0.975
B004TL0JVQ,1,5.0,0.7003
B004TLPGMI,3,4.3333,0.7282
B004TMAAT6,1,2.0,0.5845
B004TMBOGO,1,5.0,0.9477
B004TMGA5O,1,5.0,0.9246
B004TMGR98,1,5.0,0.9655
B004TMGRLG,1,5.0,0.9337
B004TMGS56,2,5.0,0.9025
B004TMGS9W,2,5.0,0.711
B004TMGSQ0,1,2.0,-0.9136
B004TMGUMW,3,4.0,0.2864
B004TMGUUY,2,2.5,0.8945
B004TMGV0S,3,4.6667,0.9108
B004TMJ4DY,1,5.0,0.9779
B004TNVSDW,2,3.5,0.2039
B004TNXDDU,1,5.0,0.9539
B004TPK2HS,1,5.0,0.6249
B004TPK2I2,1,5.0,0.9517
B004TPKAN4,49,4.1224,0.8886
B004TPUSTU,2,4.5,0.906
B004TPUT9Y,3,3.6667,0.8237
B004TPUTE4,1,5.0,0.9255
B004TPWRQW,2,5.0,0.8555
B004TPWRY4,1,3.0,0.7841
B004TPWSB6,1,5.0,0.9968
B004TPWSEI,1,5.0,0.9738
B004TQW18A,1,4.0,0.8625
B004TRUDHK,1,5.0,0.25
B004TSA47I,1,5.0,0.7003
B004TSEK1Y,1,4.0,0.2263
B004TSEWJO,1,5.0,0.9399
B004TSH7NC,1,5.0,0.9716
B004TV33JQ,1,5.0,0.3612
B004TV60QE,1,5.0,0.9694
B004TVRUX6,3,4.6667,0.7741
B004TX8DGM,1,5.0,0.6697
B004TYAP94,1,5.0,0.6997
B004TYY0SG,1,5.0,0.8807
B004TZITTQ,1,5.0,0.8766
B004U43ZO0,48,3.4167,0.7949
B004U49N14,1,5.0,0.3182
B004U49QU2,49,3.449,0.7927
B004U49QVG,1,5.0,0.8625
B004U49R24,2,3.5,0.6759
B004U49R2O,1,4.0,0.8625
B004U49R2Y,3,5.0,0.8467
B004U49T36,2,3.0,0.0806
B004U7302O,2,3.0,0.4488
B004U771H4,6,4.3333,0.865
B004U77ZDO,1,5.0,-0.7089
B004U7HWIM,1,5.0,0.8555
B004U7KOM8,2,5.0,0.9072
B004U7KPY0,1,5.0,0.8832
B004U7QG7A,4,3.0,0.5217
B004U7QQFC,2,3.5,0.1615
B004U7QWWO,1,5.0,0.8555
B004U7QXMS,1,5.0,0.9231
B004U7QY5O,3,5.0,0.9352
B004U7QY9K,1,5.0,0.9468
B004U7QZ4Y,5,3.4,0.6733
B004U8R0NS,1,5.0,0.9246
B004U8T9TQ,1,4.0,0.34
B004U8VU4S,1,5.0,0.8807
B004U8WJA2,2,5.0,0.8539
B004U8Z436,2,4.5,0.1206
B004U8Z4LS,5,4.4,0.8258
B004U8Z4MM,3,4.0,0.8214
B004U8Z7DI,2,3.0,0.9046
B004UA4PYS,3,5.0,0.6002
B004UA52F4,1,5.0,0.9201
B004UA52FO,1,5.0,0.926
B004UA539E,1,1.0,0.4404
B004UAXISM,2,4.0,0.4668
B004UAYXJK,1,5.0,0.9118
B004UB4WS6,1,1.0,0.6335
B004UB6IFQ,2,5.0,0.9564
B004UB6VFI,1,5.0,0.9134
B004UB6YLO,1,5.0,0.9726
B004UB72L0,1,5.0,0.9913
B004UBMABM,1,5.0,0.946
B004UBZBMW,11,4.8182,0.8708
B004UC0GIU,22,4.6364,0.7109
B004UC1YQ8,1,5.0,0.9076
B004UC7CMS,18,4.8889,0.8784
B004UCBLUW,1,5.0,0.9812
B004UCZVQW,1,5.0,0.8841
B004UDCOR0,1,5.0,0.9797
B004UDWLBY,1,3.0,0.7717
B004UEG74K,1,2.0,0.6808
B004UEG7S6,1,5.0,0.9468
B004UEIGIA,1,5.0,0.7351
B004UEP57U,6,4.3333,0.5091
B004UFOGEM,1,5.0,-0.4404
B004UGNT6M,3,4.6667,0.7801
B004UIT9GO,1,5.0,0.7506
B004UJ0DOK,1,5.0,0.9747
B004UJ0U8Y,3,5.0,0.7301
B004UJ6HDG,1,5.0,0.9246
B004UJAHE6,1,5.0,0.8934
B004UJAHUA,1,5.0,0.985
B004UKHJG4,1,5.0,0.886
B004UKJMYG,1,5.0,0.9468
B004UKJS68,3,5.0,0.8224
B004UKJS6I,1,5.0,0.9287
B004UKJSMM,1,5.0,0.7351
B004ULS3DQ,1,5.0,0.9595
B004ULX6FQ,1,5.0,0.8885
B004UM80VK,1,1.0,0.0366
B004UM961S,1,5.0,0.9001
B004UMDNSA,1,5.0,0.836
B004UMI1Y6,1,5.0,0.9776
B004UMOYEM,1,2.0,0.5976
B004UOA23M,3,3.6667,0.6731
B004UOA31I,1,5.0,0.8481
B004UOQ2PE,1,1.0,-0.1027
B004URWG9C,2,1.0,-0.308
B004US0VMU,1,1.0,-0.4405
B004USI8H0,1,5.0,0.9336
B004USS8HU,1,5.0,0.6908
B004UTLW9A,1,4.0,0.8591
B004UXXS5M,2,1.0,0.6791
B004UZWHPC,1,5.0,0.9902
B004V0GPRC,2,1.0,0.286
B004V0GQZI,1,4.0,0.9529
B004V0NWA0,3,5.0,0.9749
B004V2Q6PQ,1,1.0,0.2263
B004V3D2UM,4,3.5,0.225
B004V3D2VQ,1,5.0,0.6249
B004V3D2WK,1,4.0,0.9866
B004V3IN7Y,1,4.0,0.8519
B004V3INE2,1,4.0,0.872
B004V3INKQ,8,4.125,0.8475
B004V3IO0U,1,5.0,0.9895
B004V4BXTI,1,5.0,0.969
B004V65MP2,2,3.0,0.8316
B004V6A3CE,1,5.0,-0.4404
B004V6A3DS,1,5.0,0.9521
B004V6A9SC,5,1.0,0.4167
B004V6PYRI,1,3.0,0.3612
B004V6PYTG,1,1.0,0.0992
B004V8OYAO,1,5.0,-0.1027
B004V9AMMW,1,5.0,0.9915
B004V9I78I,1,1.0,0.0
B004VB1G3O,1,4.0,0.9153
B004VCXIO8,1,3.0,0.8074
B004VD6S8K,1,5.0,0.908
B004VDGXEO,2,5.0,0.8874
B004VDH4BU,1,5.0,0.9201
B004VDH4KQ,4,4.25,0.8155
B004VDH4L0,2,4.0,0.8306
B004VDH4LU,1,5.0,0.577
B004VDH5B4,2,5.0,0.9297
B004VDH5CS,3,3.6667,0.55
B004VDLJQQ,1,4.0,0.9586
B004VELKSW,1,5.0,0.9698
B004VELOGK,1,3.0,0.9284
B004VEQUIW,2,5.0,0.9176
B004VEWTTQ,1,4.0,0.4767
B004VFYI3A,1,5.0,0.8451
B004VG35FG,1,5.0,0.9359
B004VG35YM,1,5.0,0.9359
B004VI5WDW,1,5.0,0.6796
B004VITHY2,2,4.0,0.6237
B004VITI0K,1,5.0,0.4939
B004VITJ2M,3,4.0,0.9232
B004VITJY0,1,5.0,0.2732
B004VK32ZA,1,5.0,0.2732
B004VLR4XA,3,5.0,0.8522
B004VLSUGK,2,4.5,0.8712
B004VLSV1O,1,4.0,0.9493
B004VLSV7I,2,5.0,0.9688
B004VLSVIW,1,5.0,0.6249
B004VLSWSQ,1,5.0,0.4404
B004VLSWWW,1,5.0,0.5267
B004VLV3QE,2,5.0,0.744
B004VLV47C,1,5.0,0.6293
B004VLV6F2,1,5.0,0.9623
B004VLV6XY,4,4.0,0.577
B004VLV6YS,1,5.0,0.9726
B004VLV6ZC,1,5.0,0.9325
B004VLV7NS,1,5.0,0.9617
B004VLV7OM,1,5.0,0.9831
B004VLV7PG,1,5.0,0.7003
B004VLV91S,1,5.0,0.9042
B004VLV922,1,5.0,0.9559
B004VLV9OU,1,5.0,0.9153
B004VLVB4S,5,5.0,0.6595
B004VLVB5C,2,5.0,0.4732
B004VLVBUM,2,4.0,0.9006
B004VLVCGU,1,5.0,0.9349
B004VLVCI8,1,3.0,0.6908
B004VLVD4G,1,4.0,0.7845
B004VLVFFI,1,5.0,0.0
B004VLVFHG,2,5.0,0.822
B004VLVFJ4,1,5.0,0.9612
B004VLVG0C,4,5.0,0.8964
B004VLVG0W,1,4.0,0.8393
B004VLVIFU,2,5.0,0.8478
B004VLVIL4,2,5.0,0.8826
B004VLVK58,1,5.0,0.9855
B004VLVKWG,1,5.0,0.6808
B004VLVKXA,1,4.0,0.6597
B004VLVLQQ,1,5.0,0.7906
B004VLVLSO,1,5.0,0.9357
B004VLVM88,2,5.0,0.9158
B004VLVM9M,2,4.5,0.8794
B004VLVMOM,1,5.0,0.8271
B004VLVMPG,2,5.0,0.904
B004VLVN6Y,2,4.5,0.8095
B004VLVN7I,1,3.0,0.8834
B004VLVN8C,1,5.0,0.7841
B004VLVO7W,8,5.0,0.838
B004VLVO86,1,5.0,0.9649
B004VLVO8G,1,5.0,0.9808
B004VLVOJ0,1,5.0,0.9769
B004VLVOZO,1,5.0,0.9001
B004VLVPRG,1,5.0,0.5719
B004VLVQHK,2,5.0,0.7983
B004VLVQSY,3,4.0,0.7873
B004VLVQZC,1,1.0,0.8979
B004VLVR2E,1,2.0,-0.7783
B004VLVS78,1,4.0,0.9854
B004VLWASE,2,5.0,0.9262
B004VM8E8S,1,5.0,0.2458
B004VM9BRQ,1,5.0,0.9442
B004VMKCUG,1,1.0,-0.1761
B004VMVOF8,1,5.0,0.9506
B004VN5MW8,1,3.0,-0.0772
B004VNCXK2,1,4.0,0.8312
B004VNHNZ2,2,3.5,0.9282
B004VNTTKY,1,5.0,0.8225
B004VO217G,1,5.0,0.8622
B004VPUCZS,3,4.0,0.8529
B004VQ8OAC,1,5.0,0.975
B004VQATLO,1,5.0,0.9747
B004VR6LOW,1,5.0,0.9062
B004VRAZLM,1,5.0,0.6808
B004VRB2F0,1,5.0,0.9774
B004VRGS4U,2,5.0,0.9152
B004VRGS7W,2,5.0,0.9592
B004VRM1DC,1,5.0,0.8399
B004VRRRTU,2,4.5,0.937
B004VS1K7O,1,5.0,0.9042
B004VT6IR0,1,5.0,0.9545
B004VTD22O,1,5.0,0.8074
B004VW3LF4,1,4.0,0.8689
B004VWXPBY,1,5.0,0.9485
B004VXSGVC,1,5.0,0.9895
B004W0M91M,1,5.0,0.5423
B004W0SW0Y,2,5.0,0.972
B004W12G3M,1,2.0,0.7845
B004W153AU,1,5.0,0.8934
B004W1543Q,1,3.0,0.2263
B004W155GC,1,5.0,0.5574
B004W16ORG,1,4.0,0.7964
B004W19VBM,3,3.3333,0.5613
B004W19VE4,3,4.3333,0.875
B004W1FYEU,1,5.0,0.8885
B004W1HBSW,1,4.0,0.9657
B004W1HDB2,2,4.0,0.9765
B004W1HDGM,1,5.0,0.5386
B004W1HDM6,1,4.0,0.6249
B004W1HDMQ,1,5.0,0.9696
B004W3CXC4,5,4.0,0.8889
B004W3H73E,3,4.3333,0.4703
B004W4519U,1,5.0,0.8126
B004W4DPN4,1,5.0,0.8225
B004W50NFG,1,5.0,0.3597
B004W55ZBI,4,2.5,0.5393
B004W55ZKO,1,5.0,0.9246
B004W55ZKY,1,1.0,0.9764
B004W55ZLS,2,4.0,0.7315
B004W7C8Z2,1,5.0,0.6697
B004W7KWW8,1,5.0,0.9231
B004W7TB3Y,3,5.0,0.9077
B004W7U64M,1,5.0,0.9205
B004W8KL2I,1,5.0,0.987
B004W8LCYE,1,5.0,0.8761
B004W8LI5C,1,5.0,0.9773
B004W8LT10,12,4.6667,0.6838
B004WAA068,1,4.0,0.4939
B004WBBEFI,2,1.0,0.395
B004WBEK9K,1,5.0,0.6115
B004WBZ3UA,1,5.0,0.7003
B004WDC7CK,1,5.0,0.3321
B004WDD3U0,1,5.0,0.5106
B004WEJ0DI,1,5.0,0.9601
B004WHECEM,1,5.0,0.9649
B004WHECHE,1,4.0,0.7506
B004WHH7M6,1,5.0,0.2716
B004WI6FQY,1,3.0,0.9733
B004WJAT4C,2,4.5,0.7467
B004WJATGA,1,4.0,0.9047
B004WJATHO,1,3.0,0.8481
B004WJATXI,1,5.0,0.8402
B004WJAU32,1,5.0,0.8957
B004WJAU3C,1,5.0,0.8955
B004WJAU96,1,5.0,0.9186
B004WJAUFA,1,2.0,-0.8485
B004WKSLRS,2,4.5,0.4432
B004WL0T36,5,5.0,0.7725
B004WLD2Y4,1,5.0,0.9081
B004WLDAFK,1,2.0,0.7669
B004WLGWS2,1,4.0,0.9914
B004WLJJI2,1,1.0,-0.9062
B004WLO7U2,1,5.0,0.802
B004WM0ZTS,1,5.0,0.875
B004WN7DNS,3,4.0,0.6891
B004WNYIBS,1,5.0,0.9509
B004WP4U0U,2,3.0,0.0254
B004WP6ADA,1,1.0,0.8934
B004WP7OEE,1,5.0,0.8858
B004WPYA9G,1,5.0,0.9705
B004WPYB9U,1,5.0,0.9633
B004WSBZAA,9,4.1111,0.846
B004WSZYRU,1,5.0,0.296
B004WTHCO2,34,3.2353,0.7029
B004WW9NV4,1,5.0,0.7351
B004WWX2PC,1,5.0,0.8689
B004WYLFG8,2,5.0,0.8291
B004WZ4CYO,1,5.0,0.9788
B004WZ4CYY,1,5.0,0.7506
B004WZ4D66,1,5.0,0.981
B004WZ4DJS,1,4.0,0.9232
B004WZ4EIS,1,1.0,0.5434
B004WZ4EVK,2,5.0,0.8129
B004WZ4HC6,4,1.75,0.1964
B004WZ4KK0,1,5.0,0.9886
B004WZ4KKA,4,3.25,0.4712
B004WZ4KKK,3,4.6667,0.9076
B004X1FO94,1,1.0,-0.8807
B004X2LGV8,2,4.5,0.9546
B004X2LH9Y,5,4.0,0.5844
B004X2O3TA,2,5.0,0.949
B004X2OWD2,1,4.0,0.8625
B004X3VRLG,36,3.2778,0.7322
B004X5SK00,1,1.0,-0.5256
B004X5UF4O,1,2.0,0.9359
B004X6251Y,1,5.0,0.9201
B004X6HGHC,1,5.0,0.8885
B004X7HOG4,1,1.0,-0.8122
B004X8DO8U,1,3.0,-0.0516
B004X8GYPA,7,3.7143,0.8026
B004X8MZHQ,3,4.3333,0.9246
B004X8T8DK,3,4.3333,0.9548
B004X8T8DU,2,4.5,0.9365
B004X8T8EE,1,5.0,0.6369
B004X8T920,2,3.5,0.8864
B004X8TD4E,1,4.0,0.0
B004X8TD4O,2,5.0,0.863
B004X8TDOO,1,5.0,0.9747
B004X8TG3M,2,2.5,0.0005
B004X8TGUK,3,5.0,0.7937
B004X8TGW8,1,5.0,0.8957
B004X8TJ16,2,4.5,0.9374
B004X8TJOI,2,2.5,0.756
B004X8TK8I,1,5.0,0.9578
B004X8TL4Q,1,5.0,0.7003
B004X8W1Y8,1,5.0,0.8777
B004X8W256,1,5.0,0.9855
B004X8W2GK,1,2.0,0.296
B004XAPINM,2,5.0,0.3755
B004XAPIOQ,11,3.7273,0.8901
B004XAPJ22,2,4.0,0.5264
B004XC6M6W,1,5.0,0.9231
B004XDYL0U,1,5.0,0.886
B004XE0EHI,1,5.0,0.875
B004XE0QCG,1,1.0,-0.34
B004XELUBC,1,5.0,0.8519
B004XFYX9W,1,5.0,0.9893
B004XG2G3Q,1,2.0,-0.5719
B004XG2GGI,1,3.0,0.743
B004XG2H6W,2,4.5,0.8486
B004XG2H94,3,5.0,0.7257
B004XGCWXK,1,5.0,0.9981
B004XGCXD4,1,2.0,0.9349
B004XGCYHO,1,5.0,0.9501
B004XGCYIS,1,2.0,0.802
B004XIB1O4,2,5.0,0.7291
B004XJL328,1,5.0,0.8625
B004XKFO04,3,3.6667,0.5085
B004XKXDT8,1,5.0,0.9978
B004XLBVGE,1,5.0,0.9754
B004XLC1ZE,1,5.0,0.8689
B004XLC3Z2,1,5.0,-0.1779
B004XM4VB0,1,5.0,0.9464
B004XMIRU6,3,4.0,0.4674
B004XMMJ50,1,5.0,0.5859
B004XN248G,1,5.0,0.9062
B004XN8RWI,2,4.5,0.9068
B004XNZLE0,1,1.0,0.0516
B004XNZLEK,1,4.0,0.9759
B004XNZLJA,1,1.0,0.7708
B004XNZLLI,1,1.0,0.895
B004XNZLMM,2,4.0,0.7969
B004XO4DD4,1,5.0,0.8555
B004XRIZYY,1,3.0,0.743
B004XRJ6P6,1,5.0,0.8442
B004XRJ71E,1,4.0,0.7003
B004XRJ8R2,1,2.0,0.7906
B004XRJ8VS,2,5.0,0.6597
B004XRJ9XK,1,2.0,0.7579
B004XSP0AK,2,5.0,0.7871
B004XTCU52,1,5.0,0.979
B004XTD0OC,1,3.0,0.4215
B004XTDA9M,1,5.0,0.0772
B004XTDDBC,1,5.0,0.9601
B004XTDG6Y,1,5.0,0.8122
B004XTDI4O,1,5.0,0.7586
B004XTDK5Q,2,5.0,0.9589
B004XTDL14,1,3.0,0.8519
B004XTDMOA,1,1.0,0.836
B004XTDN9Y,1,5.0,0.647
B004XTDNJE,1,5.0,0.9393
B004XUDX16,1,5.0,0.6597
B004XUGH1Y,1,1.0,0.6369
B004XUGORG,2,3.5,0.8
B004XUGORQ,1,4.0,0.9769
B004XUGOSK,1,5.0,0.659
B004XVZMO6,1,5.0,0.5563
B004XW7CPC,1,5.0,0.9588
B004XWCVZ8,1,4.0,0.7906
B004XWD1AW,1,2.0,-0.5267
B004XWDPVC,2,4.5,0.9766
B004XWPMOK,1,1.0,-0.7717
B004XWRE78,1,1.0,-0.7717
B004XXRV0W,1,5.0,0.4767
B004XXXLWE,1,5.0,0.923
B004XXXOSU,1,5.0,0.4588
B004XY14JU,9,4.3333,0.8021
B004XY2AI4,3,3.3333,0.7528
B004XY6IPK,1,5.0,0.9531
B004XYQW0G,1,3.0,0.6597
B004XYRADY,1,5.0,0.891
B004XZHNDU,1,5.0,0.9022
B004XZHY5C,1,1.0,0.2263
B004XZI4TM,2,4.0,0.7543
B004XZI9AG,1,5.0,0.4588
B004XZMVZK,1,1.0,0.8337
B004XZQVBU,4,5.0,0.7475
B004Y1G65O,1,5.0,0.9896
B004Y4RC4U,1,5.0,0.9477
B004Y4RCAO,2,3.0,-0.1623
B004Y4RCG8,1,5.0,0.9477
B004Y4TV3K,1,5.0,0.9468
B004Y6KKP6,1,1.0,0.0258
B004Y6KMWM,1,5.0,0.9246
B004Y6KMZE,1,5.0,0.9085
B004Y8TSJI,2,5.0,0.6181
B004Y8TTYM,2,3.0,0.3016
B004Y8TTYW,1,4.0,0.836
B004YD76JC,1,5.0,0.9168
B004YE2FP6,2,4.5,0.9071
B004YESMYY,1,5.0,0.9231
B004YEVF2U,1,5.0,0.8122
B004YFQID0,1,5.0,0.7096
B004YFY0GC,1,2.0,0.8658
B004YGQKLE,1,1.0,0.9042
B004YGQOWY,2,4.5,0.855
B004YGQOY2,1,1.0,0.979
B004YGQPAK,19,3.8947,0.884
B004YGQPCI,20,3.4,0.8772
B004YHA8PC,1,3.0,0.8126
B004YHDTQM,2,3.0,0.2153
B004YJBQI8,1,1.0,0.1779
B004YLD8M8,1,5.0,0.9501
B004YLEP0M,1,5.0,0.9413
B004YLGHEO,1,5.0,0.7841
B004YLJCD2,1,5.0,0.9565
B004YLNRHE,1,2.0,0.8519
B004YMBSTM,1,5.0,0.8481
B004YMQ4KU,3,4.6667,0.9201
B004YN7VEW,1,5.0,0.93
B004YN7VYM,1,5.0,0.7425
B004YN7XKY,1,5.0,0.8646
B004YN7Y4Y,1,5.0,0.8689
B004YOT6MQ,1,4.0,0.981
B004YP913E,1,4.0,0.5859
B004YPJE6I,1,5.0,0.7184
B004YQ6IQ6,1,5.0,0.872
B004YRQDYW,1,4.0,0.9121
B004YRSZY8,1,5.0,0.8706
B004YTZXW8,2,5.0,0.7949
B004YTZY1I,1,4.0,0.6597
B004YTZYOU,2,5.0,0.933
B004YU2SKW,1,4.0,0.9382
B004YU71DQ,1,1.0,-0.9771
B004YUF8UO,1,1.0,0.9381
B004YV7JK0,1,5.0,0.8885
B004YV7JKU,1,5.0,0.936
B004YV7KFY,1,4.0,0.9678
B004YV7KG8,1,4.0,0.8442
B004YV7KGS,1,4.0,-0.0516
B004YV7LIK,3,3.3333,0.9197
B004YV7VE4,1,5.0,0.765
B004YV7VEO,1,3.0,0.4019
B004YV7VI0,2,4.0,0.95
B004YV7XEC,2,5.0,0.627
B004YV80O4,38,3.8158,0.8898
B004YV80OE,57,3.4386,0.7826
B004YV81LQ,2,1.0,-0.0448
B004YV83G4,1,2.0,0.7717
B004YVOF70,1,4.0,0.7845
B004YVOFH0,1,1.0,0.6249
B004YVOGBU,1,2.0,-0.182
B004YVOGJM,1,5.0,0.9657
B004YVPXQW,2,3.5,0.8716
B004YWHTBS,15,3.6667,0.5079
B004YXE2F8,1,1.0,0.9606
B004YZDSAQ,1,5.0,0.1027
B004Z1VDUQ,1,5.0,0.9552
B004Z22AVG,1,5.0,0.9081
B004Z27GWE,1,5.0,0.9022
B004Z28EQQ,1,4.0,0.8807
B004Z2WOIU,1,5.0,0.9929
B004Z2Y6AE,1,5.0,0.6486
B004Z323B2,1,5.0,0.9441
B004Z33GI6,7,2.0,0.0827
B004Z4HUO6,1,5.0,0.6249
B004Z4HUXM,1,5.0,0.8908
B004Z4I7OS,1,5.0,0.9246
B004Z4LXLC,2,4.0,0.5432
B004Z4Q2HC,1,5.0,0.9788
B004Z6EH6I,1,5.0,0.8059
B004Z7FUT0,1,5.0,0.9582
B004Z7X1F0,1,5.0,0.9164
B004Z82DLW,1,5.0,0.5106
B004Z83LC2,7,3.2857,0.5781
B004Z844PA,2,5.0,0.962
B004Z8MQ46,1,5.0,0.9489
B004Z9RVO0,1,1.0,0.5267
B004Z9SP7M,1,4.0,0.8625
B004ZA0E66,1,4.0,0.9786
B004ZBEN2Q,3,5.0,0.8876
B004ZBGNSI,1,3.0,0.802
B004ZBSMNM,1,2.0,0.0
B004ZBXHZ0,1,5.0,0.9882
B004ZEL1BO,3,4.0,0.9072
B004ZELR72,2,3.0,-0.0194
B004ZG1OQ4,1,5.0,0.9313
B004ZGQVGC,1,5.0,0.8271
B004ZIER34,57,3.5263,0.6769
B004ZIEZKO,1,4.0,0.8591
B004ZIEZMM,2,5.0,0.9356
B004ZIF15W,4,3.25,0.8239
B004ZIF1BG,2,3.0,0.6044
B004ZIGTZI,1,5.0,0.7717
B004ZIGU0M,1,5.0,0.994
B004ZIIVHM,1,4.0,0.3877
B004ZINC3U,1,1.0,-0.3612
B004ZIO6RG,1,1.0,-0.7433
B004ZKCQL2,2,5.0,0.943
B004ZKKS3U,1,1.0,-0.7845
B004ZKTC2I,1,5.0,0.872
B004ZKY7PU,1,4.0,0.8689
B004ZM7SO0,1,5.0,0.7845
B004ZM7T1C,1,5.0,0.9153
B004ZMY0QO,1,1.0,0.0
B004ZNJBWQ,1,4.0,0.5106
B004ZPHLXK,1,5.0,0.8555
B004ZQBCZ2,1,5.0,-0.9678
B004ZQBD60,1,4.0,0.9812
B004ZQBFUO,1,5.0,-0.5106
B004ZR2EYY,1,1.0,0.4664
B004ZSQICW,1,5.0,0.9237
B004ZT86OO,1,1.0,0.5396
B004ZU0RAE,13,2.7692,0.4548
B004ZV91F0,2,4.0,0.4466
B004ZWK0CW,1,2.0,0.4404
B004ZWK1DU,1,5.0,0.6705
B004ZWK1FI,1,3.0,0.8709
B004ZWK338,1,5.0,0.91
B004ZWR99E,1,5.0,0.8442
B004ZWRA6G,19,4.5263,0.898
B004ZWRALQ,2,5.0,0.8882
B004ZXYH48,1,2.0,0.6743
B004ZY47JM,1,1.0,0.8809
B004ZY62JA,1,5.0,0.1263
B004ZY7NKC,1,5.0,0.9651
B004ZYDB5I,1,1.0,0.8509
B005001ZXG,1,2.0,-0.1531
B0050069HS,1,3.0,0.8225
B00500J32G,1,4.0,0.25
B00501N8B2,3,3.3333,0.3555
B00501TH9O,1,5.0,0.5994
B00501TKVE,1,2.0,0.0516
B00503DOWS,18,4.1667,0.9313
B00503DOXW,1,2.0,0.5719
B00503DOY6,1,5.0,0.9287
B00503DP0O,18,4.1111,0.8361
B00504SLMK,1,5.0,-0.7964
B00504SN4G,1,5.0,0.9827
B00506V576,1,5.0,0.8285
B00507A02Q,17,3.0,0.3866
B00507A1D4,1,1.0,-0.6369
B00507CPE2,1,1.0,0.4939
B00507FCJ2,1,4.0,0.9943
B00507QE94,1,4.0,0.659
B00507RX9O,1,5.0,0.9792
B00507SMSK,1,5.0,0.9298
B00509LVIQ,1,5.0,0.9042
B00509LVKY,1,3.0,0.7717
B00509LVM2,1,5.0,0.4927
B00509LWDA,1,1.0,-0.204
B0050ACWBA,1,3.0,0.3612
B0050B1GS4,2,3.0,0.4442
B0050CL660,2,3.5,0.424
B0050CPSBE,1,1.0,0.8509
B0050CRFZG,2,5.0,0.7346
B0050D3KEK,1,5.0,0.926
B0050DCP2I,1,1.0,-0.6705
B0050H5FTE,1,5.0,0.8987
B0050HYX2E,2,5.0,0.9168
B0050HZ9R2,1,5.0,0.7799
B0050HZLN4,2,4.5,0.7504
B0050IK9MG,1,2.0,0.34
B0050ILLXW,1,1.0,-0.2263
B0050ILM2W,1,3.0,0.9423
B0050ILPI8,1,5.0,0.875
B0050IM4MY,1,5.0,0.9136
B0050J6Q2M,1,5.0,0.9216
B0050JL44W,2,5.0,0.857
B0050JL47E,1,5.0,0.946
B0050JLBCC,1,3.0,0.296
B0050JSRU6,3,4.3333,0.7611
B0050K6248,1,5.0,0.7845
B0050K96Y6,1,5.0,0.9186
B0050KD9XU,3,4.6667,0.8028
B0050KDRTQ,1,5.0,0.7574
B0050MDVYU,2,5.0,0.0201
B0050MLRY6,1,5.0,0.9538
B0050NTYXG,8,3.0,0.3766
B0050O8G6G,1,5.0,0.8479
B0050OD8UU,1,4.0,0.0
B0050OIU4O,1,3.0,0.8481
B0050PKKDW,1,2.0,0.2263
B0050PKUC8,1,1.0,0.8509
B0050TDLUW,2,3.0,0.6414
B0050WVL8S,1,3.0,0.5574
B0050WVLII,1,5.0,0.8555
B0050X8EK0,3,4.6667,0.7405
B0050ZD7J6,2,5.0,0.777
B0050ZQH4I,1,5.0,0.886
B00511MIV2,2,5.0,0.9138
B00511MJO8,1,5.0,-0.2263
B00511MKR4,1,4.0,0.993
B00511ML8C,5,3.6,0.8798
B00511MLLO,2,3.5,0.8248
B00512G8DA,1,5.0,0.2023
B0051301JG,1,5.0,0.9893
B00513BPYQ,1,4.0,0.9042
B00513J04I,1,5.0,0.9522
B00513J3GS,1,5.0,0.3182
B00513J46M,1,5.0,0.9201
B00513J4MQ,4,5.0,0.7854
B00513J4PS,1,5.0,0.4767
B00513J4T4,2,5.0,0.2583
B00513J4XA,1,4.0,0.8625
B00514BIQK,1,1.0,0.6369
B00514CAQW,1,1.0,0.5859
B00514DPDY,1,5.0,0.886
B00514EUT2,2,3.0,0.2854
B00514F082,1,5.0,0.5719
B00514F23A,1,4.0,0.9268
B005151BV6,3,5.0,0.9041
B005174ZNK,1,4.0,0.9074
B0051860R8,1,5.0,0.9559
B00518G4VK,1,5.0,0.8316
B005190AGO,1,5.0,0.9801
B0051AC7QY,1,5.0,0.1139
B0051C0DN6,1,4.0,0.9246
B0051C0HQY,1,5.0,0.8126
B0051C0J6M,3,5.0,0.8912
B0051C13WG,1,5.0,0.895
B0051C1CQ8,1,5.0,0.7883
B0051COPH6,75,4.3733,0.8778
B0051COQ2U,1,1.0,-0.34
B0051EDWLO,1,5.0,0.8625
B0051FO190,1,4.0,0.7184
B0051GXI2K,5,4.0,0.5994
B0051H9FLW,5,2.6,0.4205
B0051HCX20,1,5.0,0.9843
B0051IX1M0,1,5.0,0.9531
B0051LNWPI,3,5.0,0.4973
B0051NJBZ6,1,5.0,0.9698
B0051OASUM,1,4.0,0.9716
B0051OH8DW,1,5.0,0.9423
B0051OL8IS,1,5.0,0.743
B0051ON0NY,1,5.0,0.9908
B0051OPWGC,3,4.0,0.3906
B0051OQ23E,1,5.0,0.7964
B0051OQ6IA,1,5.0,0.9118
B0051OQ7JI,1,5.0,0.8957
B0051RD4QE,2,5.0,0.9904
B0051S6U82,4,5.0,0.7254
B0051S7P54,8,4.875,0.653
B0051S9Q9M,1,5.0,0.836
B0051SU0OW,1,5.0,0.8384
B0051SU8AS,3,4.0,0.9108
B0051SU8BC,4,4.75,0.7852
B0051SUBKK,2,5.0,0.9814
B0051TPWG2,2,5.0,0.8582
B0051TPWUI,8,5.0,0.9087
B0051UM51Q,1,5.0,0.4767
B0051UTTRO,1,5.0,0.9559
B0051VFG70,2,3.5,0.9127
B0051VNLHW,4,4.5,0.9518
B0051W6O8O,1,1.0,0.0
B0051WA1H4,2,4.0,0.8476
B0051WAJ5I,1,5.0,0.9413
B0051WBKYC,2,5.0,0.7816
B0051WBN0I,1,5.0,0.9231
B0051WBPHY,5,3.8,0.6692
B0051WBPQU,4,4.5,0.8832
B0051WBQ00,3,4.3333,0.8924
B0051WBSFI,2,4.5,0.9198
B0051XFUQA,1,1.0,0.5153
B0051ZCN9A,1,5.0,0.8533
B0051ZCNIQ,14,4.7143,0.7952
B0051ZCPFM,1,5.0,0.9485
B0051ZCROQ,1,5.0,0.91
B0051ZCSB8,21,4.0476,0.8325
B00520G7FU,1,5.0,0.8658
B00520I9GA,1,5.0,0.9906
B00520J3JW,1,5.0,0.9508
B00520J3KQ,1,5.0,0.9508
B00521H09G,1,5.0,-0.2732
B00521HF0A,2,5.0,0.9545
B00521JHSS,1,5.0,0.8834
B00522PX1M,1,4.0,0.8616
B00522QAXW,1,2.0,0.0754
B00522VG22,1,2.0,-0.296
B00522VN98,1,5.0,0.7964
B00523FCK8,1,5.0,0.8553
B00523LKYK,1,5.0,0.9571
B00523NRZU,2,1.0,0.8059
B00523SO3K,1,5.0,0.9694
B0052589L0,1,4.0,0.8481
B005258A14,1,5.0,0.9942
B005258A2I,1,5.0,0.9118
B005258ALE,1,5.0,0.9153
B005258ALO,1,3.0,0.7845
B005258AMS,1,5.0,0.9951
B005258AZU,1,5.0,0.9274
B00528S53O,1,5.0,0.5994
B0052985TW,1,5.0,0.6808
B0052AHU38,4,5.0,0.9581
B0052AIF00,2,4.0,0.2666
B0052BRVVI,2,5.0,0.9386
B0052BRW8U,1,3.0,0.9442
B0052BRWJE,1,5.0,0.9081
B0052BRWKI,1,5.0,0.8875
B0052BRX0C,1,3.0,-0.6249
B0052BRXDY,3,4.3333,0.8802
B0052BRXES,1,5.0,0.9575
B0052BRXFC,1,4.0,0.659
B0052BRXX4,1,1.0,0.9246
B0052BRXXE,1,5.0,0.7783
B0052BRXZW,1,5.0,0.8979
B0052DH4QS,3,3.6667,0.6736
B0052ENCWC,1,4.0,0.6486
B0052GWA96,1,5.0,0.7579
B0052HX7MO,1,5.0,0.9138
B0052HX7Y2,1,1.0,0.4779
B0052HX7Z6,1,5.0,0.9269
B0052HX9IG,2,3.5,0.8908
B0052HXBLQ,1,5.0,0.6901
B0052HXC1A,1,5.0,0.8074
B0052LDET6,1,5.0,0.7783
B0052M5V0A,8,2.375,0.2782
B0052MESHW,1,5.0,0.886
B0052MQ942,1,5.0,0.9485
B0052MTNN6,2,5.0,0.265
B0052MWL7Q,1,4.0,0.4019
B0052OI128,1,5.0,0.9706
B0052OMJTE,1,4.0,0.7351
B0052OMVU6,2,5.0,0.842
B0052OMYF8,1,5.0,0.9552
B0052OOWIK,1,5.0,0.9349
B0052OOYOW,2,4.5,0.3427
B0052OP2UM,1,5.0,0.9855
B0052OUAOK,16,3.5625,0.6876
B0052OUX9W,2,4.5,0.6276
B0052OVMGK,1,5.0,0.8807
B0052P1EXU,1,5.0,0.0
B0052P22T0,1,5.0,0.9874
B0052P27E0,1,5.0,0.9326
B0052P29DY,2,5.0,0.9604
B0052P8ETM,1,2.0,0.872
B0052RRO2I,2,4.5,0.9694
B0052T60KS,1,5.0,0.9826
B0052T6LYI,1,5.0,0.9349
B0052TTG8G,1,5.0,0.9286
B0052U5846,1,4.0,0.9231
B0052UBXYU,1,1.0,0.296
B0052UCCI6,1,5.0,0.4404
B0052UDHR6,1,5.0,0.9525
B0052UESYC,1,5.0,0.9846
B0052UEU1I,1,5.0,0.9851
B0052UOQQM,1,3.0,0.9959
B0052UVZJI,1,3.0,0.6115
B0052W6YZ6,1,4.0,-0.4404
B0052XJSLM,1,5.0,-0.7906
B0052XN0EI,4,5.0,0.788
B0052XSR78,1,5.0,0.9705
B0052XSZ48,1,5.0,0.8316
B0052Y33QM,1,1.0,-0.8316
B0052Y7PKW,1,1.0,0.6249
B0052Z5C8S,1,3.0,0.64
B0052ZSUMI,1,1.0,-0.8093
B005356QHI,1,5.0,0.8218
B00535HCMQ,2,5.0,0.8879
B00535ZIY0,1,5.0,0.7906
B00536IFBM,1,5.0,0.9802
B00538CHKU,1,1.0,-0.5719
B0053973SA,1,5.0,0.8519
B0053B6ZS2,2,3.0,0.7888
B0053DJYOC,3,5.0,0.7752
B0053E2HCW,1,5.0,0.9042
B0053EMXD0,1,1.0,0.0
B0053EZ6J8,2,5.0,0.9432
B0053H4CCM,1,3.0,0.5256
B0053H66LM,1,5.0,0.7469
B0053H9SKI,1,5.0,0.8979
B0053O8PA0,1,5.0,0.9246
B0053PO8U0,1,5.0,0.9657
B0053PVIG2,1,1.0,0.4588
B0053QF9JI,1,3.0,0.9363
B0053SJGOU,1,5.0,0.8555
B0053T153E,1,5.0,0.8689
B0053T15M0,2,4.0,0.9888
B0053T1AJS,1,5.0,0.994
B0053T33TS,1,1.0,-0.7184
B0053WMJLS,2,5.0,0.9748
B0053WMOJA,3,3.6667,0.3469
B0053WMOKY,5,4.8,0.877
B00542YKBE,1,4.0,0.9803
B00542YKLO,1,1.0,0.743
B00542YKMS,2,5.0,0.8834
B00542YNM0,1,5.0,0.8622
B00542YYT2,3,4.0,0.3286
B005454S4A,1,5.0,0.4939
B00545EXFY,2,1.0,0.3846
B00545OP2U,1,5.0,0.963
B00545PL6O,2,3.5,0.8818
B00545PMZY,2,5.0,0.9133
B00545PN26,2,5.0,0.945
B00545PN3U,2,3.0,0.9033
B005468KOI,1,5.0,0.9686
B00547SPWY,1,5.0,0.8225
B0054C7KRU,1,2.0,-0.7717
B0054DI578,1,4.0,0.9857
B0054E37FC,1,3.0,0.765
B0054ESJM8,4,3.0,0.2981
B0054ETSKK,1,5.0,-0.1226
B0054ETSLE,1,2.0,0.8126
B0054ETSNC,1,2.0,0.8126
B0054ETSPA,1,2.0,0.8126
B0054FXRB0,1,1.0,-0.4588
B0054FXUPI,1,5.0,0.872
B0054GGT8W,5,2.0,0.242
B0054GQXMO,1,5.0,0.8591
B0054I4LTO,12,4.5,0.8736
B0054I4M34,1,1.0,0.5256
B0054KCDTM,1,5.0,0.9848
B0054KCZJU,1,5.0,-0.3412
B0054KOEU8,1,5.0,0.944
B0054KOFUW,1,5.0,0.926
B0054KP4V6,2,3.0,0.922
B0054ROIRK,1,5.0,0.0258
B0054RP43M,1,5.0,0.9366
B0054S0YTK,8,4.75,0.824
B0054S5QP2,1,4.0,0.8977
B0054TWNDO,1,5.0,0.981
B0054TWNDY,2,3.5,0.7728
B0054TWPNC,1,5.0,0.8373
B0054TWQ22,1,5.0,0.7579
B0054TWQ2C,3,3.0,0.6919
B0054TWQ3Q,3,5.0,0.8868
B0054TWQMM,16,4.875,0.825
B0054TWRUI,2,5.0,0.942
B0054XY14O,1,1.0,-0.2058
B0054YGWLI,2,5.0,0.963
B0054YRTF6,1,5.0,0.5719
B0054ZDE72,1,4.0,0.872
B00550LIQ0,3,1.6667,0.0234
B00550MI00,4,4.5,0.9688
B00551COSU,4,3.25,0.9698
B00551CR2S,2,5.0,0.881
B005534PRG,1,1.0,-0.3384
B00553HJ2E,1,3.0,0.8834
B005547004,1,4.0,0.7003
B00555V9GO,2,5.0,0.9212
B005572C4K,1,5.0,0.9336
B00557RL64,1,4.0,0.8225
B00557THMU,2,5.0,0.8828
B005580CAK,3,5.0,0.8615
B005585CUK,2,3.5,0.8894
B0055AFF1Y,2,5.0,0.4653
B0055C4VUS,1,5.0,0.8316
B0055COLKS,1,5.0,0.5719
B0055ERIWO,1,5.0,0.93
B0055FZUV4,1,5.0,0.9756
B0055IRNAC,1,4.0,0.8908
B0055IWIHA,1,4.0,0.9412
B0055KL17G,2,3.5,0.539
B0055L30W4,1,5.0,0.8519
B0055N27P8,1,2.0,0.8689
B0055N28ZW,1,5.0,0.8957
B0055N4U80,1,1.0,0.9042
B0055Q0MIO,1,1.0,-0.0258
B0055S03M2,1,5.0,0.9393
B0055SX234,1,5.0,0.3612
B0055SY24C,1,1.0,-0.8519
B0055SYAAI,1,5.0,0.9506
B0055UAQSQ,1,5.0,0.9217
B0055UB6BM,1,4.0,0.936
B0055UC3MS,1,5.0,0.6808
B0055UI9K8,1,5.0,0.8126
B0055ZB0KO,3,5.0,0.8785
B0055ZRULM,1,1.0,0.9191
B0055ZRVUW,1,2.0,0.9761
B0055ZRW1A,1,5.0,0.836
B0055ZRXB4,1,4.0,0.9274
B0055ZS976,1,1.0,0.2466
B0055ZSBTW,1,5.0,0.9769
B0055ZU88E,1,2.0,-0.4767
B0055ZV7UC,1,4.0,0.9595
B00560QHRY,3,5.0,0.5767
B00562WN1Q,1,5.0,0.6077
B005638A2G,1,5.0,0.9501
B00563VNEI,1,4.0,0.9231
B005644Y9I,1,5.0,0.9022
B00566EPOA,1,1.0,0.7096
B00567AQG0,1,1.0,0.8176
B00569SGCO,1,3.0,0.9048
B0056A1XNM,3,3.6667,0.4211
B0056A1XO6,1,5.0,0.8591
B0056AL6G6,6,4.8333,0.8966
B0056CRZJ6,1,5.0,0.9022
B0056CS03G,1,5.0,0.9022
B0056CS2DE,1,1.0,0.8583
B0056CS3B0,1,1.0,0.7906
B0056CS7MK,1,5.0,0.8957
B0056CSDC4,1,1.0,0.6249
B0056GL01Q,4,3.75,0.6954
B0056GL04S,2,5.0,0.9159
B0056GL0N4,1,4.0,0.9376
B0056J7QHU,1,1.0,0.9231
B0056N5M5O,1,4.0,0.991
B0056NTTX0,1,5.0,0.926
B0056Q5M42,1,5.0,0.7964
B0056SXI1O,1,2.0,0.9565
B0056WJ10M,1,5.0,0.765
B0056WJGHK,2,5.0,0.9519
B0056WJZRG,1,5.0,0.875
B0056YT4M0,2,3.5,0.9016
B00570I0VO,1,5.0,0.8445
B00570T1W6,1,2.0,0.8519
B005761LU0,1,5.0,0.9531
B005761YKW,1,5.0,0.9789
B005762ES8,1,5.0,0.886
B005763HYS,1,5.0,0.9633
B005763OZK,1,5.0,0.8832
B0057642JM,1,3.0,0.9295
B00577AC36,1,5.0,0.9231
B00578NG2Y,1,5.0,0.9225
B00578NGP6,1,4.0,0.91
B00579IQ5A,1,5.0,0.836
B0057DCX8W,1,1.0,0.7906
B0057FSUV4,1,5.0,0.9186
B0057FSXP2,1,5.0,0.9571
B0057FSYIS,1,5.0,0.6369
B0057FT13A,2,3.0,0.4364
B0057FT1PS,1,5.0,0.9722
B0057FT42S,2,1.0,0.2996
B0057FYL2G,3,4.6667,0.8202
B0057ISDW2,9,4.0,0.5313
B0057IWQV6,1,5.0,0.9118
B0057JF92S,3,5.0,0.9696
B0057K2Z7Y,2,5.0,0.9132
B0057K2ZDI,1,5.0,0.9516
B0057L7D2A,1,5.0,-0.128
B0057OE5A0,1,5.0,0.94
B0057OKYM8,1,5.0,0.8481
B0057OOLAO,1,5.0,0.5719
B0057OONE8,1,5.0,0.7964
B0057OOOFG,1,5.0,0.9735
B0057OR5IO,2,4.5,0.7137
B0057OR63S,1,1.0,0.7783
B0057P1QEM,1,5.0,0.9382
B0057PVGU6,1,5.0,0.9019
B0057Q1PWY,1,1.0,0.4389
B0057QGIGC,1,5.0,0.927
B0057QLLYG,1,5.0,0.6237
B0057R54UM,1,5.0,0.9723
B0057RTMJ6,1,1.0,0.5809
B0057S6IG0,1,4.0,0.7269
B0057TDD3A,1,5.0,0.6597
B0057TWZ16,1,5.0,0.91
B0057U1T44,1,5.0,0.9874
B0057UC8GW,1,1.0,0.8176
B0057WWEFA,1,5.0,0.4019
B0057XCFJ4,1,5.0,0.9087
B0057XJSEY,1,5.0,0.765
B0057Y7YTE,1,3.0,0.5615
B0057YHTKS,1,5.0,0.9794
B0057YL0VM,1,5.0,0.6249
B00580E0DU,1,5.0,0.9073
B00584HTX4,2,5.0,0.9444
B00585GGZU,1,5.0,0.8957
B0058AFVBU,1,5.0,0.0609
B0058AMY10,41,3.4146,0.6863
B0058AMY5G,40,3.925,0.7618
B0058AMY74,34,3.7941,0.69
B0058AMYTC,40,4.175,0.59
B0058AN1BW,1,4.0,0.9509
B0058AVD44,1,4.0,0.7579
B0058CCT90,1,1.0,0.738
B0058CGLH6,2,3.0,0.574
B0058CGLKS,2,3.0,0.8164
B0058D4RGC,5,4.8,0.7069
B0058DA0H2,1,5.0,0.7374
B0058DPNA6,1,4.0,0.9617
B0058E60RU,2,5.0,0.9507
B0058EBMGO,1,5.0,0.944
B0058EIT60,1,3.0,-0.0276
B0058FJ6DY,1,5.0,0.8225
B0058FTUPS,2,3.5,0.8884
B0058HAQKY,2,3.0,0.3764
B0058M8PAC,1,5.0,0.9134
B0058M8PD4,1,1.0,-0.3612
B0058M8PFC,1,5.0,0.9649
B0058M8RZA,1,5.0,0.9092
B0058ORTXY,1,5.0,0.854
B0058OZ198,2,5.0,0.893
B0058P0G3I,2,4.5,0.8874
B0058PEGES,1,5.0,0.8979
B0058PK606,1,4.0,0.4173
B0058QM66M,1,5.0,0.9648
B0058QRTLE,1,4.0,0.9691
B0058RNX54,1,5.0,0.9571
B0058RNYU8,2,5.0,0.8984
B0058VCU5O,1,5.0,0.8885
B0058X1EX6,1,5.0,0.8268
B0058YHL1E,1,1.0,-0.4215
B00591FM30,1,5.0,0.9628
B005924AU0,1,5.0,0.9495
B005927YHG,1,1.0,-0.6124
B00593ZZIK,1,2.0,0.7184
B00595JJ76,2,5.0,0.6315
B0059IX0CS,1,1.0,0.296
B0059JP3X6,1,4.0,0.8271
B0059JUPWA,1,5.0,0.9013
B0059JXK2M,1,5.0,0.7351
B0059KEACU,1,1.0,0.0
B0059SE95A,2,4.0,0.9621
B0059TZ0AM,1,1.0,0.0
B0059U6GUY,1,4.0,0.9477
B0059VSNOA,1,5.0,0.8555
B0059X980Q,1,5.0,0.9803
B0059YB39O,7,3.2857,0.4902
B0059YB880,3,4.6667,0.9309
B0059YK5CA,1,4.0,0.4576
B005A1KXKG,1,5.0,0.9325
B005A1KZC2,1,1.0,0.9542
B005A1KZEA,1,3.0,-0.3818
B005A1L0QC,2,3.5,0.925
B005A1L5VM,2,3.0,0.3646
B005A1LFAI,1,5.0,0.9451
B005A1LG7K,7,5.0,0.8556
B005A1LGIY,26,3.9615,0.8947
B005A1LGY8,2,5.0,0.9363
B005A1LH0Q,1,3.0,0.5565
B005A1LINC,47,3.6809,0.7309
B005A1LJ04,46,3.5217,0.7744
B005A7X56Y,1,5.0,0.8689
B005A8SDCO,3,4.6667,0.5571
B005AAV694,1,5.0,0.8107
B005ACNTVA,3,3.3333,0.3278
B005ACZX5U,3,4.3333,0.7229
B005AH8U0U,4,4.25,0.6852
B005AHYMMA,1,4.0,0.7964
B005AJJU48,2,5.0,0.9439
B005AK7ZRG,1,5.0,0.8313
B005AKJC0O,1,4.0,0.8779
B005AKJD6C,7,3.2857,0.5237
B005AL22W8,1,5.0,0.7964
B005AL2GXI,1,1.0,0.5267
B005ANA84U,1,1.0,-0.4535
B005AO109Q,1,3.0,0.765
B005AO11UY,1,5.0,0.9305
B005AO12RG,1,5.0,0.6369
B005AO13NE,2,3.5,0.4762
B005AOYC14,1,5.0,0.8687
B005AP4E48,6,3.6667,0.6688
B005AP8TR6,1,5.0,0.9705
B005ASZ7E6,2,4.0,0.4029
B005ATI9EU,1,2.0,-0.1012
B005ATIDNC,1,5.0,0.2401
B005ATVW6C,2,4.0,0.9401
B005ATVY88,1,4.0,0.9983
B005ATWGDA,2,4.0,0.9578
B005AXVDTY,2,3.5,0.9562
B005AY8H7O,1,1.0,-0.4019
B005AYBODI,1,5.0,0.926
B005AYBTI8,1,5.0,0.0
B005AYEP9S,1,4.0,0.9217
B005AZ1YV4,1,5.0,0.8357
B005AZ5Q0E,1,5.0,0.5267
B005B3HKPO,1,5.0,0.9628
B005B57A2U,1,5.0,0.8144
B005BCHI6Q,1,5.0,0.9618
B005BCHTH4,1,5.0,0.9887
B005BCPLHE,1,4.0,0.9886
B005BD7WFC,1,5.0,0.4019
B005BD8AZ8,1,4.0,0.9153
B005BFJGJU,7,4.5714,0.6529
B005BGE5PE,2,5.0,0.9473
B005BGR7O0,1,5.0,0.743
B005BGRBM8,1,5.0,0.7128
B005BHDJUA,11,4.5455,0.7726
B005BHIESC,11,1.3636,0.3719
B005BHYPB2,1,4.0,0.7964
B005BHZY7G,1,5.0,0.7783
B005BI030S,1,2.0,0.7845
B005BP2D36,1,5.0,0.0
B005BPVA08,7,3.7143,0.8353
B005BPVA0S,10,4.6,0.9004
B005BPVA3A,6,3.6667,0.9405
B005BPVB84,6,3.1667,0.3034
B005BPVB9S,3,4.6667,0.9692
B005BPVCVU,5,2.6,0.62
B005BPVE3G,3,2.6667,0.4555
B005BPVE5Y,2,3.0,0.9892
B005BPVE90,6,4.1667,0.6726
B005BPVHN8,1,5.0,0.9393
B005BPVHQA,2,3.0,0.6477
B005BQJIMY,1,5.0,0.9698
B005BRHVD6,45,4.7333,0.6585
B005BSPGVY,2,5.0,0.9272
B005BSPOHU,2,3.0,0.8426
B005BSR7Z2,1,5.0,0.5
B005BSR8GU,1,1.0,0.9723
B005BSR8OC,1,4.0,0.765
B005BSYNT0,1,5.0,0.4404
B005BSYOEY,2,4.5,0.254
B005BSYOM6,1,5.0,0.9048
B005BSYQI8,4,4.5,0.6349
B005BU902I,1,3.0,0.6551
B005BUZYTG,1,1.0,0.8307
B005BV0D4Q,3,5.0,0.7984
B005BV0GN4,1,5.0,0.9904
B005BV0RLA,1,5.0,0.8271
B005BV0RR4,2,5.0,0.9522
B005BYP6LI,1,3.0,-0.6259
B005BYP7RG,3,4.3333,0.3547
B005C1GRVS,1,3.0,0.2732
B005C3DTHQ,1,5.0,0.8689
B005C3IVME,3,4.0,0.7936
B005C3IVN8,1,5.0,0.0
B005C5JMWU,1,5.0,0.8777
B005C65MQO,1,5.0,0.8074
B005C7DYPE,1,5.0,0.8807
B005C7ULSM,1,5.0,0.4019
B005C8UHTY,1,4.0,0.9805
B005C955WC,2,3.5,0.2634
B005CA580A,1,4.0,0.8979
B005CBMGXG,1,5.0,0.981
B005CD2T4U,2,5.0,0.9141
B005CD3ADE,1,5.0,0.9099
B005CD3AG6,1,5.0,0.9517
B005CD3L42,1,5.0,0.6369
B005CFC9XY,1,5.0,0.9584
B005CGUT12,1,5.0,0.8228
B005CGUTGC,8,4.0,0.9566
B005CGUTIA,5,4.8,0.8708
B005CGUUJS,5,4.8,0.8197
B005CGUUKM,1,4.0,0.4019
B005CGUUNE,1,5.0,0.7387
B005CIMZAS,14,4.0,0.88
B005CJBKAI,1,5.0,0.9756
B005CJDW4K,1,5.0,0.9739
B005CJJ5AU,1,3.0,0.3182
B005CJJQKY,2,5.0,0.6956
B005CJRWIM,1,2.0,0.7184
B005CJUT1E,1,5.0,0.8442
B005CJVHC4,1,5.0,0.9022
B005CLU7PU,1,5.0,0.936
B005CLU7VY,1,5.0,0.3612
B005CLU86S,1,5.0,0.9815
B005CLU89U,1,5.0,0.9578
B005CM84XQ,1,1.0,-0.3182
B005CM8E0E,1,5.0,0.8957
B005CMA1YG,1,4.0,0.9976
B005CMA6DC,1,5.0,0.9573
B005CMA9X4,1,5.0,0.7604
B005CMAC90,1,5.0,0.9738
B005CMCK40,1,5.0,0.5719
B005CMETFS,1,5.0,0.7251
B005CMFPNS,1,5.0,0.9201
B005CN44XY,2,4.5,0.8496
B005CP1WZ0,2,5.0,0.7542
B005CPSXGQ,1,5.0,0.9885
B005CSVRAW,1,5.0,0.9601
B005CT8D2Q,1,5.0,0.0772
B005CT8R90,2,5.0,0.6887
B005CT9KWS,1,5.0,0.9509
B005CT9OBK,1,5.0,0.9666
B005CUK3I2,1,5.0,0.8779
B005CUK64S,1,5.0,0.8438
B005CUKCUQ,1,4.0,0.9153
B005CULAM0,1,1.0,0.7351
B005CULC82,1,5.0,0.9305
B005CULITU,2,5.0,0.4922
B005CULLMY,1,5.0,0.9485
B005CULVC4,1,1.0,0.2023
B005CUM4UC,1,5.0,0.9705
B005CUU23S,40,3.625,0.8083
B005CUU25G,25,3.76,0.8823
B005CV3SV0,1,1.0,0.8442
B005CV41PW,1,5.0,0.9531
B005CV7TYW,1,5.0,0.9577
B005CV7ULO,1,1.0,-0.4588
B005CV7V54,1,5.0,0.98
B005CV7VN6,1,4.0,0.9042
B005CV7W58,2,4.0,0.8782
B005CV7WIU,1,4.0,0.8481
B005CW3MB0,1,5.0,0.847
B005CWFV2I,1,5.0,0.8979
B005CWQQF4,1,5.0,0.1779
B005CX21AM,1,1.0,0.1779
B005D0EGSE,1,5.0,0.9381
B005D0QFJC,1,5.0,0.7269
B005D2IKUW,1,5.0,0.9403
B005D2L1YO,1,3.0,0.8225
B005D2YIJY,2,5.0,0.8979
B005D2YQRS,1,4.0,-0.2008
B005D4NCUI,1,5.0,0.1119
B005D4NN6Q,1,4.0,0.8891
B005D4NY10,1,5.0,0.872
B005D4O9YQ,1,5.0,0.9282
B005D8VOFO,3,5.0,0.8629
B005D9HDKI,1,1.0,0.6808
B005DD92JO,1,5.0,0.9874
B005DDAJFK,2,5.0,0.8896
B005DDC3JK,3,4.0,0.6608
B005DDC7J6,1,1.0,0.0258
B005DDCF9S,1,5.0,0.9758
B005DDCFCU,1,5.0,0.891
B005DDCKHK,14,3.3571,0.5215
B005DDCKJ8,18,3.1111,0.5281
B005DEYP7M,1,1.0,-0.6369
B005DFL4PM,36,4.8333,0.851
B005DGHX6K,2,5.0,0.5194
B005DGI1A2,1,5.0,0.9482
B005DGI1PW,4,5.0,0.9206
B005DGI2II,1,5.0,0.9469
B005DGIAMQ,8,4.5,0.6139
B005DGIAUI,3,4.0,0.324
B005DGICN8,1,5.0,0.9186
B005DGICU6,1,5.0,0.8316
B005DHYBJQ,1,5.0,0.765
B005DI51MQ,1,4.0,0.99
B005DI81J6,2,3.0,0.7534
B005DIBCKQ,1,5.0,0.969
B005DJFMCY,1,5.0,0.9766
B005DKIZ9U,1,5.0,0.9624
B005DKIZAE,1,5.0,0.9701
B005DKJ1X4,1,4.0,0.9687
B005DKJ20Q,1,5.0,0.9839
B005DKULZQ,1,5.0,0.9729
B005DL797S,1,4.0,0.945
B005DM0WO4,1,5.0,0.9186
B005DM1Z3Q,2,4.5,0.8541
B005DM3IBI,3,4.6667,0.7541
B005DM3N2M,2,4.0,0.3681
B005DMJQGE,1,5.0,0.9719
B005DMJQM8,1,3.0,0.1027
B005DMUJXI,1,1.0,-0.34
B005DN26TW,1,5.0,0.5106
B005DN7QZG,1,2.0,0.964
B005DQCLOY,1,1.0,-0.875
B005DQCMDY,1,5.0,0.8885
B005DQCQ2G,1,3.0,0.6124
B005DQCSOM,1,5.0,-0.4005
B005DQD14S,1,5.0,0.8689
B005DQD41I,1,1.0,0.0772
B005DQD422,1,1.0,-0.8074
B005DQDZIK,1,5.0,0.6249
B005DQGIA2,6,5.0,0.469
B005DQGKIW,1,5.0,0.8952
B005DR5Q2M,2,5.0,0.957
B005DRTJD4,2,5.0,0.8874
B005DS9YHY,1,5.0,0.7721
B005DTN8SE,1,5.0,0.7501
B005DTZ2QA,1,1.0,-0.0258
B005DU2S0W,3,4.6667,0.906
B005DU2S4S,1,5.0,0.936
B005DUGDY4,1,5.0,0.9595
B005DVIL5W,1,3.0,0.3384
B005DVUU06,1,5.0,0.8555
B005DVUU3I,1,2.0,0.9888
B005DVUU56,1,5.0,0.9454
B005DVUYCU,2,4.0,0.871
B005DVVAH8,1,5.0,0.5719
B005DVVB9K,2,3.5,0.9857
B005DVVBPE,1,5.0,0.7269
B005DX8WIQ,1,4.0,0.7713
B005DX8YJS,1,5.0,0.4939
B005DXTU28,1,5.0,0.7911
B005DXTWLM,1,5.0,0.891
B005DXTWP8,2,1.0,-0.3197
B005DXTWQ2,3,2.0,-0.2201
B005DYOO82,1,4.0,0.8568
B005DYPJ2C,1,1.0,0.9571
B005DZHI9I,1,1.0,0.0516
B005DZHYAG,1,1.0,0.0772
B005DZIDG0,1,5.0,0.8781
B005DZINCY,1,1.0,-0.2732
B005E0TIVI,1,5.0,0.9524
B005E230UG,4,4.25,0.7147
B005E7QBK2,1,4.0,0.891
B005E915PG,1,5.0,0.9671
B005E9OT5O,2,3.5,0.0242
B005EDFICI,1,5.0,0.9786
B005EDNN4S,1,4.0,0.875
B005EF0HRM,1,5.0,0.9081
B005EF0HSG,1,3.0,0.9899
B005EF0HTK,2,4.5,0.9804
B005EF0HU4,1,4.0,0.9982
B005EF0HYU,1,4.0,0.7269
B005EF0HZO,1,5.0,0.872
B005EF0I5S,1,5.0,0.8555
B005EGW9L8,1,5.0,0.8519
B005EH6GJS,1,5.0,0.8761
B005EHHRJG,2,5.0,0.946
B005EKI3JQ,1,1.0,0.5994
B005EKI60M,1,5.0,0.9246
B005EKIBWK,1,5.0,0.6486
B005EKICBK,1,5.0,0.9784
B005EKWN60,1,4.0,0.6879
B005EKWOZK,2,1.0,0.431
B005EL3QGK,1,5.0,0.7579
B005EL6VOY,6,5.0,0.7584
B005ELN5X4,1,5.0,0.8622
B005ELQ4J6,2,2.5,0.5545
B005ELQ4LO,1,2.0,0.6908
B005EMA1MG,1,4.0,0.9906
B005EMISSA,1,5.0,0.7447
B005EN17VO,1,5.0,0.926
B005EN9ZOA,1,5.0,0.7579
B005ER15J4,1,4.0,0.6597
B005ER16QQ,1,5.0,0.8834
B005ER1A76,1,5.0,0.9697
B005ER1C60,1,3.0,0.5729
B005ER1F3K,1,5.0,0.9613
B005ER1GPC,1,5.0,0.4404
B005ER1JE0,1,4.0,0.7184
B005ERY2SU,1,5.0,0.9779
B005ES9JDC,1,5.0,0.9168
B005ESL5RK,1,3.0,0.8402
B005ET0OEO,2,5.0,0.9048
B005ET9BFM,1,5.0,-0.8683
B005EV2EJA,4,5.0,0.8221
B005EVAYLK,1,4.0,0.6908
B005EX6L7E,1,2.0,0.5574
B005EX6LUG,1,1.0,0.9001
B005EX6M3C,1,5.0,0.9804
B005EX6MKK,1,5.0,0.9247
B005EX6N1S,2,4.5,0.9766
B005EX6N2W,1,4.0,0.9601
B005EXGE5I,1,1.0,0.9551
B005EXWJMU,1,5.0,0.9201
B005EZ6NMU,1,5.0,0.959
B005EZFPPQ,1,5.0,0.9735
B005F0HSHS,2,5.0,0.7508
B005F0JM7W,6,5.0,0.8482
B005F1MZ4S,1,5.0,0.8934
B005F3I8V0,1,5.0,0.8316
B005F3I95K,1,5.0,0.9217
B005F3IAPE,2,5.0,0.8553
B005F5FTFG,1,5.0,0.7645
B005F5KAYQ,1,5.0,0.9571
B005F67MEG,1,5.0,0.9186
B005F7SYOC,1,5.0,0.9761
B005F97I2E,6,4.0,0.3783
B005FAAZWI,1,5.0,0.99
B005FAG1E4,1,4.0,0.743
B005FC6T08,4,4.25,0.559
B005FC72AO,1,4.0,0.9584
B005FCN8ZM,1,5.0,0.941
B005FEJ8TA,1,4.0,0.6124
B005FEJ8TU,1,5.0,0.9169
B005FFHLUM,2,5.0,0.897
B005FG6NY6,2,3.5,0.9675
B005FGKODM,2,4.0,0.9045
B005FGPWYS,1,5.0,0.9823
B005FKRTN6,1,5.0,0.872
B005FKRTO0,2,5.0,0.9149
B005FL5H8E,1,5.0,0.8402
B005FMA7WE,1,5.0,0.9169
B005FO3558,1,2.0,0.0
B005FP74HM,1,1.0,0.1531
B005FP74J0,1,5.0,0.9866
B005FPDEN0,1,5.0,0.9584
B005FQAJWS,2,5.0,0.8048
B005FQAQJO,1,5.0,0.9607
B005FQASGU,1,2.0,0.7351
B005FQH3B8,3,2.6667,0.8422
B005FRDWDA,1,5.0,0.9242
B005FT4TXU,1,5.0,0.9287
B005FTVWYE,2,4.5,0.695
B005FU4XAI,1,5.0,0.9412
B005FU4XAS,1,1.0,0.0
B005FU4XB2,1,5.0,0.3976
B005FUMNQO,3,4.6667,0.806
B005FVCUPW,1,5.0,0.9797
B005FVCUQ6,1,2.0,-0.34
B005FVCUR0,1,5.0,0.9136
B005FX6GLE,2,3.0,0.7204
B005FY42Z0,1,5.0,-0.2732
B005FY8HTC,1,5.0,0.9325
B005FYRA0E,1,5.0,0.4588
B005G0F8RY,2,4.5,0.8676
B005G2FC2I,1,4.0,0.8402
B005G2FC32,2,5.0,0.6414
B005G2FC50,4,3.0,0.672
B005G2FC82,1,2.0,0.5859
B005G2FCD2,1,1.0,0.8689
B005G2FCI2,1,4.0,0.9397
B005G6NLUO,1,4.0,0.7178
B005G6TT5A,1,5.0,0.9552
B005G7YDUU,1,1.0,-0.8402
B005G8A82G,2,5.0,0.8758
B005G8KO2U,1,5.0,0.9216
B005G984A8,1,1.0,0.891
B005GAORJE,2,4.0,0.914
B005GAVQTS,1,3.0,0.3687
B005GBIXZM,32,3.625,0.7803
B005GCSMR0,1,5.0,0.9376
B005GDGO42,1,2.0,0.7506
B005GEYS94,2,4.5,0.1786
B005GGAHNI,2,5.0,0.9347
B005GGV19C,1,5.0,0.969
B005GIF5UQ,23,4.6522,0.8515
B005GIF5VU,20,4.55,0.7967
B005GIF5WY,31,4.6452,0.7179
B005GKJKAK,1,5.0,0.872
B005GLKAGC,1,5.0,0.9376
B005GLO1L2,1,5.0,0.6369
B005GLOC0W,1,5.0,0.8979
B005GNXIYQ,1,5.0,0.8625
B005GQN4SI,1,5.0,0.7717
B005GQNI2K,1,5.0,0.9153
B005GR1U2Y,1,4.0,0.0258
B005GRAJ26,1,2.0,0.469
B005GRAT4O,4,3.0,0.7104
B005GRAWOQ,1,5.0,0.9123
B005GRBQ0K,1,4.0,0.7178
B005GRC5QY,1,5.0,0.9382
B005GRCWDU,34,4.5,0.749
B005GTT3KS,1,5.0,0.8316
B005GTTFW4,6,2.6667,0.7115
B005GTTKME,1,4.0,0.4939
B005GTTTBQ,2,5.0,0.8986
B005GTV3FQ,1,5.0,0.9564
B005GTWCTM,29,4.1379,0.7397
B005GV9RZC,3,4.0,0.7713
B005GWLC54,1,5.0,0.8648
B005GWSJM8,1,5.0,0.9722
B005GWSSFQ,1,5.0,0.98
B005GWSX6K,1,5.0,0.8316
B005GWT3Q4,4,2.0,0.4954
B005GWT5EO,1,4.0,0.4939
B005GWTMEW,1,1.0,-0.0258
B005GWUP0W,1,2.0,0.7165
B005GWUYS0,1,5.0,0.8957
B005GWW2JE,1,1.0,0.9666
B005GWWGOU,4,4.0,0.4696
B005GWXFQS,1,5.0,0.9288
B005GWY6FC,1,5.0,0.8876
B005GWZ6LK,1,4.0,0.9897
B005GWZ728,1,5.0,0.971
B005GX00BK,41,4.3171,0.7705
B005GX0I5I,1,5.0,0.9042
B005GX595W,1,5.0,0.9001
B005GX5DAS,1,5.0,0.9288
B005GX5ZJW,4,5.0,0.8778
B005GX6G9K,1,1.0,0.872
B005GX6WUI,1,4.0,0.7178
B005GX6XBQ,1,4.0,0.9582
B005GX7R5M,1,2.0,0.7165
B005GX8C7Y,1,5.0,0.6124
B005GX8MMO,38,4.3947,0.685
B005GX9GY2,1,5.0,0.9757
B005GX9Q60,1,5.0,0.9042
B005GXEULG,1,5.0,0.98
B005GXF0OW,1,5.0,0.9086
B005GXF6K0,1,5.0,0.8316
B005GXG15O,1,2.0,-0.5256
B005GXGAGY,1,5.0,0.8519
B005GXGB0O,1,5.0,0.9758
B005GXGLFY,1,5.0,0.98
B005GXGRBW,1,2.0,0.7165
B005GXGRQC,1,1.0,0.5267
B005GXGRV2,1,3.0,0.979
B005GXHEIC,1,3.0,0.836
B005GXHKSG,28,4.3929,0.7311
B005GXI7RE,1,5.0,0.8934
B005GXIKDA,1,3.0,0.9276
B005GXIPMG,1,1.0,0.9666
B005GXQX4S,1,5.0,0.8912
B005GYBI1A,1,4.0,0.6249
B005GYJUCO,2,4.5,0.867
B005GYJUGK,3,3.6667,0.8282
B005GYJUHE,2,5.0,0.9228
B005GYJUHO,1,5.0,0.0777
B005GYJUJ2,1,5.0,0.9022
B005GYJUJM,1,5.0,0.9382
B005GYJUK6,3,5.0,0.9398
B005GYRQUW,2,5.0,0.8794
B005GYS1JC,1,2.0,0.5252
B005GYULZY,19,3.3158,0.9176
B005GYYZTC,1,1.0,-0.735
B005GYYZUQ,1,2.0,0.6808
B005GYZ0PA,1,5.0,0.9814
B005H19T0Y,1,4.0,0.8971
B005H25XWG,1,5.0,0.8316
B005H3AVX6,1,5.0,0.9393
B005H3AWNU,1,5.0,0.836
B005H3BYHI,3,3.3333,0.2661
B005H5K2H4,1,5.0,0.9698
B005H5ZOEU,2,5.0,0.8262
B005H6FF3Y,2,3.5,0.9214
B005H81NTW,1,5.0,0.886
B005H90400,1,5.0,0.9938
B005H922DC,1,5.0,0.9136
B005H9UL5I,1,4.0,0.936
B005HAL8UE,1,5.0,0.836
B005HALAZM,2,5.0,0.948
B005HALB0G,1,5.0,0.9806
B005HB1JE8,1,1.0,0.6682
B005HB4HGU,10,5.0,0.8343
B005HB4HH4,8,5.0,0.8424
B005HB4HHO,8,5.0,0.906
B005HB523W,2,5.0,0.8834
B005HBRVKO,1,5.0,0.8481
B005HF068O,2,5.0,0.7229
B005HF3XJ8,2,4.0,0.9364
B005HFZ6RU,1,5.0,0.4337
B005HG9ERW,70,3.7714,0.7743
B005HG9ESG,70,4.1714,0.855
B005HG9ET0,68,3.9265,0.7959
B005HGAUZC,20,4.1,0.7208
B005HGAUZM,9,2.6667,0.5857
B005HGAV0Q,3,3.0,0.7105
B005HGAV7O,2,3.0,0.7068
B005HGAV88,4,3.25,0.3477
B005HGAV8I,40,3.375,0.5572
B005HGAV92,3,2.3333,0.447
B005HGAVC4,5,3.8,0.5965
B005HGAVDI,13,3.6923,0.6846
B005HGAVGA,1,5.0,0.9341
B005HGAVGK,3,2.6667,0.4791
B005HGIVTY,4,2.25,0.3674
B005HGIVV2,2,2.0,0.3551
B005HGIVVW,1,1.0,0.8338
B005HGNJW8,2,4.5,0.922
B005HGOIP0,1,5.0,0.966
B005HGOIQ4,8,5.0,0.802
B005HGOIQY,2,4.5,0.9402
B005HH0UZQ,1,5.0,0.9402
B005HH1JPQ,1,4.0,0.5267
B005HH295A,1,3.0,0.6808
B005HHD45Y,1,5.0,0.5106
B005HHF06U,1,5.0,0.9744
B005HI4MUO,1,2.0,0.8655
B005HI556E,4,5.0,0.8277
B005HI557S,5,4.6,0.5916
B005HI55CS,5,5.0,0.7458
B005HJH5K2,2,5.0,0.9718
B005HJVSEQ,2,3.0,0.3631
B005HK8VWM,1,1.0,0.0516
B005HK8W30,1,5.0,0.0
B005HMOM7I,1,5.0,0.872
B005HMOMCI,1,5.0,0.8979
B005HMOMCS,1,5.0,-0.2732
B005HN362E,2,4.5,0.1036
B005HNVOTQ,1,3.0,0.7906
B005HO0A18,7,4.5714,0.8878
B005HO0ARM,2,5.0,0.8116
B005HOIDPS,2,4.0,0.6619
B005HOKFBS,1,1.0,-0.9259
B005HPTV9Y,1,4.0,0.4939
B005HQN6VW,1,5.0,0.8456
B005HQNB0S,1,5.0,0.9524
B005HQNHHA,1,5.0,0.9261
B005HQO4T0,1,5.0,0.9468
B005HQODCI,1,3.0,0.8568
B005HQROHY,1,5.0,0.9074
B005HQS9MS,1,3.0,0.8481
B005HQTM1U,1,5.0,0.9313
B005HQVEP2,1,2.0,-0.1027
B005HR2XVK,1,5.0,0.8271
B005HR6064,1,5.0,0.8932
B005HSS9AS,1,3.0,0.1027
B005HUVI0E,28,4.4643,0.8014
B005HUVI0Y,20,4.35,0.8443
B005HUVI40,23,4.4348,0.6791
B005HUVJ0I,11,4.5455,0.6463
B005HUVJYO,2,3.5,0.7499
B005HUVOQC,1,5.0,0.9118
B005HUVT6M,3,5.0,0.4603
B005HUVY8K,1,4.0,0.9509
B005HUVYBW,2,5.0,-0.0282
B005HUW1AA,2,3.5,0.4296
B005HUW1HI,1,5.0,0.9776
B005HUW7K4,1,4.0,0.5423
B005HUW9SO,1,5.0,0.8625
B005HUWJM0,1,1.0,0.0258
B005HUWJTI,1,5.0,0.8126
B005HV7TM4,1,5.0,0.979
B005HVDZRM,2,5.0,0.935
B005HVE9RW,2,5.0,0.8927
B005HW44LW,2,5.0,0.9444
B005HWENVS,2,5.0,0.9304
B005HWJS72,1,5.0,0.875
B005HXGHO8,3,4.0,0.6861
B005HYH3F4,1,5.0,0.9169
B005I2C47W,1,5.0,0.9062
B005I2CED6,1,5.0,0.802
B005I3EGJK,1,5.0,0.9186
B005I3PAU4,1,5.0,0.9701
B005I5M42E,1,5.0,0.624
B005I5MBSQ,1,5.0,0.8999
B005I65010,1,5.0,0.5994
B005IBV686,1,5.0,0.9645
B005IC4H90,2,5.0,0.8624
B005IDLJCW,1,5.0,0.9153
B005IDVLTS,2,4.5,0.9326
B005IDW20A,1,5.0,0.9001
B005IENNE8,1,4.0,0.967
B005IEQ6HY,1,5.0,0.6908
B005IFYQIE,1,5.0,0.9738
B005IGU9Y8,1,5.0,0.9463
B005IGWD1K,2,5.0,0.8706
B005IP07TQ,2,3.0,0.7468
B005IPJTZE,6,3.1667,0.7365
B005IPS8SS,2,5.0,0.7722
B005IQ291O,1,5.0,0.8807
B005IQ32Z6,1,4.0,0.9231
B005IQ33IM,2,4.0,0.2764
B005IQ3670,1,5.0,0.6478
B005IR5FRI,1,1.0,-0.6497
B005IR5GM2,2,3.0,0.1715
B005IR60WM,1,5.0,0.9287
B005IR62VQ,1,5.0,0.7269
B005IR6BWQ,3,4.3333,0.8992
B005IR6IV0,1,5.0,0.8555
B005ISUOEQ,2,5.0,0.7596
B005ISYJRY,1,5.0,0.9988
B005IU1NLC,2,5.0,0.8251
B005IVP10A,1,1.0,-0.5423
B005IVPDKI,2,5.0,0.6747
B005IVPHHM,1,1.0,0.7003
B005IVSFDK,1,5.0,0.8934
B005IVX0Q2,1,5.0,0.9817
B005IVX0S0,1,5.0,0.9877
B005IW3UAW,1,5.0,0.9337
B005IW4WFY,50,4.04,0.9168
B005IWZALE,1,3.0,0.8777
B005IYDVG8,1,5.0,0.9783
B005IYFRUQ,1,5.0,0.872
B005IZHXGG,4,5.0,0.9581
B005IZJY4A,1,5.0,0.9705
B005IZZ0PW,1,1.0,-0.6705
B005IZZEXU,1,3.0,0.8692
B005J0K6FK,1,5.0,0.9674
B005J0MNFQ,1,5.0,0.9516
B005J0OS3Q,1,5.0,0.802
B005J0W1MG,1,5.0,0.93
B005J1U5Q4,1,5.0,0.802
B005J260SK,1,4.0,0.7902
B005J3XI2A,1,5.0,0.8934
B005J4AGBU,1,5.0,0.9332
B005J4W3PW,1,5.0,0.9042
B005J6LBZ8,2,5.0,0.6392
B005J6LGGM,1,2.0,-0.296
B005J6N21Y,1,4.0,0.9712
B005J7K0L8,1,5.0,0.9647
B005J8DT0Q,1,5.0,0.9826
B005J8U99K,1,5.0,0.9246
B005J9EPDA,1,1.0,0.0
B005J9TKYE,2,1.0,0.8685
B005JCM9YO,1,1.0,-0.9181
B005JCQIPK,1,5.0,0.9118
B005JCQJE0,2,5.0,0.9478
B005JD4SYW,1,1.0,0.296
B005JDTUX6,1,4.0,0.4019
B005JEKO6W,2,4.5,0.8228
B005JF9W1Y,1,5.0,0.4404
B005JGXETY,1,3.0,0.9217
B005JHBQXY,1,1.0,0.5719
B005JPEAWA,1,5.0,0.6908
B005JQSLP6,1,4.0,0.0
B005JRMUIY,2,5.0,0.86
B005JRMUJS,3,3.6667,0.3703
B005JSEZ86,1,5.0,0.9778
B005JSTDCE,6,5.0,0.9104
B005JT3UEU,1,5.0,0.678
B005JT8NPG,1,5.0,0.5859
B005JTIAK4,1,4.0,0.5456
B005JTMHZS,1,5.0,0.9516
B005JTMN6G,1,5.0,0.0
B005JTMZVO,1,5.0,0.7906
B005JTRWOE,1,1.0,0.8405
B005JU8F8U,3,5.0,0.8716
B005JWMMF0,1,5.0,0.9442
B005JX3PAA,1,5.0,0.8667
B005JXDX70,1,5.0,0.5563
B005JXHHBS,1,5.0,0.957
B005JXHLBY,2,4.5,0.6384
B005JY4CPG,1,1.0,-0.7655
B005JYTRMO,1,5.0,0.8074
B005JZYPUC,1,5.0,0.9967
B005K0L2U2,1,5.0,0.5719
B005K0MFSA,1,5.0,0.9747
B005K1FBF8,1,5.0,0.5106
B005K4Q1RW,42,2.9048,0.5424
B005K4Q1T0,44,4.1818,0.7483
B005K4Q1VI,56,4.0893,0.6927
B005K4Q1W2,42,3.119,0.5676
B005K4Q1YA,93,4.1183,0.7038
B005K4Q34S,90,4.0556,0.68
B005K4Q37A,114,3.9912,0.6851
B005K4Q4KG,66,3.7727,0.6616
B005K4Q4LK,105,3.5905,0.5712
B005K4Q68Q,56,4.0893,0.6962
B005K5GONM,1,5.0,0.7003
B005K8HE4M,1,5.0,0.9828
B005K8P1K6,3,5.0,0.8777
B005KDPA5W,1,5.0,0.3702
B005KEYWNW,1,3.0,0.8779
B005KEYYGW,1,4.0,0.992
B005KG7EDU,1,5.0,-0.5434
B005KK3N36,1,1.0,0.4203
B005KMUNT6,1,5.0,0.7351
B005KQ098C,1,4.0,0.5719
B005KQKJVE,1,5.0,0.91
B005KR06PC,1,5.0,-0.4404
B005KSJD8C,1,3.0,0.9413
B005KWAN96,1,1.0,0.024
B005L0LRV0,1,5.0,0.6249
B005L4O2VI,1,4.0,0.9738
B005L4OMMW,1,5.0,-0.2263
B005L8X7NS,1,5.0,0.9062
B005LB2D58,1,5.0,0.8316
B005LB8UCS,1,5.0,0.9444
B005LCQZGA,1,5.0,0.9341
B005LIA0DI,1,5.0,0.9273
B005LILGC2,1,2.0,-0.5271
B005LJ50SW,1,1.0,0.91
B005LJXUWK,1,2.0,0.836
B005LKCWU0,1,5.0,0.7717
B005LM0B5Q,1,1.0,0.0
B005LM9TR2,1,1.0,0.5859
B005LMCD8E,2,5.0,0.8338
B005LMLXN0,2,5.0,0.9848
B005LMLZCO,1,5.0,0.9788
B005LMLZF6,2,5.0,0.5427
B005LMM26M,2,5.0,0.9806
B005LMM2BM,1,5.0,0.9792
B005LMTYDQ,1,5.0,0.8779
B005LMWA46,1,5.0,0.9136
B005LNA5VK,11,4.7273,0.6491
B005LNM2AC,1,5.0,0.9477
B005LPD86C,1,5.0,0.9169
B005LQ4XK6,1,5.0,0.8957
B005LRLGR8,1,4.0,0.4939
B005LT0XE8,1,5.0,0.7818
B005LTHRF6,1,5.0,0.8718
B005LTHRKG,1,5.0,0.891
B005LTJ8EO,1,4.0,-0.1531
B005LURB7E,1,5.0,0.8591
B005LUWRV4,5,3.8,0.3891
B005LVNJME,1,5.0,0.7003
B005LVR0U6,1,4.0,0.9836
B005LVR28G,1,5.0,0.9603
B005LW2GM2,1,5.0,0.8402
B005LW4NCI,1,4.0,0.2505
B005LWT0CQ,1,5.0,0.9524
B005LXF82Q,1,1.0,-0.7907
B005LXGBUE,3,5.0,0.815
B005LXGGH2,15,3.8667,0.4897
B005LZ1TMW,1,5.0,-0.1531
B005LZVYA4,3,5.0,0.851
B005M16T16,2,5.0,0.919
B005M16T20,1,5.0,0.9884
B005M16TDY,1,4.0,0.3818
B005M16TWK,1,5.0,0.9674
B005M16TY8,1,5.0,0.9866
B005M16UHE,2,4.5,0.8046
B005M16UHY,4,4.5,0.7766
B005M1LV6Y,1,5.0,0.9762
B005M2MWKM,1,5.0,0.91
B005M3TAWE,1,5.0,0.9322
B005M3UPEG,1,5.0,0.9322
B005M4ERYE,1,5.0,0.8658
B005M5P256,1,1.0,-0.7906
B005MB0JRG,1,5.0,0.7906
B005MER0RA,18,4.6111,0.7219
B005MGDP86,9,4.6667,0.784
B005MGDP90,14,4.2143,0.6887
B005MGDPAE,17,4.7059,0.7567
B005MGFL0G,1,5.0,0.6908
B005MGNPCW,1,5.0,0.975
B005MGRRB2,1,2.0,-0.4215
B005MHRB7G,1,5.0,0.9903
B005MHRF86,1,5.0,0.9339
B005MHRGH6,1,1.0,0.0
B005MHRK5Y,3,4.6667,0.73
B005MHRMB6,2,3.5,0.5761
B005MIVLR6,1,5.0,0.9002
B005MIWPGC,2,5.0,0.8398
B005MJ6GLG,1,5.0,0.8271
B005MJ6GNO,1,5.0,0.8271
B005MJF3JC,1,5.0,0.8008
B005MJF4BO,1,5.0,0.8008
B005MM453E,1,4.0,0.9383
B005MQOS64,1,5.0,0.0
B005MR4SZO,2,3.5,0.701
B005MRUWLI,3,3.6667,0.2233
B005MSH01C,2,2.5,0.8638
B005MU5M06,7,4.7143,0.7914
B005MW92WS,1,5.0,0.4588
B005MWAM72,19,3.9474,0.7528
B005MWAPHE,1,1.0,0.5423
B005MWAUB0,1,3.0,0.9623
B005MWDVNY,4,4.75,0.4841
B005N29FVU,1,5.0,0.9682
B005N29GDW,1,5.0,0.4941
B005N29H36,2,5.0,0.5852
B005N29HGI,2,5.0,0.5824
B005N2JEBQ,1,5.0,0.9274
B005N2TUFQ,1,5.0,0.7906
B005N7O7EK,1,2.0,-0.1779
B005N7O7R2,1,1.0,0.6077
B005N7OCCW,1,5.0,0.9825
B005N7OH9U,3,4.0,0.9261
B005N7OI94,1,5.0,0.9702
B005NDX5OC,2,5.0,0.7582
B005NDXEM0,3,4.3333,0.467
B005NDXJ2U,1,1.0,0.8957
B005NDXLBY,1,4.0,0.9153
B005NDXNIK,1,5.0,0.4019
B005NDXPC4,1,5.0,0.9442
B005NDXR3Q,1,2.0,0.0
B005NDXR9K,2,2.5,0.4622
B005NDXWNQ,1,4.0,0.8934
B005NDXYF2,1,2.0,-0.5423
B005NEXK6Y,1,3.0,0.9623
B005NF3EK0,1,5.0,0.6597
B005NGEP98,2,5.0,0.9162
B005NH4Q8M,1,2.0,0.8625
B005NH4SEY,1,5.0,0.8834
B005NH9ARY,1,4.0,0.4473
B005NJSWS0,1,5.0,0.9678
B005NN9ZYG,1,5.0,0.9794
B005NPE9FO,1,5.0,0.8402
B005NPE9RM,2,5.0,0.9094
B005NPEAUS,1,3.0,0.1754
B005NPMYBA,1,5.0,0.9771
B005NS6LRK,1,2.0,0.7425
B005NU0B60,1,5.0,0.8316
B005NVU5BK,11,4.3636,0.9666
B005NVU64Q,4,4.75,0.9456
B005NXF7N4,1,5.0,0.8932
B005NYXDZW,2,3.0,0.9424
B005NYXE1K,11,3.1818,0.642
B005NYXE1U,7,3.8571,0.9081
B005NYXE24,6,2.6667,0.2269
B005NYXE8S,9,3.6667,0.7973
B005NYXF00,1,5.0,0.8553
B005O072PC,6,4.3333,0.8469
B005O0XAJ4,1,4.0,0.8225
B005O0ZZF6,1,5.0,0.8912
B005O2ZWOS,1,2.0,-0.3119
B005O8BJU8,1,5.0,0.8176
B005O8BJVW,3,3.6667,0.8446
B005O8BJW6,5,4.4,0.8963
B005O8BLLU,1,5.0,0.9805
B005OB3E30,2,5.0,0.4668
B005OB4XMQ,1,2.0,0.5859
B005OC0YA0,1,2.0,0.4404
B005OC5F2W,1,5.0,0.886
B005OCQHM4,1,4.0,0.9022
B005OCU80Q,3,3.6667,0.4841
B005OCX8VC,1,5.0,0.8122
B005OCXRRW,2,5.0,0.9534
B005OE12MM,1,5.0,0.7356
B005OEN3TM,1,5.0,0.9545
B005OHBN1Y,1,1.0,0.2263
B005OJ4X32,1,2.0,0.6597
B005OJCCZI,1,5.0,0.7906
B005OJG45M,1,5.0,0.985
B005OKDC9C,1,1.0,0.4939
B005OL1Q8K,1,5.0,0.872
B005OL79IG,1,1.0,0.3612
B005OLNFLQ,1,5.0,0.974
B005OMD9EI,1,5.0,0.9246
B005OODQFS,1,4.0,0.765
B005OOGTBQ,1,5.0,0.875
B005OPQ320,2,5.0,0.8604
B005OPQCDU,2,3.5,0.918
B005OPQDDY,1,5.0,0.9314
B005OPQF2I,2,4.5,0.5663
B005OPQIHU,1,5.0,0.9601
B005OPQJSS,2,3.5,0.3955
B005OPQKN2,1,5.0,0.8627
B005OPQUTG,1,5.0,0.9411
B005ORDBZK,1,4.0,0.796
B005ORFYFU,1,4.0,0.8442
B005OS2ZGA,1,5.0,0.9895
B005OS39W4,1,5.0,0.8625
B005OS3P7I,1,4.0,0.8268
B005OSS5RS,1,1.0,0.9692
B005OSS988,1,5.0,0.9477
B005OTIO1O,1,5.0,0.743
B005OTJWPG,2,4.0,0.9294
B005OTJWUQ,1,2.0,0.4588
B005OTPL24,1,1.0,0.9217
B005OTU3HC,3,5.0,0.9278
B005OTXEVE,1,5.0,0.3612
B005OU6UD2,1,1.0,0.6003
B005OU6UGE,2,5.0,0.8187
B005OU6UGY,4,4.25,0.7151
B005OU6UM8,2,3.0,0.7129
B005OVEFAQ,2,3.0,0.9503
B005OVPK9G,28,4.3214,0.8944
B005OVPKCI,17,3.7647,0.8583
B005OYWNQG,1,2.0,0.9729
B005OZZS7Q,1,4.0,-0.25
B005P0EGXC,1,5.0,0.1372
B005P0HJSQ,1,5.0,0.9816
B005P0IEMQ,2,5.0,0.9571
B005P0IH78,1,3.0,0.9393
B005P0KEAQ,1,5.0,0.5118
B005P0LACM,1,4.0,0.9544
B005P0NA7U,12,4.3333,0.6937
B005P0NLJ2,30,4.4,0.6971
B005P0NW14,1,5.0,0.7845
B005P0SGM4,1,1.0,-0.8834
B005P0U4TW,1,5.0,0.945
B005P0WL1G,1,5.0,0.9353
B005P0X994,1,5.0,0.9349
B005P0XTD0,4,3.75,0.3288
B005P20SL4,1,4.0,-0.0516
B005P3BF0G,1,5.0,0.7639
B005P6TCGW,36,4.2222,0.6572
B005P9WB9O,1,5.0,0.8442
B005PANYEY,28,4.0714,0.7269
B005PB9BVS,1,5.0,0.9708
B005PCH4P2,1,1.0,0.2263
B005PD7VDQ,1,1.0,-0.8861
B005PG0NOC,1,5.0,0.9921
B005PHPFH6,1,5.0,0.9834
B005PIJQC0,33,4.303,0.6355
B005PIZBHE,1,5.0,0.9759
B005PKMWH4,1,5.0,0.8316
B005PLC674,1,5.0,0.8555
B005PN5MRS,1,1.0,0.8625
B005PN63F8,1,3.0,0.9493
B005PN6A4W,1,5.0,0.7003
B005POK97A,1,2.0,0.9442
B005PR65XE,1,4.0,0.8402
B005PXZ6JM,32,4.2812,0.7024
B005Q1812W,1,4.0,0.9001
B005Q5QQ9I,1,5.0,-0.7641
B005Q5SWMW,1,4.0,0.5574
B005Q8BIK2,1,5.0,0.7717
B005Q8BKXW,1,5.0,0.9804
B005Q8BL9A,2,5.0,0.8127
B005Q8BNGQ,2,5.0,0.8907
B005Q8BP4G,3,4.0,0.977
B005Q8IXXM,5,3.4,0.7055
B005QBD2XK,1,5.0,0.8779
B005QCNV08,1,5.0,0.9774
B005QCP5ZM,1,1.0,-0.4019
B005QCVQ6Y,1,5.0,0.9837
B005QD0V8M,1,1.0,0.4404
B005QDCNLA,1,4.0,0.8923
B005QE8MFK,1,1.0,0.0
B005QF5X6K,1,4.0,0.9746
B005QFGMIS,2,4.0,0.9578
B005QKH18I,1,5.0,0.8555
B005QKH1V0,1,5.0,0.9897
B005QKH1VA,1,5.0,0.9607
B005QMJ0NU,1,5.0,0.9565
B005QOLSJ2,2,4.5,0.9736
B005QQ1KCA,1,5.0,0.936
B005QQ1MB4,1,5.0,0.8885
B005QQ5M9M,1,1.0,0.8807
B005QROUEY,1,2.0,0.9569
B005QRPGQU,7,4.0,0.8192
B005QRPGVA,6,4.6667,0.7468
B005QRPGYW,9,5.0,0.9016
B005QRPH3M,8,4.25,0.9105
B005QRPH78,11,4.2727,0.6034
B005QRPHPU,13,4.2308,0.8942
B005QRPHSW,5,4.2,0.9836
B005QSMEIW,1,5.0,0.9531
B005QT8WTQ,1,5.0,0.9888
B005QZ6SL4,2,5.0,0.9396
B005QZ6SM8,2,5.0,0.8594
B005R2GG4K,1,1.0,-0.4767
B005R2MNRY,2,4.5,0.925
B005R625PK,1,1.0,0.6597
B005R8JDEE,1,5.0,0.9186
B005RBJR3I,1,5.0,0.5413
B005REZZVS,1,5.0,0.0
B005RF029M,1,5.0,0.5719
B005RGOUDU,1,5.0,0.8323
B005RGOXXC,1,5.0,0.7251
B005RGZO2G,8,5.0,0.7281
B005RGZPUW,1,5.0,0.0
B005RRI3Z0,1,1.0,0.0
B005RSYXX0,1,5.0,0.8316
B005RTRWX2,3,3.6667,0.4913
B005RTXC3G,1,5.0,0.4404
B005RZJLEY,1,5.0,0.9824
B005RZKICS,1,5.0,0.9857
B005S058MM,1,5.0,0.9652
B005S1PSN0,1,5.0,0.9873
B005S6XH2Y,1,5.0,0.6369
B005S8B4IQ,2,5.0,0.4188
B005S9UKNK,1,5.0,0.8481
B005SAL8EO,2,5.0,0.871
B005SCXNEA,1,5.0,0.9031
B005SCXPFC,1,4.0,0.5994
B005SD208Y,1,4.0,0.7717
B005SDPXV0,1,5.0,0.6705
B005SED1TU,1,5.0,0.743
B005SEF3XM,1,5.0,0.9661
B005SFWUD2,1,5.0,0.9598
B005SFZRC8,1,1.0,-0.2682
B005SG5C40,1,5.0,0.7964
B005SHDKK2,1,2.0,0.1531
B005SIM3S6,1,1.0,0.2263
B005SJ1D36,1,1.0,0.7906
B005SJ3XYI,1,3.0,0.9274
B005SLOFTI,1,1.0,0.8231
B005SLSVMK,2,5.0,0.7053
B005SPFHZU,1,5.0,0.9661
B005SPH780,4,4.25,0.9902
B005SPI45U,1,3.0,0.4767
B005SPI9PU,1,4.0,0.9638
B005SPMRDK,2,3.0,0.6674
B005SPQENY,36,3.3056,0.8529
B005SSM4V2,1,1.0,0.5859
B005SSM6TC,2,3.5,0.7499
B005SSM7GO,1,5.0,0.9825
B005STHEBG,1,5.0,0.5699
B005STJTIM,1,5.0,0.9524
B005SWHAWQ,1,1.0,0.5859
B005SWK6GI,1,5.0,0.8807
B005SWLYBE,1,1.0,0.0772
B005SY51TI,2,5.0,0.9194
B005T034AO,1,5.0,0.9042
B005T05TNE,1,3.0,0.7964
B005T0P92A,1,4.0,0.9477
B005T12ZXK,1,5.0,0.911
B005T3GO2G,1,5.0,0.8225
B005T4PJQC,2,5.0,0.8758
B005T64YYS,2,3.5,0.4835
B005T697MC,1,2.0,0.7759
B005T7NW18,1,4.0,0.5106
B005T7P2QQ,1,5.0,-0.4627
B005T7X448,1,5.0,0.9001
B005TAGBVS,1,5.0,0.7506
B005TBURAI,10,4.4,0.6798
B005TC1G1Q,1,5.0,0.6486
B005TH72FK,1,5.0,0.9451
B005TL9LDC,1,5.0,0.8126
B005TRIV1Y,5,4.0,0.6548
B005TY1K0G,1,5.0,0.6369
B005TY1QE6,2,5.0,0.9244
B005TY27J4,1,5.0,0.8437
B005TY2DUC,1,4.0,0.7902
B005TY2JBU,1,5.0,0.7328
B005TY2PS2,1,4.0,0.9833
B005U0JAHE,1,5.0,0.9866
B005U1ZB3U,1,4.0,0.2732
B005UBH8WC,1,2.0,0.872
B005UCRWGI,1,5.0,0.9403
B005UD0B7Y,1,5.0,0.886
B005UFO9ZM,1,5.0,0.8658
B005UFU5BY,1,5.0,0.8402
B005UG3LBY,1,1.0,0.1027
B005UGGR7Y,1,4.0,0.7783
B005UGSR72,1,1.0,0.1531
B005UHS3QQ,1,5.0,0.9246
B005UNZ56Q,2,4.0,0.833
B005UO19LU,1,5.0,0.7845
B005UO5ZC4,4,3.75,0.6499
B005UO6KJQ,1,5.0,0.3612
B005UOELMO,1,5.0,0.8271
B005UOGVUE,1,1.0,0.992
B005UOHQEY,1,4.0,0.6361
B005UP1M4I,8,2.5,0.1562
B005UULUL8,1,5.0,0.8442
B005UUMZNA,2,5.0,0.681
B005UUYKBU,1,5.0,0.5719
B005UWTOJG,1,1.0,0.0258
B005UX2U96,1,5.0,0.4155
B005V1RVSC,1,5.0,0.9657
B005V2MNAM,1,5.0,0.7717
B005V2PXFE,2,5.0,0.7834
B005V375TU,2,5.0,0.9654
B005V6B3S6,2,5.0,0.9199
B005V9SNJA,1,4.0,0.6597
B005V9UG18,46,4.5652,0.8143
B005V9YXTO,2,4.5,0.9914
B005VBBRW8,2,5.0,0.8059
B005VBBSVI,3,4.3333,0.7396
B005VBBSYK,1,5.0,0.9259
B005VBD4A6,1,5.0,0.5719
B005VDDQB6,1,5.0,0.4588
B005VEWBIE,1,5.0,0.9856
B005VEWH9M,1,5.0,0.9582
B005VEWKB2,3,5.0,0.9454
B005VGXX2A,1,4.0,0.8658
B005VGZ49U,1,5.0,0.9769
B005VH59JO,1,5.0,0.836
B005VHFRV4,1,4.0,0.7906
B005VID39G,1,5.0,0.9384
B005VJG3JM,1,2.0,0.7964
B005VOOG3W,1,5.0,0.8176
B005VOOJL6,6,4.0,0.8954
B005VOOKS8,55,3.8909,0.8567
B005VOOL00,36,3.75,0.8419
B005VOOLXM,48,3.9167,0.8876
B005VOOM2W,42,3.9048,0.8614
B005VOOM4A,49,4.0408,0.8506
B005VOOM5E,46,3.7609,0.7685
B005VOONGM,54,4.0556,0.8617
B005VOONI0,47,3.9574,0.8511
B005VOONKI,47,3.766,0.7608
B005VOONLW,53,3.8679,0.8769
B005VOONM6,42,3.5952,0.8349
B005VOOOM0,5,4.0,0.9598
B005VOOOPM,1,2.0,0.5423
B005VOOQHS,14,4.2857,0.8632
B005VOOQLO,5,4.0,0.8818
B005VOOT52,2,4.5,0.9132
B005VOOT8O,1,4.0,0.9042
B005VOOXWQ,2,4.5,0.6847
B005VOOXYO,1,5.0,0.8658
B005VOOY66,1,1.0,0.8349
B005VQZG52,2,4.5,0.9701
B005VRNBA8,2,5.0,0.9674
B005VSWRCK,1,5.0,0.9805
B005VTTLAU,1,5.0,0.9628
B005VTZDWU,1,5.0,0.9908
B005VTZODI,1,5.0,0.9886
B005VUGT2W,1,5.0,0.9081
B005VUGUCG,1,3.0,0.6249
B005VUH9XA,1,5.0,0.8979
B005VUHCGY,1,5.0,0.8637
B005VUILWI,8,3.625,0.7206
B005VZ9C4O,1,5.0,0.4703
B005W0O5JK,2,5.0,0.668
B005W0QL4W,2,5.0,0.9269
B005W6DWHA,2,4.5,0.9252
B005W9W8GI,1,5.0,0.4404
B005WDD1DI,1,5.0,0.743
B005WEEVT0,1,3.0,0.6222
B005WFYNTC,1,5.0,-0.3259
B005WIN7R8,1,4.0,0.9475
B005WINOZS,1,4.0,0.7184
B005WINV42,1,5.0,0.2263
B005WIO33U,1,4.0,0.9202
B005WJV2LK,1,5.0,0.9746
B005WKDBMM,1,5.0,0.6369
B005WKDOWY,1,5.0,0.9467
B005WKE2M0,1,5.0,0.9468
B005WW0CPY,1,5.0,0.959
B005WW0GB4,2,5.0,0.8701
B005WW0HHW,3,4.3333,0.4887
B005WW0JWU,1,5.0,0.2732
B005WWYY2Q,1,1.0,0.5267
B005WXVQJE,1,5.0,0.9509
B005WZ0F9O,1,3.0,0.8225
B005WZQ0E8,1,5.0,0.9666
B005X2UFU0,1,5.0,0.8807
B005X4STQ0,2,5.0,0.8192
B005X4SWNA,1,4.0,0.9525
B005X5GBEG,3,5.0,0.6563
B005XB145Q,1,5.0,0.5106
B005XB3U26,4,4.5,0.8336
B005XB4UP2,5,3.8,0.8006
B005XB5K0G,10,4.4,0.4588
B005XB5WEU,7,3.5714,0.5717
B005XB67F8,6,4.6667,0.6618
B005XCZLI6,2,1.0,0.0142
B005XD1FBM,1,4.0,0.9423
B005XDUA9K,1,5.0,0.8839
B005XEOTJQ,1,2.0,0.872
B005XH6SD8,5,3.8,0.6179
B005XIHNZY,1,4.0,0.9839
B005XLWKRW,1,4.0,0.6808
B005XPKYUI,18,4.7778,0.9141
B005XQYTXA,1,5.0,0.9118
B005XUE0BW,1,2.0,0.6694
B005XVZKPQ,1,5.0,0.9761
B005XZ5PDE,1,5.0,0.8591
B005XZSR8E,2,5.0,0.9348
B005Y10ZMS,2,4.0,0.973
B005Y110NQ,6,3.5,0.9054
B005Y111BW,5,4.8,0.6571
B005Y111XA,2,4.5,0.658
B005Y1A8FW,12,4.3333,0.8266
B005Y2EKNW,1,1.0,-0.6174
B005Y3JJVO,1,5.0,0.9225
B005Y3K0K8,1,5.0,0.875
B005Y3KHQA,1,5.0,0.9186
B005Y4222G,1,1.0,0.0772
B005YBC8U0,1,5.0,0.9708
B005YD2SDA,2,5.0,0.8667
B005YDT10S,1,1.0,0.0
B005YH6NPU,1,5.0,0.8591
B005YNE2BG,1,1.0,0.4215
B005YQ9IKS,1,5.0,0.0
B005YRTD02,1,5.0,0.8393
B005YSYVC6,1,5.0,0.7783
B005YUB0C8,1,5.0,0.9816
B005YUB0D2,1,5.0,0.9545
B005YUFWWM,1,5.0,0.4576
B005YVVBXU,1,5.0,0.5574
B005YVW0JE,1,3.0,0.9186
B005YXIJ9C,1,3.0,0.5267
B005YYFHCS,11,3.7273,0.5887
B005YYH5BY,1,4.0,0.8563
B005Z2IK9Q,1,4.0,0.8591
B005Z3E5WG,3,4.0,0.6672
B005Z4S2KG,3,5.0,0.893
B005Z694ZG,1,5.0,0.9552
B005Z6MZJI,1,5.0,0.9501
B005Z6OLAE,1,4.0,0.6573
B005Z6OV2W,1,5.0,0.9889
B005ZBZLPI,34,3.7353,0.6577
B005ZBZLSU,43,4.6744,0.8172
B005ZBZLT4,92,4.337,0.794
B005ZBZM52,32,3.75,0.674
B005ZC0RQA,1,5.0,0.9753
B005ZC12MI,1,5.0,0.9524
B005ZC3V5E,3,5.0,0.9089
B005ZFORZE,1,5.0,0.9348
B005ZFTV0K,1,5.0,0.7351
B005ZFUAI2,1,2.0,-0.8519
B005ZFV52M,1,4.0,0.91
B005ZH08IC,1,5.0,0.9851
B005ZH5GDE,1,5.0,0.9042
B005ZHCFTM,1,5.0,0.8316
B005ZHF6BQ,1,5.0,0.987
B005ZHFCA6,1,2.0,-0.5256
B005ZHGRH8,5,3.2,0.8293
B005ZHI76M,1,4.0,0.9602
B005ZHJ9EQ,1,5.0,0.9757
B005ZHJONM,1,4.0,0.9897
B005ZHL8UE,1,5.0,0.8511
B005ZIY0Z8,1,5.0,0.9552
B005ZLR3FY,1,5.0,0.8555
B005ZLR9PS,2,4.0,0.9356
B005ZOJ1XI,1,4.0,0.6808
B005ZSN49Q,1,5.0,0.9022
B005ZTVB04,1,5.0,0.8724
B005ZU3JJ4,1,5.0,0.986
B005ZU5L9K,1,3.0,0.8807
B005ZVBYM2,1,1.0,0.25
B005ZVC61U,1,5.0,0.9153
B005ZVSXOO,1,5.0,0.8934
B005ZZHT36,2,4.0,0.7474
B005ZZK6DG,1,5.0,0.7964
B005ZZLKU4,1,5.0,0.7906
B005ZZZMSU,1,5.0,0.8442
B0060083SA,1,3.0,0.9517
B00600N5UQ,1,2.0,-0.0516
B00603ZFV0,2,3.5,0.9664
B00603ZFWE,1,5.0,0.9186
B00603ZFY2,1,3.0,0.0
B00603ZKME,1,5.0,0.7906
B006045ONI,1,5.0,0.6115
B006048P5M,2,4.5,0.3884
B00605YIVG,1,5.0,0.8718
B00607NNQ0,1,5.0,0.9628
B00609PJ9M,1,4.0,0.9577
B00609PJEC,8,4.875,0.9365
B00609PJIS,2,4.5,0.8159
B00609PJLU,2,5.0,0.8997
B0060BAMWY,1,4.0,0.9808
B0060BAO90,1,5.0,0.9468
B0060BAV84,1,5.0,0.9041
B0060BB5PM,1,5.0,0.9313
B0060BO8L0,1,4.0,0.969
B0060D5XSA,1,5.0,0.9525
B0060ECUP8,2,3.0,0.1352
B0060ECUTE,1,2.0,0.9893
B0060ECVTI,2,2.5,0.3838
B0060HVNNA,5,5.0,0.9175
B0060HW38O,4,5.0,0.9437
B0060JMVM0,19,4.2105,0.6633
B0060JNAE8,22,3.8182,0.5864
B0060KK4RI,1,5.0,0.8316
B0060KK4ZK,1,5.0,0.8316
B0060KO35C,1,5.0,0.836
B0060KOF4Q,1,5.0,0.9761
B0060KOF78,5,4.4,0.8761
B0060KOF7I,1,5.0,0.9927
B0060KOGI6,4,4.5,0.8321
B0060KOGLI,3,4.3333,0.7291
B0060KOI6Q,1,1.0,-0.2023
B0060KOJM4,1,5.0,0.765
B0060KPEK0,2,3.0,0.4045
B0060KPEM8,1,5.0,0.9201
B0060L1DPE,1,5.0,0.9771
B0060L4NLA,1,2.0,0.0
B0060NJZIY,2,5.0,0.1375
B0060O3UD4,2,5.0,0.7155
B0060RI17G,1,2.0,0.0516
B0060ZITTS,1,2.0,0.7876
B00612XUNA,1,5.0,0.7251
B0061CYPNE,2,5.0,0.8918
B0061IUIDY,51,3.902,0.8641
B0061IUKDM,24,4.25,0.808
B0061IULW2,13,4.3846,0.7959
B0061IVIG0,2,4.0,0.5894
B0061JW7I2,2,4.5,0.8554
B0061LRT9C,1,5.0,0.8519
B0061ON81W,1,5.0,0.8519
B0061PKP9Y,2,5.0,0.8969
B0061PLUUC,1,5.0,0.8625
B0061PPLYI,20,3.8,0.6316
B0061RLDBG,1,2.0,0.0772
B0061S323C,1,5.0,0.9287
B0061S8PZW,2,5.0,0.9476
B0061UPYB8,1,5.0,0.9403
B0061UQ0G6,1,5.0,0.9838
B0061UQ2K0,4,4.0,0.7913
B0061UQ4ZI,3,4.0,0.7771
B0061UQ6ME,12,4.4167,0.7989
B0061UQ8Y0,1,1.0,0.6361
B0061UQBSS,7,4.4286,0.887
B0061VXX5Q,1,5.0,0.836
B0061WP7UO,1,3.0,0.7003
B00620UWM8,1,5.0,0.9704
B00622CYTK,5,4.0,0.8214
B00622CYVI,9,3.5556,0.8047
B00622CYVS,4,4.5,0.9392
B00622CYW2,5,4.4,0.8444
B00627CMY2,1,5.0,0.8555
B006285RPC,1,5.0,0.6486
B0062A87HA,50,3.8,0.4211
B0062BZE4S,1,2.0,0.8225
B0062C0LW2,1,5.0,0.8225
B0062JDQKY,1,1.0,-0.7096
B0062MAJPG,1,2.0,0.3804
B0062MEOTI,2,3.0,0.2392
B0062MZU3W,1,5.0,0.8932
B0062RL1ZS,1,2.0,0.836
B0062TYZFE,1,5.0,0.8555
B0062U11QE,1,4.0,0.9565
B0062V9GSI,1,5.0,0.8885
B0062XYGOA,1,3.0,0.6808
B0062YN62C,1,5.0,0.8969
B00630KD4Y,1,4.0,0.946
B00630L7E4,1,5.0,0.4203
B006311NS8,1,5.0,0.4939
B006322WXM,1,5.0,0.9342
B00634JM8I,1,5.0,0.921
B00634YDEQ,7,4.5714,0.809
B00634Z6BA,1,4.0,0.8658
B00636BW5M,1,1.0,0.0258
B006372VPQ,1,5.0,0.9837
B00637N4H0,3,5.0,0.9449
B00638DJXI,2,4.5,0.7554
B006392M7Q,3,5.0,0.7587
B006392MMG,4,4.75,0.8316
B0063AM7P2,1,3.0,-0.3612
B0063GFG3G,1,5.0,0.9738
B0063J1OIY,1,5.0,0.7351
B0063J1Q1E,1,5.0,0.9916
B0063KR3II,1,1.0,0.8979
B0063MXMHM,1,4.0,0.9217
B0063Z57GI,1,5.0,0.3818
B006424QAS,1,1.0,0.5994
B00642EWDO,2,5.0,0.9456
B006449TLW,1,5.0,0.9738
B00645NBLK,1,4.0,0.8591
B00645QKEA,1,5.0,0.5994
B00646AXXI,2,5.0,0.859
B0064A2S6O,2,3.0,0.66
B0064A72UG,1,5.0,0.9634
B0064BAOR8,1,5.0,0.743
B0064BEEPQ,1,3.0,0.9774
B0064EMCYI,3,3.3333,0.449
B0064KFQ36,1,5.0,-0.4215
B0064KFWGW,1,5.0,0.9058
B0064KHV0M,1,5.0,0.8658
B0064KICBE,1,4.0,0.7423
B0064KIVGK,1,4.0,0.6674
B0064KJ3US,1,1.0,0.3612
B0064KJ5MY,1,1.0,0.3612
B0064KJCZE,1,1.0,0.3612
B0064KKA1E,1,4.0,0.1027
B0064KKAIC,1,4.0,0.7243
B0064KKN1Q,1,5.0,0.9578
B0064KKTT2,1,5.0,0.9578
B0064KO0BU,1,1.0,-0.5283
B0064KO8AI,1,5.0,0.8271
B0064KODO4,1,3.0,0.5267
B0064KOEJ8,1,5.0,0.9169
B0064KOG2S,1,5.0,0.9169
B0064KOOD4,1,5.0,0.7964
B0064KOTN4,1,1.0,0.6124
B0064KR008,1,1.0,-0.0258
B0064KRW7O,1,4.0,-0.2732
B0064MEUS6,1,1.0,0.2023
B0064MGPHA,1,5.0,0.1531
B0064O78HE,1,3.0,-0.6369
B0064O79BO,1,5.0,0.9892
B0064R7FEM,1,4.0,0.9349
B0064RSYKG,1,5.0,-0.0258
B0064S9USU,1,1.0,-0.4617
B0064SHRF8,3,5.0,0.8211
B0064U3OGC,1,5.0,0.6369
B0064UD6K6,1,5.0,0.9593
B0064UMT2C,1,5.0,0.9784
B00650GK58,1,4.0,0.7717
B00653S7II,1,1.0,-0.3804
B0065457K8,1,4.0,0.9535
B00654I0XE,2,3.5,0.9732
B00654I9E4,1,5.0,0.9501
B00654NGE2,1,5.0,0.5563
B00654NNGI,1,4.0,0.9481
B006568410,2,4.5,0.6874
B006569IIS,1,5.0,0.5267
B006586QXG,2,3.5,0.9162
B00658LYXI,3,3.3333,0.5313
B0065AOUKK,1,5.0,0.9392
B0065C7VB8,1,1.0,0.5994
B0065D3L0C,1,5.0,0.9423
B0065EQYLE,15,4.6667,0.6586
B0065H0XGS,1,5.0,0.8709
B0065JENSU,1,5.0,0.986
B0065L5X82,1,5.0,0.7096
B0065MJETU,1,1.0,0.8845
B0065P7DCW,1,4.0,0.9719
B0065PMF5M,1,5.0,0.7403
B0065Q0562,1,5.0,0.8934
B0065Q9AMC,1,5.0,0.9657
B0065S65QY,1,5.0,0.9835
B006609HYI,2,3.0,0.4058
B00663GAVS,1,5.0,0.9432
B0066669HU,1,5.0,0.9788
B006670GUU,1,5.0,0.6908
B00668KXVQ,1,4.0,0.4767
B00669R00M,1,5.0,0.9587
B0066ADLVS,1,1.0,0.4588
B0066DMI6Y,2,4.5,0.8982
B0066FET1Y,5,4.4,0.6591
B0066LMXPM,1,5.0,0.9578
B00671EI6I,1,5.0,0.6369
B0067414D0,1,5.0,0.9001
B0067543G4,1,1.0,0.6808
B0067DF1MG,1,5.0,0.9899
B0067E27JK,1,5.0,0.9848
B0067E2LU0,2,5.0,0.4478
B0067E2LUU,1,2.0,0.5106
B0067EO5Q8,1,5.0,0.9274
B0067F1T48,1,5.0,0.7964
B0067GXISW,2,3.0,0.4464
B0067K00QG,1,4.0,0.9477
B0067LEJNU,1,5.0,0.9598
B0067MBEJ6,1,5.0,0.9623
B0067OTDHO,1,5.0,0.9651
B0067R3Q9M,1,5.0,0.6486
B0067TI2EY,1,2.0,0.204
B0067XXHPY,1,1.0,0.4019
B00683EI7O,2,4.5,0.9512
B00683FY54,1,4.0,0.9169
B006846XQ2,1,4.0,0.765
B00684AH9Q,1,5.0,0.8519
B00684ILVW,1,5.0,0.765
B00684ORJW,2,5.0,0.9854
B00684QSSK,1,5.0,0.6486
B00686GV1M,1,5.0,0.9724
B00686JA88,1,2.0,0.8718
B0068JA200,1,5.0,0.9543
B0068K2RAC,2,4.0,0.8906
B0068K2TBE,2,5.0,0.9591
B0068L2HQK,1,5.0,0.9136
B0068N69S0,1,5.0,0.8102
B0068P605K,2,5.0,0.9104
B0068QEKAG,1,5.0,0.9287
B0068RFY4Q,1,4.0,0.981
B0068S01UM,1,5.0,0.9337
B0068UKS8A,2,5.0,0.9318
B0068YY6TS,1,5.0,0.9661
B0068ZX8LY,1,5.0,0.91
B0068ZXD8C,1,4.0,0.8658
B00694HJNM,1,1.0,-0.25
B0069AA4Q0,1,1.0,0.4601
B0069ADCSW,1,5.0,0.8779
B0069AFIN4,4,5.0,0.6205
B0069DA4TO,1,4.0,0.9692
B0069DFVAG,1,4.0,0.9451
B0069DLEJ8,1,5.0,0.9299
B0069F6YLE,1,5.0,0.7351
B0069GOKGE,1,5.0,0.9647
B0069H08A0,1,5.0,0.2732
B0069KN836,1,5.0,0.9129
B0069N3YCS,1,5.0,0.9682
B0069RA1JI,1,5.0,0.5267
B0069V29S0,1,5.0,0.6604
B006A4R3BO,2,4.5,0.9482
B006A4R60C,3,5.0,0.9443
B006A4R6OS,2,5.0,0.9169
B006AA5JKA,6,4.3333,0.8795
B006AAJVT0,1,4.0,0.7964
B006ABD2JO,2,5.0,0.8892
B006ABD3DY,1,5.0,0.9601
B006ACAID6,3,5.0,0.9284
B006ACAK3O,1,4.0,0.4588
B006ACQY3E,11,4.8182,0.7331
B006ACQY66,6,4.8333,0.7309
B006ACQY8Y,6,4.8333,0.7876
B006ACQYB6,7,4.5714,0.8267
B006ACQYXY,10,4.5,0.645
B006AH9E2M,3,5.0,0.8273
B006AWVI12,1,5.0,0.4215
B006AWY4BI,1,5.0,0.5719
B006AX37RO,1,5.0,0.8658
B006AYVAH2,1,5.0,0.8225
B006B3PWLW,2,4.5,0.836
B006B5JXDI,1,5.0,0.9192
B006B9VUN0,1,3.0,-0.3182
B006BAT4VE,1,5.0,0.8709
B006BB4USK,1,1.0,0.7783
B006BC8HV0,1,5.0,0.9926
B006BXUHZ8,1,5.0,0.9383
B006BXUPAK,1,4.0,0.6124
B006BXUVPY,11,3.9091,0.827
B006BXUY2Y,13,3.8462,0.9004
B006BXUYCE,2,5.0,0.8918
B006BXUYN8,14,3.8571,0.9204
B006BXUZQY,1,3.0,0.6369
B006BXUZTQ,1,5.0,0.9468
B006BXUZVO,13,4.2308,0.9027
B006BXV130,22,3.5909,0.7457
B006BXV14E,14,3.9286,0.9562
B006BXV176,16,3.1875,0.6176
B006BXV1H6,25,3.84,0.8476
B006C2AAHI,1,5.0,0.8176
B006C2KZMI,2,3.5,0.8906
B006C76090,1,5.0,0.7579
B006CBD79M,1,5.0,0.9761
B006CCEPME,1,3.0,0.6801
B006CFVVCS,1,4.0,0.6901
B006CFVXC6,1,1.0,0.7717
B006CFVXSU,2,5.0,0.9709
B006CFW3CA,1,5.0,0.5936
B006CGURWM,1,1.0,0.1027
B006CH35TS,1,4.0,0.861
B006CMVE7S,1,5.0,0.8749
B006COU7JC,1,5.0,0.9565
B006CQM02W,1,2.0,0.0
B006CVL31Q,1,5.0,0.9942
B006D0POUW,1,2.0,0.5678
B006DA6O60,1,1.0,0.0
B006DBBL0I,1,5.0,0.7751
B006DHJW2Q,4,5.0,0.8981
B006DK1Y4W,1,4.0,0.9347
B006DMVQ66,1,1.0,0.3182
B006DQZ04Q,7,2.2857,0.1354
B006DQZ064,10,2.3,0.5568
B006DR0HMU,1,4.0,0.4215
B006E0NDFO,1,5.0,0.9477
B006E0NFQG,1,5.0,0.8555
B006E0O6CS,1,1.0,0.1531
B006E5E8O4,1,1.0,-0.3182
B006E9PPCE,2,5.0,0.7617
B006ECDRH6,1,4.0,0.9686
B006EKPNJ8,2,3.0,0.1405
B006EPELQY,2,5.0,0.8154
B006EQ0J50,1,4.0,0.9799
B006ESVEJI,4,4.5,0.8191
B006EV8ZEW,1,1.0,0.5574
B006F2NYI2,1,5.0,0.9682
B006F5TOD8,1,4.0,0.7506
B006F6I9OM,1,5.0,0.3612
B006F787RA,1,5.0,0.7639
B006F8G6RC,1,5.0,0.978
B006F8S2JW,1,5.0,0.6486
B006F8W4T6,1,4.0,0.9509
B006FC4256,5,5.0,0.8711
B006FFC6E2,1,5.0,0.7269
B006FFC7NW,1,5.0,0.7964
B006FFCKJS,1,5.0,0.9117
B006FK9HMQ,1,5.0,0.9081
B006FKMB1K,2,5.0,0.7146
B006FL5OFY,1,5.0,0.8555
B006FLJN6A,1,5.0,0.6486
B006FQGQMO,1,5.0,0.8402
B006FQLLO2,1,5.0,0.9118
B006FRYOXG,1,5.0,0.0
B006FRYOYA,1,5.0,0.8968
B006FS0NSA,1,5.0,0.9762
B006FTBND8,3,4.0,0.789
B006FTBNF6,1,4.0,0.3597
B006FUL3XC,3,5.0,0.9394
B006FUL4AE,1,5.0,0.8987
B006FX6UKU,1,3.0,0.9442
B006FXW388,1,5.0,0.4432
B006FXWBIA,1,5.0,0.959
B006G1C6K4,7,4.4286,0.71
B006G67A1Y,10,4.2,0.8092
B006G7WC0W,2,3.5,0.238
B006G7WC1G,2,4.5,0.722
B006G7WCTI,4,3.75,0.4996
B006G7WCX4,2,4.0,0.7612
B006G7WCZ2,2,4.0,0.7634
B006G7WDVU,1,5.0,0.8176
B006G7XV7A,7,4.0,0.9001
B006G7Z5UQ,1,5.0,0.9564
B006G7Z5WE,2,3.0,0.9384
B006GA666U,50,4.14,0.7995
B006GBAZDO,1,1.0,-0.1458
B006GCMGMQ,1,5.0,0.9752
B006GCMI5Q,3,5.0,0.7607
B006GCMIE2,1,1.0,0.9628
B006GCULCI,2,4.0,0.569
B006GGQONY,2,5.0,0.7722
B006GHBCLM,1,5.0,0.7778
B006GIS3EA,2,5.0,0.7483
B006GIXJ08,1,5.0,0.8316
B006GK48MO,1,4.0,0.9571
B006GOIYXO,1,5.0,0.7579
B006GQZHK0,1,5.0,0.9245
B006GR58SA,1,5.0,0.891
B006GRKQ0K,1,1.0,0.6369
B006GSZG7C,1,5.0,0.872
B006GU1LKQ,2,4.5,0.7084
B006GWAC72,1,5.0,0.7422
B006GZYU04,2,5.0,0.9394
B006GZZ3BO,1,5.0,0.9217
B006GZZ7YC,1,4.0,0.9479
B006GZZ9B8,1,5.0,0.9771
B006GZZASU,1,5.0,0.9169
B006H32VYC,23,4.1304,0.8579
B006H33J8E,1,4.0,-0.9608
B006H33MPE,1,3.0,0.1103
B006H33NL2,2,5.0,0.7403
B006H33NNU,1,1.0,0.9381
B006H34208,2,5.0,0.9116
B006H34C6C,1,5.0,0.9758
B006H34C7Q,1,1.0,0.7343
B006H34CUS,56,4.3929,0.8913
B006H3O2TO,1,5.0,0.7845
B006H4F7UQ,1,5.0,0.8176
B006H9QX6S,3,5.0,0.7701
B006HKDHDO,1,5.0,-0.4215
B006HKDJ32,1,5.0,0.9917
B006HLYOOE,1,2.0,0.6379
B006HN9CLM,1,5.0,0.9708
B006HV8I00,1,1.0,0.4215
B006HXL6QG,1,2.0,0.0
B006HY215A,1,4.0,0.4549
B006HY6AMA,1,4.0,0.9153
B006HYJM66,1,5.0,0.9876
B006HYLW32,103,4.2427,0.7715
B006HZXTLE,1,5.0,0.6808
B006IL2F0S,1,5.0,0.9914
B006ILRBWU,8,3.0,0.4698
B006IMBFAS,1,5.0,0.9633
B006IMBS64,1,5.0,0.4915
B006IMBVJI,1,5.0,0.5984
B006IMBWKG,1,5.0,0.9738
B006IMBXBE,1,5.0,0.5095
B006IMC2IC,1,5.0,0.9862
B006IMC3LS,1,5.0,0.4404
B006IPLJCE,1,5.0,0.4588
B006ISCWWC,1,5.0,0.9136
B006ISE7HA,1,5.0,0.9381
B006IWFQ62,1,5.0,0.9753
B006IWUFU4,1,4.0,-0.1779
B006J0WM5Q,1,5.0,0.7184
B006J0ZVIQ,1,1.0,-0.6664
B006J23YQ0,1,5.0,0.8934
B006J2ROXO,1,1.0,-0.7947
B006J3S9P0,2,5.0,0.8864
B006J3S9WI,1,5.0,0.9846
B006J4L09Q,1,5.0,0.9337
B006J4MAIQ,22,4.5909,0.9185
B006J4MAUE,26,4.8462,0.9114
B006J7GJQW,2,4.0,0.5074
B006J7TAHM,1,5.0,0.9371
B006J9XPBW,3,4.6667,0.9313
B006J9XPHQ,1,5.0,0.8934
B006JG8704,1,3.0,0.765
B006JG89BG,1,5.0,0.9169
B006JG8ALK,5,3.8,0.8342
B006JG8CW2,1,5.0,0.9393
B006JGHIM2,1,4.0,0.9864
B006JGHJ12,1,4.0,0.7984
B006JUUKN2,3,4.0,0.9119
B006JUV0S6,1,5.0,0.9217
B006JVEKNM,1,5.0,0.9877
B006JW4VVM,2,5.0,0.6828
B006JWQG1K,1,5.0,-0.5423
B006JXEKQC,1,5.0,0.8074
B006JXY0E4,1,2.0,0.9637
B006K02VJC,1,3.0,0.6908
B006K10TXQ,1,5.0,0.836
B006K2ZZ7K,2,5.0,0.9388
B006K31I2A,1,5.0,0.6222
B006K329DM,1,5.0,0.8481
B006K3D3SW,1,5.0,0.875
B006K3KBJ6,1,5.0,0.6249
B006K3QKFK,1,4.0,0.9618
B006K3U7HC,1,5.0,0.9501
B006K3UN6M,1,5.0,0.9153
B006KI44I0,5,4.4,0.7488
B006KK4GUO,5,4.0,0.9079
B006L4FMR0,2,4.5,0.7868
B006L6XMAM,1,5.0,0.975
B006L71NXO,2,4.5,0.9564
B006L72E4G,1,4.0,0.0
B006L78JPO,1,5.0,0.9657
B006L80IGQ,1,5.0,0.6249
B006LBN7TS,1,5.0,0.9648
B006LEEWL2,1,1.0,0.5859
B006LGW672,1,5.0,0.8676
B006LGWTEC,1,3.0,0.9851
B006LGWTEW,1,5.0,0.9403
B006LLWELA,1,5.0,0.8979
B006LMIPC6,1,5.0,0.9558
B006LMXJEU,1,5.0,0.0
B006LO05P4,4,3.25,0.6627
B006LP53QY,2,4.5,0.9663
B006LS3QT2,1,5.0,0.991
B006LXIJ2G,1,1.0,0.7579
B006LXIJBC,2,5.0,0.9672
B006LXKK5U,1,5.0,0.9661
B006M00EAS,1,5.0,0.8824
B006M542TW,1,5.0,0.9022
B006M98TE2,1,1.0,0.3612
B006MICXMM,1,1.0,0.25
B006MNCIOU,1,5.0,0.9643
B006MOFJDG,1,4.0,0.6736
B006MONQMC,99,3.4242,0.8871
B006MT4QNK,2,2.5,0.3898
B006MV9U0W,1,5.0,0.8402
B006MW5DGG,1,5.0,0.8969
B006MYMA0Q,1,5.0,0.9403
B006N08SPA,11,4.0,0.6105
B006N3HWGS,2,5.0,0.8231
B006N3HWTU,1,1.0,0.8658
B006N3HX6C,5,4.4,0.7984
B006N3HXIK,2,4.5,0.6451
B006N3HY48,3,4.3333,0.8652
B006N3HYDE,3,4.3333,0.6216
B006N3HYNO,5,4.0,0.749
B006N3HYYS,26,4.1923,0.7161
B006N3HZ6K,60,4.3333,0.7255
B006N3HZD8,1,5.0,0.8908
B006N3HZL0,2,4.5,0.9184
B006N3I0DM,48,4.1458,0.8417
B006N3I0N2,31,4.2258,0.699
B006N3I1HM,39,3.9487,0.7207
B006N3I1QI,4,4.0,0.7756
B006N3I1ZO,3,3.6667,0.8072
B006N3I29E,48,4.3333,0.6977
B006N3I2JE,1,5.0,0.8074
B006N3I2SK,22,4.4545,0.8112
B006N3I32K,3,4.0,0.8955
B006N3I3I4,34,4.5294,0.8408
B006N3I3Q6,7,4.2857,0.8524
B006N3I492,3,5.0,0.6274
B006N3I4HY,1,5.0,0.8957
B006N3I56E,4,4.25,0.4318
B006N3I5N2,4,5.0,0.8735
B006N3I5XW,2,5.0,0.5879
B006N3I69A,17,1.1176,-0.0653
B006N3I79Y,16,4.4375,0.686
B006N3I7JO,8,3.125,0.4321
B006N3I7S0,7,4.4286,0.7615
B006N3I84I,21,4.4762,0.8576
B006N3I8FC,8,4.125,0.6304
B006N3I8PC,11,4.2727,0.7066
B006N3I8ZW,1,4.0,0.4404
B006N3I99C,8,3.75,0.5346
B006N3I9OC,4,4.0,0.4121
B006N3IA1O,2,5.0,0.8528
B006N3IAGE,4,3.75,0.6953
B006N3IE6A,73,3.7123,0.7085
B006N3IG4K,79,3.7722,0.6335
B006NGE0PG,4,4.75,0.9418
B006NGE15U,2,5.0,0.8274
B006NGE1G4,3,2.6667,0.8565
B006NJJBWU,1,1.0,0.8271
B006NKKR4A,1,1.0,-0.765
B006NOFYUS,2,4.5,0.8621
B006NWGCYW,1,5.0,0.8744
B006NZHCJI,1,4.0,0.9894
B006O1SX3A,1,1.0,0.9735
B006O2NO60,1,1.0,0.25
B006O2T7E8,1,5.0,0.8689
B006O320VO,3,4.6667,0.9574
B006O8AHIC,1,4.0,0.928
B006O9WAHW,4,4.75,0.9076
B006OFZGHW,1,1.0,0.1531
B006OFZGWW,2,2.0,-0.2384
B006OGZB58,1,5.0,0.9703
B006OI35LS,1,5.0,0.9301
B006OP25FS,1,5.0,0.5423
B006OQJK28,1,5.0,0.8928
B006OQLA44,2,5.0,0.8243
B006P0QXMI,1,5.0,0.8678
B006P2TKHQ,1,5.0,0.9552
B006P9XEW6,1,5.0,0.8519
B006PKELFY,1,5.0,0.9403
B006PX6X20,1,5.0,0.9413
B006Q7YFJS,1,5.0,0.5574
B006Q7YFLQ,16,4.0625,0.9689
B006Q7YG24,22,3.5,0.8588
B006Q7YG2O,25,4.08,0.8362
B006Q7YG56,16,3.9375,0.9392
B006Q820X0,36,3.1667,0.5528
B006Q9YCIA,1,5.0,0.9712
B006QB9B1Q,3,5.0,0.8951
B006QBK1B0,1,5.0,0.6115
B006QFV68S,1,5.0,0.9403
B006QG51PG,1,5.0,0.9607
B006QG546W,2,5.0,0.9698
B006QQ2P3M,2,2.5,0.2444
B006QV1VVO,1,5.0,0.9436
B006QYNLKU,1,4.0,0.9611
B006QYO9TC,1,1.0,0.0772
B006R0Q8D0,1,5.0,0.9649
B006R0Q8PI,1,5.0,0.34
B006R1E6NS,1,5.0,0.875
B006R20KR8,2,5.0,0.8948
B006R8X6OQ,1,5.0,0.9808
B006RACCTO,2,5.0,0.8904
B006REQ5ZW,1,5.0,0.4404
B006RI82FE,1,1.0,-0.7096
B006RJIYLA,1,5.0,0.9916
B006RK00OI,1,5.0,0.7003
B006RL3ABW,1,5.0,0.9282
B006RN8HHC,1,5.0,0.9586
B006RNGWFG,1,5.0,0.9437
B006RODC1M,3,3.6667,0.0895
B006RT5PW6,2,3.0,0.5723
B006RYAWMO,1,5.0,0.9201
B006SF65HS,1,5.0,0.9584
B006SJOFLM,1,5.0,0.9698
B006SKDJ36,1,4.0,0.9848
B006SQ28A0,1,5.0,0.9819
B006SQE4CK,1,5.0,0.9811
B006ST8FTA,2,4.0,0.283
B006SW2DYA,1,2.0,0.8655
B006SXN8VQ,4,4.75,0.924
B006T15BWQ,1,1.0,0.5042
B006T919PQ,1,1.0,0.5423
B006TACZD0,1,5.0,0.9956
B006TGZT78,1,2.0,0.3612
B006TJTS8G,1,5.0,0.7783
B006TJUVDC,1,5.0,0.6369
B006TJVY42,1,1.0,0.3612
B006TTY62Y,1,5.0,0.725
B006TUSOI0,1,1.0,-0.3182
B006TUSOV2,1,5.0,0.926
B006TWXR7G,1,5.0,0.7906
B006TX35KY,1,5.0,0.9524
B006TX3ZL8,1,5.0,0.0772
B006U0WFP2,1,3.0,0.7096
B006U1XCAI,4,3.75,0.296
B006U3X90E,1,5.0,0.7815
B006U3ZZGA,1,3.0,0.5574
B006U8OAFC,1,5.0,0.6124
B006U9EW40,1,5.0,0.7783
B006UA0JZ0,1,5.0,0.9785
B006UCU9MQ,1,2.0,0.8126
B006UCUAKC,1,5.0,0.6369
B006UGJ04K,1,1.0,-0.34
B006UH2SSO,1,5.0,0.8519
B006UI0JSO,1,5.0,0.9401
B006UK168Y,1,5.0,0.9949
B006UL4POA,1,4.0,0.7506
B006ULDUIC,1,5.0,0.7783
B006ULZHZQ,1,5.0,0.9359
B006UM6D94,2,4.5,0.869
B006UMHCRQ,1,4.0,0.0754
B006UZKFQI,1,5.0,0.9186
B006V3TMUO,3,4.3333,0.7688
B006V79HT6,3,5.0,0.9246
B006V79I4U,1,5.0,0.9913
B006V7VOS8,1,5.0,0.8481
B006VC0ZYM,7,4.1429,0.7362
B006VCJZ9S,1,5.0,0.743
B006VFH0M4,1,5.0,0.9225
B006VG0H6O,1,5.0,0.9231
B006VGH9WO,1,4.0,0.9888
B006VJ9KX2,4,4.5,0.4656
B006VJIMK4,1,4.0,0.8858
B006VKZCGK,3,4.6667,0.6084
B006VRQLWM,9,5.0,0.8502
B006VRTQW4,11,4.0,0.6496
B006VRTQYC,15,3.3333,0.3021
B006VRTQZG,22,4.5455,0.6809
B006VRTR0K,7,4.8571,0.8856
B006VTPO5K,1,3.0,0.989
B006VXU6ZO,2,4.5,0.7514
B006VY2THQ,1,5.0,0.9879
B006VYHRE6,1,5.0,0.9709
B006W46WV4,1,5.0,-0.5565
B006W5WAL4,19,4.7368,0.808
B006W5WBUO,1,5.0,0.3612
B006W5WDS4,13,3.9231,0.5106
B006W5WET2,3,5.0,0.44
B006W5WGFE,3,5.0,0.4808
B006W5WH5S,6,4.3333,0.8433
B006W6YHHI,10,4.7,0.8577
B006W6YHRS,7,4.5714,0.9401
B006W6YHV4,11,4.8182,0.8805
B006W6YHYQ,11,4.8182,0.8362
B006WA2H9Y,1,5.0,0.5994
B006WAFSC2,1,5.0,0.8883
B006WAPM6O,1,5.0,0.9948
B006WC71X4,3,3.6667,0.3654
B006WG0H90,1,5.0,0.5859
B006WH1QNU,1,5.0,0.8316
B006WJHOX4,5,3.8,0.6854
B006WLNUWG,21,4.619,0.7879
B006WN01JY,1,5.0,0.836
B006WN01KS,1,5.0,0.9601
B006WN01P8,1,5.0,0.9327
B006WOFLL6,1,5.0,0.9741
B006WP5UC0,3,3.6667,0.9005
B006WVIPDU,2,5.0,0.9466
B006WW4P0Q,1,5.0,0.9081
B006WW84VW,1,5.0,0.0516
B006WW864W,2,1.0,-0.4944
B006WWFNCA,1,4.0,0.3612
B006WWLX7O,1,5.0,0.9705
B006WYSFZK,38,4.1053,0.6149
B006WYUFDU,1,5.0,0.8553
B006WYUUQC,2,4.0,0.9286
B006X19KQA,1,5.0,0.9432
B006X1A9VU,1,5.0,0.6808
B006XAFWB8,1,5.0,0.3182
B006XB7LBG,1,5.0,0.9325
B006XEGXCG,2,5.0,0.8892
B006XJX0CC,1,5.0,0.9545
B006XKEB9W,1,4.0,0.7579
B006XL9W7W,1,5.0,0.6705
B006XLELPU,1,5.0,0.9633
B006XLHUK8,1,5.0,0.8979
B006XS12O6,1,1.0,0.128
B006XYTJX6,1,5.0,0.1027
B006XYUS5O,2,5.0,0.9348
B006XYUZ9I,1,5.0,0.5859
B006Y02OZO,9,3.6667,0.6405
B006Y0QIOM,1,1.0,0.3597
B006Y654HS,1,5.0,0.7559
B006Y7WDZS,1,5.0,0.8738
B006Y7WEZC,1,5.0,0.91
B006YBQGE8,2,5.0,0.7893
B006YC3RQC,1,1.0,0.0865
B006YDG3Q2,1,3.0,0.575
B006YJW6TO,1,5.0,0.5719
B006YTFLNM,1,4.0,0.9729
B006YUSFDE,1,1.0,-0.4243
B006Z0Z6WG,1,4.0,0.9719
B006Z13GZY,1,5.0,0.5577
B006Z2AING,1,5.0,0.9136
B006Z6FATY,1,5.0,0.6249
B006Z7N3GA,1,3.0,0.4404
B006Z80ND0,1,1.0,0.3818
B006Z9UHIU,1,5.0,0.5859
B006Z9W4X6,1,1.0,0.6808
B006ZAHD90,1,5.0,0.9949
B006ZBFE8G,1,5.0,0.9485
B006ZC3IHY,3,5.0,0.8217
B006ZGE2JS,1,4.0,0.9732
B006ZN0WM2,1,5.0,0.9735
B006ZNYL5Q,1,5.0,0.8861
B006ZOWALM,2,5.0,0.7914
B006ZOZUGE,1,5.0,0.2732
B006ZP9RJY,1,5.0,0.4215
B006ZPJKZA,1,5.0,0.8934
B006ZXYMI2,1,5.0,0.939
B006ZZC0FW,12,4.0,0.482
B007001RLE,1,5.0,0.7787
B007029BS8,1,5.0,0.2751
B00702DYSQ,2,4.0,0.9214
B0070CGXN4,2,3.0,0.8697
B0070CRF0O,1,4.0,0.9761
B0070SGNS8,15,4.7333,0.868
B0070XU33E,1,5.0,0.9393
B00711SU62,1,5.0,0.9677
B00714H77W,1,5.0,0.8481
B00716NU08,1,5.0,0.8225
B00716YKES,1,5.0,0.8519
B00718VLDE,2,5.0,0.9428
B00719WZNS,1,1.0,0.6686
B0071BGUR8,1,5.0,0.7269
B0071CEPTC,1,5.0,0.9468
B0071CIQYW,1,5.0,0.7783
B0071DXL5K,1,5.0,0.8126
B0071E0CM4,1,5.0,0.8934
B0071FR66S,1,5.0,0.0
B0071GGKFK,1,5.0,0.8707
B0071H5WJY,1,4.0,0.7184
B0071H5WKS,1,5.0,0.9758
B0071H9PQ0,1,5.0,0.802
B0071JEJ1O,1,3.0,0.8852
B0071NOCZI,1,1.0,-0.34
B0071PNP6S,1,3.0,0.1999
B0071Q5FOW,1,5.0,0.6285
B0071QIXUK,1,5.0,0.9869
B0071QZSYO,1,5.0,0.9654
B0071ZPQC4,1,5.0,0.9432
B00720K09C,1,4.0,0.9454
B00721O2U4,1,5.0,0.919
B007221CAQ,1,5.0,0.8016
B00722TA7I,1,5.0,0.9371
B007237380,1,5.0,0.9312
B00723MKVK,1,3.0,0.9358
B00723MKY2,1,3.0,0.9358
B00724G9VG,2,3.5,0.9297
B00725704A,1,5.0,0.886
B0072570EA,1,4.0,0.8807
B007269EAM,1,5.0,0.926
B0072BHX6Y,1,5.0,0.8834
B0072D5T86,1,5.0,0.296
B0072DEPC2,1,5.0,0.7943
B0072DMZO2,1,5.0,0.9423
B0072OYLZW,1,2.0,0.9022
B0072Z1ZGY,1,2.0,0.8625
B00730JJVG,1,5.0,0.3818
B00736LDMI,1,3.0,0.8271
B0073C4T5K,1,5.0,0.765
B0073FSY76,2,5.0,0.2859
B0073GLEAO,1,5.0,-0.3626
B0073I282U,2,3.0,0.6942
B0073MM7S6,1,5.0,0.5095
B0073TOZTI,1,1.0,-0.0772
B0073TSE7M,1,2.0,0.7003
B0073UMCGA,1,5.0,0.6369
B0073VCBJ2,2,5.0,0.9522
B0073XTVBQ,2,4.5,0.7785
B0073XUMU0,2,5.0,0.9134
B00743HRFW,1,4.0,-0.2023
B00743W50O,1,4.0,0.4767
B007458C0O,1,5.0,0.9878
B00745DOK2,1,5.0,0.9118
B0074A4WX0,1,5.0,0.836
B0074A55TK,1,5.0,0.6486
B0074AR8IG,1,4.0,0.8074
B0074BHRSQ,1,5.0,0.8689
B0074ECCJ2,1,5.0,0.8979
B0074JN2MI,1,5.0,0.9531
B0074M3PQ8,1,5.0,0.9462
B0074RC11I,1,5.0,0.9743
B0074UGGNO,1,5.0,0.9274
B0074UHTHQ,1,4.0,0.8807
B0074VC0YC,1,4.0,0.7783
B0074YT37Q,2,5.0,0.9134
B00755J9UA,1,5.0,0.8285
B007570YC0,1,5.0,0.9571
B0075736MA,1,5.0,0.9785
B00757FH54,1,1.0,-0.6808
B00757UFHE,1,5.0,0.4563
B007588RCI,1,5.0,0.9936
B0075AKP3U,1,4.0,0.9854
B0075ALVJM,1,5.0,0.8885
B0075AMCF4,1,5.0,0.1779
B0075AMRD6,1,5.0,0.9829
B0075EXJBG,1,5.0,0.9441
B0075JP6GM,1,2.0,0.5267
B0075JTH7Q,25,4.52,0.741
B0075JTJ42,5,4.6,0.8329
B0075LFKRK,1,5.0,0.9652
B0075WWDKQ,2,4.5,0.958
B00764BRS2,23,4.0435,0.704
B00765PU2K,3,5.0,0.7796
B007678CL4,3,3.6667,0.4611
B007688X0I,1,4.0,0.998
B0076C1HS4,1,5.0,0.9393
B0076MA9Y2,2,3.5,0.1566
B0076MB68U,1,5.0,0.9313
B0076MLL12,46,4.1522,0.7078
B0076OMM5Y,1,5.0,0.9577
B0076R5D1Q,1,5.0,0.7675
B0076ROZUG,1,5.0,0.8555
B0076YG84A,1,3.0,0.7096
B0076YVPD4,3,3.0,0.8961
B0076YVPFC,3,3.3333,0.8902
B0076YVPKC,2,4.0,0.8396
B0076YVPLG,4,3.75,0.8412
B0076YVPWU,3,3.6667,0.9719
B0076ZSEYQ,1,4.0,0.8126
B0076ZYY4U,3,3.6667,0.4661
B00770CDQ0,1,5.0,0.9872
B00770RJU0,2,2.0,-0.1218
B00771LP7M,1,4.0,0.9393
B007729RBC,1,4.0,0.9816
B00778CSBM,1,3.0,0.9493
B00778GG1K,1,5.0,0.926
B00778GO44,1,5.0,0.9468
B0077972XU,1,1.0,-0.7721
B0077CVRVU,1,5.0,0.7579
B0077D0UL2,1,5.0,0.9678
B0077D2MLI,1,2.0,0.9519
B0077D90PY,1,5.0,0.4472
B0077DF4Q8,1,5.0,0.9022
B0077DRB6Y,1,4.0,0.9153
B0077DS8JS,1,4.0,0.8834
B0077DTRXE,1,5.0,0.9565
B0077DTS24,1,5.0,0.979
B0077MS56U,4,4.25,0.8882
B0077QT25O,1,4.0,0.9643
B0077RTDTI,1,3.0,-0.2023
B0077RUFNQ,1,5.0,0.8632
B0077VCD5A,1,1.0,0.9016
B00785V2G6,1,5.0,0.9324
B0078DOROW,1,5.0,0.926
B0078DPDMC,1,5.0,0.6249
B0078DPE12,1,5.0,0.802
B0078DPI1I,1,1.0,0.0
B0078DQ358,1,5.0,0.9245
B0078DQ8FS,1,5.0,0.9001
B0078DQ8G2,1,4.0,0.765
B0078DQ8H6,1,5.0,0.926
B0078DQFRY,1,5.0,0.9612
B0078DQGDM,1,1.0,-0.4639
B0078DSNG0,1,5.0,0.3818
B0078DT6TI,1,3.0,0.8271
B0078DU6HY,1,5.0,0.9201
B0078DV5XS,1,5.0,0.9933
B0078ETZXE,1,1.0,-0.6246
B0078EZHZE,10,4.8,0.8218
B0078OYZWK,1,2.0,0.5994
B0078P883Q,1,5.0,0.3182
B0078T97U0,1,5.0,0.9774
B0078TRYIW,4,5.0,0.8173
B0078TZVAK,1,5.0,0.9138
B0078U6SS8,1,1.0,-0.25
B0078UZH6W,1,5.0,0.9686
B0078XKX0E,1,5.0,0.3612
B0078Y6CN0,25,3.44,0.5496
B0078Y6OX8,29,3.8621,0.5968
B00791V0S4,1,5.0,0.9261
B00791V1WO,1,4.0,0.9309
B007936172,1,1.0,0.9322
B00794EB8M,1,5.0,0.926
B007956OVS,1,1.0,0.7269
B00795W22S,1,5.0,0.765
B00796NCC6,1,5.0,0.9437
B0079BT1CQ,1,5.0,0.9554
B0079J3TXU,1,4.0,0.9951
B0079J7YHW,1,3.0,-0.6204
B0079LSXQ6,1,5.0,0.7572
B0079LT71G,1,4.0,0.8999
B0079LUEOA,1,5.0,0.9337
B0079OKQ0E,1,5.0,0.5106
B0079OOG7S,1,5.0,0.9578
B0079OR0TE,1,1.0,0.6369
B0079R6ACE,1,5.0,0.4767
B0079UWMWS,1,1.0,0.9432
B0079YAR3U,1,1.0,0.3612
B0079YCG8Y,1,5.0,0.9732
B007A1DNB0,1,5.0,0.872
B007A3Q3YM,1,5.0,0.9885
B007A3TBXM,2,4.5,0.7364
B007A4LYX6,1,5.0,0.9393
B007A69OZE,1,1.0,-0.4767
B007A69PNU,1,1.0,-0.4767
B007A69QB6,1,1.0,-0.4767
B007A6RQQI,1,5.0,0.9638
B007A9WEAS,1,1.0,0.5994
B007AIN80Y,1,5.0,0.9335
B007AINSCM,1,5.0,0.34
B007AJUUQS,1,5.0,0.9535
B007AK3VC2,1,5.0,-0.4404
B007AKFDOG,1,5.0,0.9678
B007ATOR2Q,5,3.8,0.635
B007ATRW4G,1,5.0,0.886
B007AU3HT4,1,5.0,0.98
B007AUJL30,1,5.0,0.9571
B007AXVG8K,1,2.0,0.7003
B007B1L8IE,1,4.0,0.9799
B007B1P3UI,1,5.0,0.8271
B007B2C1CA,1,4.0,0.9754
B007B2SYF8,1,1.0,-0.7845
B007B4WRHM,1,5.0,0.9615
B007B6WI7Y,2,3.5,0.8192
B007B83UOC,1,5.0,0.8658
B007B840KA,1,5.0,0.9595
B007B9EMHK,2,5.0,0.9338
B007B9GTDA,1,5.0,0.8563
B007B9GTE4,1,5.0,0.9885
B007B9GTGM,1,5.0,0.9431
B007B9I8NY,2,4.5,0.7514
B007B9J6G2,1,1.0,-0.0772
B007B9UETK,1,5.0,0.9013
B007B9UF58,1,2.0,0.5975
B007B9UI1Y,1,5.0,0.9907
B007B9UIEQ,1,3.0,0.9589
B007B9ULPC,1,5.0,0.9274
B007B9ULV6,2,1.5,0.5768
B007B9UT68,1,5.0,0.9482
B007B9YQ62,2,4.0,0.84
B007BACS6Q,2,5.0,0.9529
B007BENTO2,2,3.5,0.9711
B007BEYJG4,1,3.0,0.5291
B007BF3RZC,1,2.0,0.9217
B007BIUB62,3,4.6667,0.3358
B007BK7PX2,1,2.0,0.3818
B007BLG4YC,1,5.0,0.4215
B007BNX32Q,1,5.0,0.902
B007BO4IIS,1,5.0,0.6249
B007BSA8OC,1,5.0,0.7003
B007BTKCRY,5,5.0,0.5896
B007BTN97Y,3,5.0,0.9077
B007BXXXLC,3,4.3333,0.848
B007C68FIE,1,5.0,0.8591
B007C68HFA,1,5.0,0.9511
B007C69B1E,1,1.0,0.0
B007C7YSVQ,1,5.0,0.9628
B007C8IW9E,1,5.0,0.2732
B007CBBH2U,2,5.0,0.6586
B007CCSGD2,1,5.0,0.8316
B007CD12GO,1,5.0,0.8519
B007CJ95TE,3,4.6667,0.8163
B007CLPY7O,1,5.0,0.8658
B007CMHDD6,1,5.0,0.93
B007CRJM5S,1,5.0,0.9423
B007D1M79Q,1,3.0,0.2732
B007D7OUE0,3,5.0,0.935
B007D7P9TK,1,2.0,0.0
B007DGS6XM,2,1.0,-0.4243
B007DIJ23S,1,5.0,0.6115
B007DJ0O9I,1,5.0,0.9771
B007DJZ1SW,1,4.0,0.854
B007DZZ8J8,1,4.0,0.9803
B007E9VDF6,2,4.5,0.7268
B007EAO1WW,1,5.0,0.7717
B007EC4K3A,1,5.0,0.9765
B007ED09DY,1,5.0,0.7783
B007EF6S6O,1,1.0,0.2732
B007EFRIK4,1,5.0,0.936
B007EHDD9M,1,1.0,0.8319
B007EHIWFW,1,1.0,0.7906
B007EIR478,3,2.6667,0.4276
B007EJHSN2,1,5.0,0.7717
B007EMYEOA,1,5.0,0.886
B007ERCRIA,1,5.0,0.9337
B007EW1RK4,1,5.0,0.9561
B007EWH7Q2,1,1.0,0.4767
B007EZZBDU,1,5.0,0.9799
B007F2EQEW,1,5.0,0.0
B007F9ON3E,1,5.0,0.9493
B007FE124C,1,5.0,0.9607
B007FFG6X8,2,5.0,0.65
B007FGJAIU,3,4.0,0.7158
B007FGPE80,1,5.0,0.8366
B007FK3HHG,5,3.8,0.5871
B007FK3JS8,6,4.5,0.686
B007FMNZ62,1,1.0,-0.6214
B007FPZP12,1,5.0,0.8316
B007FRACPE,2,4.5,0.892
B007FRAHSG,1,5.0,0.7778
B007FRAKXS,1,5.0,0.9413
B007FRAXHG,1,5.0,0.7717
B007FRAYKC,7,4.8571,0.9543
B007FRB35M,1,5.0,0.9788
B007FRB438,1,5.0,0.9887
B007FRBA96,1,5.0,0.6486
B007FRC4N2,1,5.0,0.8643
B007FRC86A,2,4.5,0.8166
B007FRCCKC,2,4.5,0.766
B007FRCIVA,1,5.0,0.9524
B007FRCMJS,1,5.0,0.9364
B007FRCNCE,2,5.0,0.7402
B007FRCQN0,1,4.0,0.6249
B007FRCVSU,1,5.0,-0.296
B007FRCWMK,1,5.0,0.3182
B007FRCXWO,1,5.0,0.9694
B007FRD1V6,1,3.0,0.6705
B007FRD3HI,1,5.0,0.778
B007FRD47C,1,4.0,0.8553
B007FRDDIC,1,5.0,0.9118
B007FRDHCY,1,5.0,0.802
B007FRDKXU,1,5.0,0.9871
B007FRDWLU,2,5.0,0.5858
B007FRDXMI,2,5.0,0.7302
B007FRDYPO,2,5.0,0.9356
B007FRE48A,2,3.5,0.875
B007FREGGK,1,5.0,0.8957
B007FREI5Y,2,5.0,0.8722
B007FRM6SA,1,1.0,0.2624
B007FRMPJ0,1,5.0,0.9735
B007FS8AL6,3,2.3333,0.727
B007FU9Z18,1,1.0,0.7906
B007FUA5K8,1,5.0,0.926
B007FUE4KK,1,5.0,0.8625
B007FYK0YK,1,4.0,0.9818
B007G92TMK,1,1.0,0.7096
B007G93CLC,1,1.0,0.7096
B007G93JYC,1,5.0,0.8555
B007G93MX0,1,5.0,0.9558
B007G93SQQ,1,5.0,0.8617
B007G93VL8,1,5.0,0.9705
B007GBH6TO,1,5.0,0.4404
B007GEKOGI,1,5.0,0.7506
B007GH0JN8,1,5.0,0.9169
B007GI1832,2,5.0,0.9832
B007GI8434,2,5.0,0.9622
B007GNR462,1,1.0,0.0
B007GPAR1E,1,5.0,0.9473
B007GPAR9G,1,2.0,-0.8932
B007GPARA0,2,3.5,0.0286
B007GPARJG,1,5.0,0.93
B007GPARNC,1,5.0,0.8979
B007GS5ZXQ,2,4.5,0.9209
B007GTZL7K,1,5.0,0.9022
B007GXGHFQ,1,5.0,0.891
B007GYQ6LA,12,3.5833,0.8288
B007H1CM6K,1,5.0,0.5423
B007H36NOU,1,5.0,0.2865
B007H9EPUS,1,5.0,0.9337
B007HEKO26,1,4.0,0.9136
B007HERNSO,4,5.0,0.8339
B007HP0I9E,2,3.5,0.9639
B007HP5C04,1,4.0,0.9987
B007HP5DF8,2,3.0,0.9414
B007HP5FLK,1,5.0,0.996
B007HP6C80,1,4.0,0.9965
B007HP6DBQ,1,4.0,0.9965
B007HP6G4A,1,5.0,0.99
B007HP6IDE,6,4.8333,0.969
B007HP6J9C,3,5.0,0.9907
B007HP6TVU,3,4.6667,0.9237
B007HP6WS0,1,4.0,0.9538
B007HP9S4U,1,4.0,0.989
B007HRPXZG,1,4.0,-0.5106
B007HS7CRW,1,5.0,0.765
B007HSBTUI,1,2.0,0.2263
B007I1VEJU,1,5.0,0.6705
B007I6HGM4,1,5.0,0.9758
B007I7YZJK,60,3.7,0.7643
B007I7Z3Z0,71,3.7887,0.8003
B007IEFJ0M,2,2.5,0.2001
B007IIRHPI,1,5.0,0.8122
B007IJCA6I,1,5.0,0.9578
B007IK7VQQ,1,1.0,-0.5302
B007IL3TWA,1,2.0,0.5267
B007IN5WQY,1,5.0,0.836
B007IOJ25U,1,5.0,0.9325
B007IVDTSE,1,5.0,0.8955
B007IVE938,1,1.0,0.946
B007IVEGD6,1,4.0,0.8834
B007IVFE46,1,4.0,0.911
B007IW2GDC,1,1.0,0.3182
B007IW3AFU,1,3.0,-0.1531
B007IW3MLM,1,1.0,-0.128
B007IW3WA8,1,4.0,0.9753
B007IX4C60,1,5.0,-0.0516
B007IX4DLO,1,5.0,0.9488
B007IXZP2A,1,5.0,0.9885
B007J6K3VE,1,5.0,0.969
B007J6KEPY,1,5.0,0.9855
B007J6KLAW,2,5.0,0.972
B007J6LBQA,3,3.6667,0.9662
B007JAXZT2,1,5.0,0.9835
B007JBLAMK,1,5.0,0.9956
B007JBLLK6,2,5.0,0.9792
B007JBO41E,5,5.0,0.9275
B007JFMH8M,163,4.5644,0.8464
B007JFMH96,16,3.375,0.8961
B007JFMIWW,14,3.7857,0.8257
B007JFV6KM,1,5.0,0.9231
B007JFV6RK,1,5.0,-0.3774
B007JFV6UC,1,4.0,0.5994
B007JFXWRC,36,4.1944,0.9333
B007JHXQQC,3,5.0,0.8069
B007JNMFEU,1,5.0,0.9869
B007JRYQ4I,1,5.0,0.8519
B007JSEB9W,1,1.0,-0.144
B007JT7AEY,10,4.0,0.7824
B007JT7AIA,13,4.3077,0.7361
B007JT7ARQ,12,4.0,0.7717
B007JTC4Q8,1,4.0,0.3612
B007JTGQXU,1,1.0,-0.5994
B007JTKEQK,2,5.0,0.9055
B007JV0SPU,2,5.0,0.963
B007JVI0A0,1,3.0,0.3182
B007JVSZUK,1,1.0,0.2732
B007JWZLJM,1,4.0,0.6597
B007JXVT3S,3,2.3333,0.4705
B007K449CE,17,4.2353,0.9232
B007K689GO,1,4.0,0.8576
B007K7EX2C,1,2.0,0.7003
B007K8PHM6,1,5.0,0.8074
B007KANTXI,1,5.0,0.7845
B007KFHOGG,2,3.5,0.6676
B007KIOBMS,5,4.6,0.4496
B007KIX4BC,1,5.0,0.9522
B007KNNCAU,1,5.0,0.7841
B007KNNKK2,1,5.0,0.7845
B007KNQJW8,3,1.3333,0.3404
B007KNWU3U,1,3.0,0.8316
B007KPFSJ6,2,4.5,0.8695
B007KPFTNG,2,4.5,0.8767
B007KPWA8S,1,3.0,0.5859
B007KQ7YYC,1,5.0,0.9022
B007KQAAH0,3,4.3333,0.8731
B007KTEZ78,2,4.0,0.9375
B007KWXFK8,1,5.0,0.8074
B007L3NVKU,25,4.32,0.7201
B007L61RPS,2,4.5,0.957
B007LMRH2O,1,5.0,0.8591
B007LO6NGI,2,5.0,0.8698
B007LS12CO,1,5.0,0.6249
B007M0I8D2,1,5.0,0.6124
B007M0J9X0,1,5.0,0.9914
B007M0NVLG,1,5.0,0.7964
B007M7V12U,1,4.0,0.9186
B007M832Y4,8,4.25,0.5506
B007M832YY,107,4.215,0.7891
B007M83302,100,4.29,0.7535
B007M833A2,1,5.0,0.3384
B007M84S9C,2,5.0,0.9377
B007M8AFYO,1,2.0,0.7269
B007M8FRU6,3,3.6667,0.6593
B007MAY97Q,1,2.0,0.818
B007MCGSNM,1,5.0,0.9887
B007MCRP7K,1,5.0,0.9585
B007MI2O6G,1,5.0,0.9186
B007MI2R4U,2,3.0,0.6518
B007MI2RU4,1,5.0,0.9364
B007MI2S9Y,1,5.0,0.8934
B007MJEAU8,1,5.0,0.9118
B007MJEBF2,1,5.0,0.9913
B007MJGX3U,1,4.0,0.9801
B007MJGX4O,1,5.0,0.926
B007MN5QCK,1,5.0,0.9974
B007MQU2XK,1,5.0,0.9168
B007MVIN5O,1,5.0,0.6369
B007N04AF6,7,4.2857,0.9237
B007N04AJ2,4,3.0,0.6153
B007N04AOW,2,4.5,0.8365
B007N04BY6,4,4.5,0.9423
B007N04BZA,9,3.7778,0.8523
B007N3KR7S,2,3.0,0.3184
B007N3KRYQ,1,2.0,0.8555
B007N68CC2,2,5.0,0.8826
B007N8SCBG,2,2.0,-0.5292
B007N9J9US,1,5.0,0.9274
B007NDD0OK,1,1.0,-0.3197
B007NH4C2K,1,5.0,0.9451
B007NH4FHW,1,5.0,0.6369
B007NIAQZG,1,4.0,0.9769
B007NIAQZQ,1,5.0,0.946
B007NIAR0K,1,5.0,0.9861
B007NIAR1Y,1,5.0,0.9716
B007NIASCM,1,5.0,0.9569
B007NIZM14,1,5.0,0.9814
B007NJXA9E,1,5.0,0.6369
B007NOJ58E,1,3.0,0.8979
B007NQN02O,1,1.0,-0.5106
B007NRQ52K,1,5.0,0.9694
B007NU3T3K,1,4.0,0.9874
B007NU4U1K,1,4.0,0.9595
B007NU60HC,1,5.0,0.8689
B007NVJ4CY,2,2.5,0.2152
B007NVZTO6,1,5.0,0.7351
B007NWJWCU,2,5.0,0.904
B007O17V2I,1,4.0,-0.3612
B007O5CO6M,1,4.0,0.9881
B007OADN6C,1,5.0,0.9844
B007OBWXN0,1,5.0,0.7184
B007OLXEX8,1,5.0,0.6997
B007OSBE1U,9,4.4444,0.6616
B007OSBEV0,12,4.9167,0.8686
B007OSBGOK,2,3.5,0.9052
B007OSSXBE,1,4.0,0.9442
B007OT23N2,1,3.0,0.9836
B007OT50VY,1,5.0,0.9231
B007OT5280,1,1.0,0.6293
B007OT56GI,1,5.0,0.9919
B007OVX77G,3,3.6667,0.778
B007OWIK90,1,5.0,0.9756
B007OWNJRS,1,1.0,0.7906
B007OWP35Y,1,5.0,0.7783
B007OWQD0S,1,5.0,0.8555
B007OXJJCQ,1,5.0,-0.4588
B007OXJJE4,5,4.0,0.5782
B007OXJJPI,8,4.5,0.5916
B007OXJJQ2,23,4.4783,0.8292
B007OXJK1Q,11,4.7273,0.831
B007OXJK3Y,27,3.5556,0.6353
B007OXJKCK,14,4.8571,0.7118
B007OXJKF2,16,3.9375,0.7421
B007OXJL0G,14,4.1429,0.7857
B007OXJL8I,6,4.5,0.65
B007OXJLM4,1,4.0,0.9722
B007OXJLR4,3,4.6667,0.6868
B007OXJLZQ,5,4.4,0.7133
B007OXJM6E,2,5.0,0.4041
B007OXJMD2,4,5.0,0.8096
B007OY1UR2,3,4.0,0.9553
B007OYUZIM,1,1.0,-0.2484
B007OZG814,1,2.0,0.9482
B007P02DQ2,1,3.0,0.4404
B007P2NQ84,1,5.0,0.9645
B007P2O4N0,1,3.0,-0.5574
B007P2O88G,1,1.0,-0.2263
B007P2OTCG,1,5.0,0.9595
B007P2P4S4,2,2.5,0.9665
B007P2PRTA,1,5.0,-0.0559
B007P38O6M,1,5.0,0.947
B007P3RHWY,1,5.0,0.7096
B007P3Y038,1,5.0,0.8173
B007P4BX1Y,1,1.0,0.34
B007P4X380,1,5.0,0.9382
B007P5NVBI,1,5.0,0.9042
B007P60UXE,1,5.0,0.9939
B007P6HUZ0,1,5.0,0.9869
B007P6HV5Y,1,5.0,0.9682
B007P6LIKS,2,5.0,0.9268
B007PA30TG,32,4.3125,0.7199
B007PA30XC,1,4.0,0.7783
B007PA30ZU,45,4.4222,0.7731
B007PA31TK,6,4.6667,0.6526
B007PA32KI,6,3.8333,0.6127
B007PA32KS,2,4.5,0.8064
B007PA32L2,39,4.0256,0.6745
B007PA32OE,31,4.2258,0.7267
B007PA33KM,24,4.4167,0.7778
B007PA33MA,7,4.1429,0.6518
B007PA33NY,58,4.5862,0.8471
B007PA33QG,3,5.0,0.6863
B007PA33TI,1,5.0,0.932
B007PA34CE,9,4.4444,0.7135
B007PA34DI,6,4.8333,0.91
B007PA34DS,9,4.0,0.8015
B007PA4UP4,1,5.0,0.9976
B007PDDFEI,1,5.0,0.8957
B007PE7ANY,24,4.25,0.8031
B007PEHCFK,1,5.0,0.9856
B007PEQKXA,3,5.0,0.9687
B007PHCSXS,1,5.0,0.2023
B007PJR0YS,1,4.0,0.9134
B007PKBH2I,1,5.0,0.4588
B007PM4PWK,1,5.0,0.9589
B007PM9H4G,1,5.0,0.6369
B007PM9JFS,1,5.0,0.7968
B007PM9MFU,1,1.0,0.891
B007PM9TPS,1,5.0,0.4215
B007PM9YLW,1,5.0,0.9676
B007POA176,1,5.0,0.8316
B007POT6RM,23,4.0,0.8319
B007POUP0O,1,5.0,0.9423
B007PR2APY,1,4.0,0.9643
B007PRXEZ4,1,5.0,0.9075
B007PS9HTU,2,4.0,0.8126
B007PSZCHG,2,5.0,0.8992
B007PUYTLY,2,3.0,0.926
B007PUYUG8,3,3.6667,0.7669
B007PUYV7G,3,5.0,0.9691
B007PXDYM6,1,5.0,0.8932
B007PXI6CO,1,5.0,0.9212
B007PY1E5O,1,5.0,0.9771
B007Q2GIGK,2,4.5,0.8897
B007Q3439S,1,5.0,0.4588
B007Q3VIAA,1,5.0,0.9814
B007QHB8J2,1,3.0,0.8555
B007QQE7K0,1,4.0,0.8402
B007QTQ95I,5,5.0,0.588
B007QTXI8O,1,5.0,0.9382
B007QW7DQY,1,5.0,0.8043
B007R0QX1G,1,5.0,0.9432
B007R1PGVS,9,4.0,0.7928
B007R4HG4K,3,3.3333,0.3694
B007R57JX2,1,5.0,0.9919
B007R6BBAS,1,5.0,0.7464
B007R6S6BK,1,5.0,0.0
B007R8SVNG,1,5.0,0.9118
B007R900WA,38,4.7895,0.8019
B007R9AG2O,1,5.0,0.765
B007R9C57I,1,4.0,0.8374
B007R9C5AU,1,4.0,0.8271
B007RALXIE,1,5.0,0.8126
B007RASUJO,1,4.0,0.9459
B007RFIUUI,1,5.0,0.9578
B007RFSQDO,1,5.0,0.9169
B007RFTR4Q,1,5.0,0.9907
B007RGLKR2,1,5.0,0.9896
B007RJE6M0,3,5.0,0.8868
B007RJELUM,1,5.0,0.9886
B007RKGJFQ,1,5.0,0.9501
B007RKK6YG,1,5.0,0.829
B007RLIYWG,1,2.0,-0.4215
B007RLRCLK,33,4.2424,0.6518
B007RMCW5U,1,5.0,0.624
B007RNTTZ0,1,5.0,0.9701
B007RQVQN0,1,3.0,0.3182
B007RTR898,22,3.7273,0.7553
B007RTR89S,20,4.1,0.8622
B007RTR8A2,19,4.3158,0.8782
B007RTR8AC,18,3.7222,0.8997
B007RTR8AM,16,4.1875,0.872
B007RTR8T8,18,4.0,0.7632
B007RTR8TS,16,3.875,0.8557
B007RTR8UC,12,4.5,0.9486
B007RTR8UM,14,3.5714,0.8727
B007RTR8UW,13,4.1538,0.8894
B007RTR9DS,33,2.697,0.7797
B007RTR9E2,15,3.8,0.8823
B007RTR9FQ,23,4.0,0.8688
B007RTR9G0,38,2.9737,0.7412
B007RTSPEU,1,5.0,0.9604
B007RVVXYW,1,5.0,0.9567
B007RXNKLE,1,5.0,0.2363
B007S11PCQ,1,5.0,0.9726
B007S6Y6VS,3,4.3333,0.9689
B007S6ZURW,1,5.0,0.947
B007S7ON8S,1,5.0,0.6901
B007SGEPNM,1,5.0,0.9476
B007SHZ7SS,1,5.0,0.9241
B007SI3WAM,3,3.3333,0.93
B007SM6Y62,1,5.0,0.9641
B007SM71IM,1,5.0,0.8911
B007SMGN9A,6,3.5,0.6053
B007SRY2XY,1,4.0,0.1531
B007SRY30Q,1,5.0,0.7964
B007SSZPSO,2,3.0,0.8926
B007STH5BS,1,5.0,0.8625
B007SVF26G,1,5.0,0.8481
B007SVH2R8,1,3.0,0.8363
B007SXH0ZA,1,5.0,0.9502
B007SYX9B8,1,5.0,0.5574
B007TB1SB8,1,5.0,0.8689
B007TBO6PI,2,5.0,0.9045
B007TC6X6M,1,1.0,-0.6032
B007TFO29Y,1,1.0,0.9753
B007TFO528,2,4.5,0.613
B007TFO672,1,5.0,0.5423
B007TFPHSO,1,5.0,0.9588
B007TG65LQ,1,5.0,0.9818
B007TG65MU,1,5.0,0.9818
B007TG76RS,1,5.0,0.9042
B007TGDXMK,40,4.35,0.8293
B007TGDXMU,26,4.4615,0.7922
B007TGDXNO,58,4.4138,0.7838
B007TGH4CK,2,5.0,0.931
B007TGO1TY,10,3.1,0.7471
B007TGO1U8,9,4.2222,0.927
B007TI4EX0,1,5.0,0.6903
B007TJGY46,78,4.3462,0.7855
B007TJGY4Q,28,4.0,0.8285
B007TJGY5K,30,4.2667,0.7247
B007TJGY6O,1,4.0,0.946
B007TJGZ0Y,19,4.1579,0.6417
B007TJGZ18,44,4.6364,0.868
B007TJGZ4A,41,4.3659,0.704
B007TJGZ54,51,4.3137,0.6624
B007TJGZ5E,26,4.6154,0.7871
B007TOI1L0,1,5.0,0.7351
B007TU2Y0I,2,5.0,0.8594
B007TUV59E,1,3.0,0.9591
B007TUXNJ4,1,5.0,0.91
B007TXTMFK,1,5.0,0.9735
B007U6I9GY,2,5.0,0.0015
B007U7JBEM,1,3.0,0.802
B007UANJNI,1,5.0,0.975
B007UE5VKS,1,4.0,0.9287
B007UI3JOO,1,3.0,0.8808
B007UL2910,5,3.8,0.7744
B007UOMOHG,1,5.0,0.926
B007UOMP98,2,5.0,0.8106
B007UPWYYI,1,5.0,0.6369
B007UQVPWO,1,5.0,0.9606
B007URZ4UW,1,5.0,0.9698
B007USBR2A,2,2.5,0.6716
B007UWNBYS,3,4.6667,0.7223
B007V2L8VK,1,5.0,0.8965
B007V2XOJE,1,5.0,0.9924
B007V64C28,1,1.0,0.5456
B007V86YL8,1,3.0,0.8807
B007VA2EOC,1,5.0,0.9464
B007VAPXB8,1,5.0,0.7909
B007VCF1TA,1,5.0,0.6629
B007VCF2QW,1,5.0,0.6872
B007VGFMEU,6,3.8333,0.6566
B007VLVE2E,1,2.0,-0.1531
B007VPGH04,1,5.0,0.886
B007W14RKE,1,3.0,0.9785
B007W14RMM,1,1.0,0.7845
B007W14RN6,1,5.0,0.9857
B007WFQ4EM,2,5.0,0.9608
B007WP3XU0,2,1.0,0.65
B007WPNFJ4,1,5.0,0.8255
B007WRNDHQ,1,4.0,0.6161
B007X820UK,1,5.0,0.9325
B007XE3RJM,1,5.0,0.8519
B007XJ53NK,1,5.0,0.9988
B007XJ53QW,1,5.0,0.8121
B007XK4YIY,1,5.0,0.9326
B007XKGH66,1,4.0,0.0332
B007XL07M0,1,4.0,0.8836
B007XL6A44,1,1.0,-0.4939
B007XPOTL6,1,2.0,-0.1531
B007XSZWAK,10,2.7,0.5895
B007XXLR18,1,5.0,0.9423
B007XXLWHW,1,5.0,0.8271
B007XZ1SJW,1,1.0,-0.1945
B007Y07GGU,1,5.0,0.9878
B007Y47M88,1,5.0,0.8689
B007Y4BIAQ,2,5.0,0.9766
B007Y4BIBK,1,1.0,0.8751
B007Y4D6W4,1,5.0,0.9795
B007Y59HVM,97,4.433,0.7969
B007Y5OUYQ,1,2.0,0.4019
B007Y8X1TS,1,5.0,0.7902
B007YB2WSG,1,4.0,0.8144
B007YBDNUM,1,5.0,0.6369
B007YLPEDG,1,5.0,0.0516
B007YMUIKY,1,1.0,-0.9146
B007YULKD0,1,5.0,0.9559
B007Z2WKZ4,1,5.0,0.9647
B007Z5264G,1,1.0,0.3182
B007Z5VNLI,5,4.8,0.5889
B007Z8IC82,1,5.0,0.9034
B007ZDL0Q8,1,1.0,0.34
B007ZEJBTA,1,1.0,-0.7579
B007ZEJIVQ,1,5.0,0.93
B007ZH8VRA,1,3.0,0.9001
B007ZI1PDQ,1,5.0,0.9091
B007ZI1SKG,3,3.3333,0.5828
B007ZI1X9C,1,5.0,0.6705
B007ZI1ZRC,2,5.0,0.92
B007ZI2256,3,2.3333,0.5416
B007ZI23VO,1,5.0,0.9337
B007ZJ0270,1,4.0,0.9843
B007ZN4H4U,1,5.0,0.5574
B007ZN5MTE,1,5.0,0.836
B007ZQMJA6,1,2.0,0.9585
B007ZRVC8K,1,5.0,0.9153
B007ZU3JAQ,1,1.0,0.1263
B007ZUFEDG,1,1.0,-0.1779
B007ZUFLY8,1,1.0,0.6893
B007ZUGZAW,1,5.0,0.9477
B007ZUH2U4,1,5.0,0.6369
B007ZUH4LG,1,1.0,0.6705
B007ZVIU1S,1,5.0,0.6597
B007ZVOU0I,2,2.5,0.7132
B007ZZDJXS,2,4.5,0.8346
B007ZZQAKM,2,4.5,0.5334
B008003QKI,1,5.0,0.9831
B008004X1Y,1,4.0,0.936
B00800525U,2,5.0,0.9514
B00802G1I0,1,5.0,0.8555
B00803238Q,1,5.0,0.991
B0080C963W,1,5.0,0.9873
B0080HFENI,1,5.0,0.9147
B0080IP5RW,1,4.0,0.8176
B0080JFYPE,1,5.0,0.8225
B0080JUT5O,1,4.0,0.7184
B0080LMFY0,2,3.0,0.9624
B0080M2940,1,4.0,0.0516
B0080RJWYU,1,5.0,0.875
B0080TOOHI,1,5.0,0.9382
B0080XQPSA,1,5.0,0.9384
B0080YLBTM,2,5.0,0.9475
B0080YNRQC,3,4.0,0.446
B0080ZC6QI,1,4.0,0.7453
B008114GDW,13,4.4615,0.862
B00811X8P4,1,5.0,0.9623
B00815FR68,1,4.0,0.6293
B00817FM3E,1,2.0,-0.5106
B00817GPWQ,34,4.1176,0.7185
B00817GYZO,2,4.5,0.7177
B0081B3D3G,1,5.0,0.8316
B0081GVC98,3,4.6667,0.3557
B0081INSMU,1,4.0,0.6929
B0081K9DFO,2,4.0,0.6586
B0081M0T0U,1,1.0,0.8669
B0081ODI1K,1,3.0,0.8319
B0081PH9P0,1,5.0,0.5719
B0081PH9U0,1,5.0,0.5719
B0081PH9YG,1,5.0,0.5719
B0081PLZ7I,1,5.0,0.9807
B0081TY5XU,1,1.0,0.836
B0081X097M,16,4.625,0.7394
B0081XIA1E,21,3.619,0.811
B0081XIAOQ,12,3.5,0.76
B0081XIASW,25,3.16,0.7961
B0081XIAUK,22,3.6364,0.7918
B0081XN81Q,1,5.0,0.9921
B0081XPTBS,53,4.2264,0.7912
B0081XSTGK,1,4.0,0.872
B0081XSTL0,2,3.0,0.1413
B0081Z1WQC,1,4.0,0.8756
B008216TWM,1,1.0,-0.25
B00821XY0W,1,4.0,0.992
B008230CAU,1,5.0,0.6435
B00823T1K2,4,4.0,0.7575
B00824FHL8,1,4.0,0.9451
B00826N2FY,1,5.0,0.9652
B0082AC1MU,1,5.0,0.9371
B0082C0RHO,1,5.0,0.9595
B0082GMOBW,1,3.0,0.5374
B0082IZ9PI,1,5.0,0.9061
B0082MKP0S,1,5.0,0.9774
B0082OCF8G,1,1.0,0.7783
B0082OCSYW,1,1.0,0.996
B0082P9C7M,3,5.0,0.9617
B0082PHH56,5,3.6,0.5454
B0083COD6O,1,5.0,0.9571
B0083EKMJ4,1,5.0,0.3859
B0083JP1K4,1,3.0,0.4588
B0083JTZ7O,1,5.0,0.8126
B0083KR8GS,1,5.0,0.9299
B0083LJBX0,1,5.0,0.7783
B0083LJD1A,4,5.0,0.9507
B0083LJEBO,1,5.0,0.7906
B0083LJKAE,1,5.0,0.9324
B0083MXY3W,1,4.0,0.9936
B0083P0HUW,1,5.0,-0.7096
B0083PEJQA,1,4.0,0.969
B0083PJ26W,1,2.0,0.886
B0083PK0ZY,1,5.0,0.8126
B0083PLE0O,1,5.0,0.8511
B0083PWO4O,1,4.0,0.7845
B0083PZBYY,1,5.0,0.8995
B0083Q4YIW,1,4.0,0.7964
B0083QBVEC,1,5.0,0.9845
B0083QBVEW,1,5.0,0.9845
B0083QBVGU,3,5.0,0.9612
B0083QBVHY,1,5.0,0.9786
B0083QBWKU,1,5.0,0.9905
B0083QJU0O,4,5.0,0.8213
B0083QJU54,2,5.0,0.8694
B0083QJU5O,10,4.6,0.8437
B0083QJU72,31,4.7419,0.7898
B0083QJUL8,10,4.6,0.825
B0083T5TAQ,51,3.1176,0.526
B0083T6HC0,41,3.5366,0.6563
B0083V9X10,2,5.0,0.7115
B0083WN1NU,1,1.0,0.9556
B0083WY8KU,1,5.0,0.4754
B0083XF6BO,1,5.0,0.836
B008403820,1,5.0,0.6412
B00840D582,1,2.0,0.4588
B00843RERW,1,5.0,0.9532
B00846YIGY,1,5.0,0.9381
B0084FBLSS,1,5.0,0.7778
B0084I208A,1,5.0,0.9686
B0084I9U8S,1,3.0,0.9243
B0084MBGNQ,1,5.0,0.5859
B0084QP4T4,1,5.0,0.6808
B0084QRZRS,1,4.0,0.9392
B0084R5VKA,1,5.0,0.9652
B0084V94RW,1,5.0,0.9441
B0084VBXPI,1,5.0,0.875
B0084WJDEK,1,5.0,0.9403
B0084X3IRM,1,5.0,0.8932
B0084X8I4A,1,5.0,0.9493
B0084XX6MY,2,5.0,0.9457
B0085268XS,1,1.0,-0.2023
B0085269KK,1,1.0,-0.2023
B008572JIG,2,3.5,0.8046
B00859FH7O,2,4.5,0.982
B0085E7B8W,9,4.6667,0.9485
B0085G49YO,6,3.8333,0.4945
B0085G4A7U,7,1.7143,0.2573
B0085G4ACA,4,4.0,0.7523
B0085HLZ4K,1,2.0,0.91
B0085KJGHA,1,1.0,0.0
B0085MLY5A,18,2.9444,0.3131
B0085O8SLG,1,3.0,0.5719
B0085P6LPU,1,5.0,0.2263
B0085RD0BQ,1,5.0,0.6511
B0085RSFES,3,5.0,0.8155
B0085RVRQQ,2,5.0,0.6515
B0085RVY0A,3,4.3333,0.6974
B0085TW042,1,5.0,0.9688
B0085V3YFO,2,4.5,0.8719
B0085WEDWQ,1,5.0,0.6901
B0085WIA66,1,1.0,0.7783
B0085XGAFI,3,5.0,0.9239
B0085YB426,22,4.0909,0.6305
B0085YB4DU,17,4.2941,0.634
B00863BJQM,1,4.0,0.9861
B00866AM2G,24,3.6667,0.5552
B0086A0NDK,1,1.0,0.9217
B0086FQYAQ,2,5.0,0.5482
B0086HCWKK,1,5.0,0.9772
B0086JRFHI,1,5.0,0.9482
B0086OLY0M,1,2.0,0.9472
B0086UI36O,1,5.0,0.8166
B0086VZ42O,1,4.0,0.1531
B00872572E,2,3.5,0.6584
B00874C9UA,1,5.0,0.9682
B00879LUEG,2,4.5,0.5482
B0087ACS5A,3,4.6667,0.9005
B0087ACTEU,1,4.0,0.9217
B0087BFE82,1,1.0,-0.9607
B0087DTQ5C,1,5.0,0.9022
B0087FJ23Q,3,4.3333,0.6164
B0087GG8OG,5,4.2,0.3887
B0087GGF62,3,4.3333,0.8101
B0087GGS3W,2,5.0,0.433
B0087GH4US,5,3.6,0.4215
B0087N3MOI,1,3.0,0.8658
B0087P66JO,1,1.0,-0.7003
B0087PHU4Y,1,1.0,0.2732
B0087PHUTO,1,5.0,0.5719
B0088129IO,2,5.0,0.8988
B00882BVRS,1,1.0,0.1513
B00884SQ5Q,1,5.0,0.9153
B00885H9R6,1,1.0,-0.4588
B00886JD24,1,5.0,-0.3245
B00886Q8TU,1,5.0,0.98
B00886QEIU,2,4.0,0.7709
B0088980MA,1,5.0,0.959
B00889EL96,1,5.0,0.7351
B00889ELM8,1,5.0,0.8885
B0088BE2SY,1,5.0,0.8779
B0088BE38S,1,5.0,0.9118
B0088BI6XG,1,2.0,0.3214
B0088JRMV0,1,5.0,0.9382
B0088JSODA,1,4.0,0.6901
B0088ML7SG,1,1.0,-0.7096
B0088OIA66,4,4.0,0.7964
B0088Q299I,1,5.0,0.3612
B0088X9886,1,5.0,0.8625
B0088YBUOU,9,3.8889,0.9152
B00897UVVE,2,5.0,0.8986
B0089A5Z4Y,1,5.0,0.624
B0089A62MS,1,5.0,0.993
B0089CLMLW,1,5.0,0.8957
B0089HI2L0,1,1.0,-0.4464
B0089Q2A8M,10,4.9,0.7513
B0089Q2AAA,5,5.0,0.6023
B0089SPDUW,14,4.6429,0.7011
B0089SPDWK,5,3.6,0.7798
B0089SPEM4,14,4.2857,0.8671
B0089SPENI,24,4.4167,0.6533
B0089SPEO2,10,4.4,0.7305
B0089WHTVE,1,5.0,0.8957
B0089X1L8U,4,3.75,0.7314
B0089X2PM6,3,5.0,0.7603
B0089XJ5WE,1,5.0,0.8805
B0089Y8CPY,1,5.0,0.9595
B008A0AM3C,1,4.0,0.9005
B008A8LO9A,1,1.0,-0.2796
B008ADBP3A,1,5.0,0.9812
B008ADQOC2,1,3.0,0.9921
B008ADQOJA,3,5.0,0.9808
B008ADQOL8,5,5.0,0.9489
B008ADQONG,3,5.0,0.9309
B008ADQP8K,1,5.0,0.9257
B008ADQPXA,1,5.0,0.9934
B008ADQQ7K,1,5.0,0.9954
B008ADQREW,1,4.0,0.9932
B008ADQRNS,2,5.0,0.982
B008ADQRYW,2,5.0,0.9933
B008ADQS9Q,1,5.0,0.9925
B008ADQSO6,2,4.5,0.9822
B008ADQSRS,3,5.0,0.976
B008ADQU58,1,3.0,0.9933
B008ADQVKC,1,4.0,0.9444
B008ADQW4M,1,5.0,0.9799
B008ADQWB0,2,4.5,0.8686
B008ADQWKQ,2,3.5,0.9841
B008ADQWO2,1,5.0,0.993
B008ADQXVE,1,4.0,0.9944
B008ADQZA8,1,5.0,0.99
B008ADR2G4,1,5.0,0.9939
B008ADR2HI,2,5.0,0.979
B008AKVH90,2,5.0,0.8356
B008ASM610,2,5.0,0.6846
B008ATDIDE,25,3.48,0.6495
B008AV5HLS,9,5.0,0.7657
B008B1SCJG,1,1.0,0.0665
B008B7FBD0,1,4.0,0.891
B008B80MF6,1,3.0,0.9893
B008B8VIBS,1,5.0,0.9788
B008BIT20W,1,5.0,0.9606
B008BLFCK8,4,4.5,0.7352
B008BLFFAK,11,4.3636,0.8737
B008BLFHLM,7,4.8571,0.8977
B008BLFJXI,11,3.5455,0.559
B008BONWIE,1,4.0,0.7964
B008BRZKTA,1,5.0,0.9699
B008BW2DNG,2,5.0,0.3888
B008BWHSDG,3,3.6667,0.8476
B008BWJ6CW,5,3.6,0.5459
B008BY7NSE,45,4.6444,0.7858
B008BY7O9W,33,4.5152,0.83
B008C15860,2,1.5,-0.262
B008C2JCUW,3,4.0,0.3231
B008C8CRVC,5,4.4,0.5279
B008C9QEVU,1,5.0,0.8481
B008CG3BW8,1,5.0,0.4019
B008CH7BAK,1,5.0,0.9413
B008CI27KS,1,4.0,0.2716
B008CKIG7Y,1,5.0,0.802
B008CR6ZSO,1,4.0,0.6486
B008CS1RC2,1,1.0,-0.7351
B008CTB5DW,1,5.0,0.8885
B008CTBGDG,2,5.0,0.8134
B008CTBK7S,21,4.0,0.7124
B008CV17T2,1,1.0,0.8658
B008CYMCS4,1,5.0,0.7591
B008D3BPSM,1,5.0,0.9852
B008D3BQWW,1,5.0,0.9852
B008D6G9Z8,1,5.0,0.9299
B008DJ0N5W,1,3.0,0.6124
B008DQ5HOW,1,5.0,0.9325
B008DQ6STU,1,1.0,-0.0828
B008DQ6SU4,1,3.0,0.868
B008DQ7182,1,5.0,0.9287
B008DQ76W8,1,3.0,0.4404
B008DQ7I3U,1,5.0,0.943
B008DUIRTU,1,3.0,0.891
B008DVCAU6,1,5.0,0.9382
B008DZHWY6,1,5.0,0.8481
B008E0BR46,1,5.0,0.9186
B008EDA48S,1,5.0,0.9432
B008EDA4EW,1,5.0,0.9432
B008EE2PRU,1,5.0,0.996
B008EE2PVG,1,5.0,0.996
B008EE64UY,1,4.0,0.3182
B008EF9GEY,1,5.0,0.6369
B008EG587C,1,5.0,0.9169
B008EG58V8,16,3.4375,0.7569
B008EG5ADY,18,4.2222,0.8445
B008EJRSTK,2,5.0,0.8855
B008EM51FA,8,4.75,0.7489
B008EMDU8U,1,5.0,0.7783
B008EMZJMU,1,5.0,0.987
B008EOE3KM,1,5.0,0.8807
B008EOQ2HO,2,5.0,0.9286
B008EXEMOU,1,5.0,0.9845
B008FE437E,1,5.0,0.6997
B008FHTTRA,1,5.0,0.8271
B008FHUCNU,19,4.6316,0.8249
B008FHUDW0,28,4.1429,0.7921
B008FHUFAU,30,4.0,0.7006
B008FHUGNQ,90,4.5222,0.8129
B008FHUKE6,41,4.0976,0.7592
B008FHUQJA,7,4.5714,0.8464
B008FHUS3O,11,4.6364,0.6228
B008FUDQTO,1,5.0,0.8481
B008FWOAEC,1,1.0,0.8834
B008FWOAXI,1,4.0,0.7494
B008FXKOI2,1,5.0,0.8947
B008FXKOKK,2,3.0,0.0535
B008G37TFM,1,5.0,0.9403
B008G37TT8,1,5.0,0.9403
B008GQ2JPO,1,5.0,0.8834
B008GRIB0A,30,3.8,0.6285
B008GRONV6,36,4.5556,0.606
B008GRPVI0,1,5.0,0.8807
B008GU31WK,1,2.0,-0.1725
B008GWKYLO,1,3.0,-0.5574
B008GWNWI6,2,3.0,0.8742
B008GWOFTG,2,5.0,0.4124
B008GWQVXY,1,5.0,0.9729
B008H60B1M,1,5.0,0.6369
B008H6GVPM,1,5.0,0.9246
B008H7ER2K,1,5.0,0.5719
B008H7HNXU,1,5.0,0.7269
B008H7U5HQ,1,5.0,0.8934
B008H7X8AM,1,5.0,0.9432
B008HAL7KC,1,5.0,0.7845
B008HRZ3GE,1,5.0,0.8885
B008HTSJN6,1,1.0,0.8225
B008HY8GQQ,1,1.0,-0.4287
B008I1XPKA,28,3.5714,0.6919
B008I1Y1WG,1,5.0,0.7964
B008I53R8G,1,5.0,0.7579
B008I5CLJM,2,3.5,0.7735
B008I6V5YI,1,5.0,0.7783
B008I99CPO,5,4.6,0.9294
B008IJAWK8,1,5.0,0.9723
B008IVJ0OA,1,5.0,0.2469
B008IY5EGK,1,5.0,0.8979
B008IY5EGU,11,4.0,0.8215
B008J1HO4C,89,4.8427,0.7875
B008J7GGVS,1,4.0,0.9666
B008JA73RG,3,3.3333,0.8706
B008JA7CRW,1,4.0,0.9809
B008JELG8E,1,5.0,0.9696
B008JHROIM,1,5.0,0.995
B008JHZ150,1,5.0,0.9819
B008JKSJJ2,66,4.4848,0.8031
B008JKTH2A,69,4.5507,0.817
B008JKTTUA,86,4.4186,0.8028
B008JKU2CO,57,4.2632,0.831
B008JV32B6,2,5.0,0.8164
B008JV35H2,1,5.0,0.9661
B008JV35JK,1,5.0,0.9643
B008K29CS6,2,4.5,0.8166
B008K9TDSS,4,5.0,0.8409
B008K9TIU6,1,1.0,0.8316
B008K9TJDM,16,4.375,0.7362
B008K9TOU0,12,4.0,0.5466
B008K9TQPS,11,4.9091,0.8953
B008KAOHLU,2,5.0,0.774
B008KNKEM8,1,3.0,0.6369
B008KPS6YY,1,5.0,0.7589
B008KZ5KWK,1,5.0,0.8126
B008KZ5KZ2,1,5.0,0.9776
B008L19Z5Q,1,5.0,0.9081
B008L1A0KK,1,5.0,0.9613
B008L1A0N2,1,5.0,0.875
B008L9O0W6,7,3.0,0.6661
B008LFAS08,1,5.0,0.9837
B008LN4HJ8,1,5.0,0.8225
B008LOMEU6,1,5.0,0.9292
B008LP09N4,1,5.0,0.9247
B008LU5R3Q,1,5.0,0.926
B008LU5RG8,1,5.0,0.9781
B008LUTRG4,5,5.0,0.8751
B008LUTRGE,4,5.0,0.6582
B008LWVTA4,1,5.0,0.9748
B008LXKEWC,1,5.0,0.9136
B008M845PI,7,3.8571,0.3714
B008M8XEVE,1,5.0,0.6705
B008MFFB1I,1,5.0,0.7845
B008MGF3PG,1,5.0,0.7269
B008MMFDLE,5,4.6,0.5402
B008MMJTKU,1,4.0,0.7003
B008MMTBCG,5,4.2,0.7912
B008MNDQ4O,2,4.0,0.125
B008MNDQPI,4,3.5,0.516
B008MOO6P6,1,5.0,0.9292
B008MPC2LK,2,4.5,0.8019
B008MQ1AY4,3,4.6667,0.793
B008MRSZWI,1,5.0,0.9382
B008MT1528,1,5.0,0.9062
B008MUOR9K,1,1.0,-0.3612
B008MV921W,1,5.0,0.7845
B008MXFV60,1,5.0,0.9756
B008MZGZCW,2,1.5,0.6226
B008MZMBBG,1,5.0,0.9874
B008N06K62,1,5.0,0.886
B008N06K8K,1,5.0,0.886
B008N8FCJU,2,1.5,-0.1018
B008N8FCTA,2,1.0,-0.2897
B008N8FD30,2,1.5,0.0129
B008N8FDAS,2,2.5,0.038
B008N9KJ2O,1,5.0,0.9855
B008NAHVE2,1,5.0,0.891
B008NARD4U,1,5.0,0.8479
B008NC94DQ,1,5.0,0.9216
B008NDSMT2,5,4.2,0.4488
B008NDSNAU,5,4.8,0.6767
B008NDSNH8,2,5.0,0.4658
B008NH7AUA,1,5.0,-0.3612
B008NIYOH6,2,4.5,0.9172
B008NNXXLO,1,5.0,0.9116
B008NXYB8S,1,5.0,0.9738
B008O0J1ZI,1,5.0,0.9839
B008O2EHNC,12,4.5833,0.6366
B008O3G25W,30,4.0333,0.9455
B008O3G2GG,30,3.8,0.8431
B008O3G2K2,31,3.6129,0.9356
B008O7FZ9C,1,5.0,0.9732
B008O95BTE,1,1.0,-0.7184
B008OBE92W,1,1.0,-0.5267
B008ODE4WK,1,5.0,0.93
B008OGD38I,1,5.0,0.6597
B008OISJQC,1,5.0,0.9578
B008OISJS0,1,5.0,0.9294
B008OSHLHA,1,5.0,0.8316
B008OUM9PC,1,5.0,0.8402
B008OV8RE8,1,4.0,0.9756
B008OV91VQ,1,5.0,0.9129
B008OX8KZM,2,5.0,0.9118
B008OYIDN0,1,5.0,-0.1027
B008P0D1N0,1,5.0,0.9808
B008PGNYMC,1,5.0,0.9858
B008PHMQT8,1,3.0,0.831
B008PSM0BQ,1,4.0,0.8658
B008PWYSU8,1,5.0,0.765
B008PYVINQ,1,2.0,-0.5423
B008Q5BFIW,1,4.0,0.7964
B008QLRHDS,2,2.0,0.2938
B008QLRI4G,5,5.0,0.8
B008QLRIQY,7,4.1429,0.8469
B008QLRJH2,3,4.0,0.7703
B008QZONQI,1,4.0,0.8126
B008R2VE8K,1,5.0,0.8316
B008R7HKPQ,1,5.0,0.8625
B008RB8V8C,1,5.0,0.9307
B008RBAUTK,1,4.0,0.9548
B008RFRPEE,1,5.0,0.9238
B008RKGG9Y,1,3.0,0.8481
B008RMU23S,1,5.0,0.4939
B008RRJCDY,1,5.0,0.7269
B008RWUHA6,50,4.28,0.9411
B008RWUKXK,53,4.0189,0.9227
B008S5E8CA,1,5.0,0.9028
B008S5H5GG,1,4.0,0.9136
B008S5H7IM,1,5.0,0.9661
B008S5KWWU,1,3.0,-0.3182
B008S5KXGK,1,5.0,0.8122
B008S5KXTW,1,5.0,0.8122
B008S5LRKQ,1,5.0,0.9758
B008S5LSXW,1,5.0,0.9758
B008SBQIZ4,2,5.0,0.9215
B008SG3MF8,1,5.0,0.9892
B008SZYE2Y,1,5.0,0.9172
B008TA9ABS,1,1.0,-0.128
B008TAWJ0W,5,3.8,0.6747
B008TAWJ5C,1,5.0,0.9486
B008TGAWUU,2,5.0,0.9512
B008U0DWV6,1,5.0,0.9795
B008UD1WYW,1,2.0,0.6808
B008UDP8KG,1,4.0,0.6124
B008UDPA1S,3,3.3333,0.4309
B008UDPCU2,2,2.5,0.1471
B008VH3NRQ,1,5.0,0.9382
B008VHEJS8,1,5.0,0.9355
B008VQ01Y0,5,4.8,0.8924
B008VQ07ZI,1,1.0,-0.6486
B008VSZ9JK,1,1.0,0.0772
B008VT0VEM,1,4.0,0.9781
B008W6VHC4,1,5.0,0.961
B008WFJMFO,1,5.0,0.9758
B008WMOAOU,1,5.0,0.6991
B008X5BNR8,1,5.0,0.9311
B008XCHNSE,1,5.0,0.9022
B008XDL438,1,2.0,0.8225
B008XOKY1U,6,3.6667,0.3308
B008XUMLL0,1,5.0,0.9904
B008Y54Q8K,1,5.0,-0.0516
B008Y5NCRQ,1,5.0,0.5719
B008Y5NGWM,1,4.0,0.9201
B008YA19US,1,5.0,0.9169
B008YA1DZE,11,4.4545,0.6944
B008YA1LQK,14,4.2857,0.6557
B008YA1NWC,24,4.1667,0.8712
B008YA1P9I,1,5.0,0.9585
B008YA1R8W,6,4.8333,0.8363
B008YAXFWI,1,4.0,0.9716
B008YC9SMW,1,5.0,0.734
B008YDK8SO,1,5.0,0.9558
B008YDRKT4,1,5.0,0.9766
B008YFFNJ6,1,5.0,0.969
B008YJ2322,1,5.0,0.128
B008YJBZAS,1,5.0,0.8479
B008YLTXBY,2,5.0,0.8818
B008YOQ82I,1,5.0,0.9555
B008Z4VAPM,3,3.6667,0.8449
B008ZB4WKU,3,5.0,0.7353
B008ZKPZDY,1,5.0,0.8617
B008ZRKZSM,44,4.5,0.6715
B009062AQW,1,5.0,0.9186
B00907O6HW,1,3.0,0.9359
B0090DY4WS,1,4.0,0.6839
B0090DYMCA,1,5.0,0.8235
B0090G84X0,1,5.0,0.926
B0090OJ0OY,4,5.0,0.7391
B0090OU61K,1,5.0,0.9517
B0090X8IPM,82,3.7195,0.8387
B0090X8JUG,6,3.0,0.0577
B00910LUQS,1,5.0,0.9582
B00910LWI4,1,5.0,0.9062
B00914BS6G,2,4.0,0.463
B00914W9QO,3,5.0,0.9582
B00915BHWU,1,5.0,0.9709
B0091EYBIS,1,4.0,0.9001
B0092VQ86I,2,5.0,0.9825
B0092VQ98A,1,4.0,0.9877
B0092VQ9RQ,1,4.0,0.9964
B0092VQC3W,1,5.0,0.8549
B0092VQEZS,1,5.0,0.719
B0092VQHDW,3,5.0,0.9828
B0092VQKR0,3,5.0,0.9885
B0092VQLZG,2,5.0,0.9948
B0092WLLZK,2,3.0,0.8668
B0092X768K,1,4.0,0.4939
B0092X791E,1,5.0,0.9646
B0092X7BLC,1,5.0,0.9646
B0092X7IY2,2,3.0,0.9446
B0092X7OGY,1,5.0,0.9423
B00934MIHM,1,5.0,0.9819
B0093A5PDK,1,5.0,0.9793
B0093A5SH8,1,4.0,0.9908
B0093A5WG0,3,4.6667,0.9551
B0093A5XC8,3,4.3333,0.9818
B0093NIBOW,1,5.0,0.6249
B0093NJ1MI,1,5.0,0.93
B0093NJM7C,1,4.0,0.9246
B0093NJTXY,1,1.0,-0.4541
B0093NJV0K,1,1.0,-0.4541
B0094C0Q8Q,2,4.0,0.7364
B0094JPM1K,5,4.8,0.8542
B0094Q4WSM,1,5.0,0.9062
B0094Z2DL6,1,3.0,0.0772
B0094Z2EOW,2,1.0,-0.102
B0094Z2IU2,1,1.0,0.8862
B0094Z2JMY,1,1.0,-0.9095
B00954NY46,40,4.675,0.8277
B00954NYVY,25,4.48,0.825
B0095CN6SC,1,4.0,0.9246
B0095KATS4,10,3.8,0.6162
B0095PP9XY,1,5.0,0.4404
B0095WTUUA,1,5.0,0.9831
B0096ARSSW,5,2.6,0.4789
B0096AUTLU,1,5.0,0.8805
B0096BR5O8,3,4.6667,0.8127
B0096E4V4M,1,5.0,0.9423
B0096EZHM2,14,4.3571,0.7743
B0096PKSAC,2,4.5,0.9241
B0096RP84Q,2,5.0,0.6082
B0096RP89G,1,5.0,0.9658
B0096S2DG6,2,5.0,0.713
B0096S2E10,1,5.0,0.945
B0096XI7F2,1,4.0,0.9524
B00975HC9G,5,4.6,0.8436
B0097A2688,1,5.0,0.7506
B0097C1SIU,1,3.0,0.8442
B0097UW3EK,1,5.0,0.875
B0097XMRHA,1,5.0,0.5764
B0098C68SO,1,2.0,0.8894
B0098C6AKK,6,4.1667,0.6417
B0098C6B36,4,5.0,0.8924
B0098M1NL6,1,5.0,0.7512
B0098WV8F2,46,4.4348,0.7301
B0099AUJBW,2,5.0,0.9704
B0099HD3YA,8,1.75,0.4598
B0099OQLYM,1,5.0,0.9382
B009A0BWZS,1,5.0,0.3182
B009AFH6Y4,12,3.1667,0.4849
B009AFJ3I6,11,4.3636,0.8728
B009AFJ548,6,4.3333,0.9015
B009AVD282,3,4.6667,0.8422
B009B0V8V0,2,3.5,0.7112
B009B0V97S,3,4.6667,0.8446
B009B0VBR6,3,4.3333,0.663
B009B87MX0,1,1.0,-0.541
B009B87ORY,1,5.0,0.9496
B009B87RWG,3,3.6667,0.9196
B009B87SAC,14,3.1429,0.3207
B009C9BPDG,3,3.6667,0.6846
B009CXKH54,1,5.0,0.9413
B009D53U6Y,3,3.0,0.5136
B009D53XKC,1,5.0,0.9607
B009D54BCQ,1,1.0,0.4404
B009DQIH0W,2,5.0,0.6852
B009DR3GYI,1,5.0,0.9399
B009E7YC54,53,4.6792,0.7791
B009EF4UYE,2,5.0,0.9118
B009EFEX32,1,5.0,0.8271
B009EOLK0C,1,5.0,0.8519
B009ETMSUS,1,1.0,-0.1556
B009EXL6IO,1,3.0,0.8934
B009FGOK1A,1,5.0,0.9552
B009GA6V0S,2,4.5,0.8164
B009GAJ5QK,1,5.0,0.6124
B009GHI5Q4,15,3.4,0.5004
B009GHI6I6,4,3.0,0.363
B009GTIHG0,1,5.0,0.9705
B009GUDS0Y,1,5.0,0.875
B009HFZS1A,2,4.5,0.8164
B009HINS9Q,1,5.0,0.9001
B009HINSH8,2,5.0,0.9105
B009HXB2JO,5,4.8,0.8704
B009I31XNI,1,5.0,0.9061
B009IQLAQK,1,5.0,0.9268
B009JMD4YY,1,5.0,0.4939
B009JZBS3U,1,5.0,0.9702
B009K2BBQG,4,5.0,0.9466
B009K2BBT8,3,5.0,0.8635
B009KAQW12,2,4.0,0.2492
B009KAQZIM,1,4.0,0.9005
B009KUFALA,1,5.0,0.9403
B009L5LIVA,1,5.0,0.926
B009L90JNY,1,2.0,0.875
B009LAXHGY,3,4.6667,0.6757
B009M2LPHO,9,3.8889,0.6314
B009M2LRTA,5,3.6,0.5762
B009M2LUEW,10,3.6,0.9126
B009M4JDWQ,1,4.0,0.5106
B009MRNOR8,1,1.0,0.6778
B009NN54I8,1,5.0,0.7906
B009NTCO4O,3,5.0,0.9447
B009NTCOFI,1,4.0,0.7845
B009NY1MC4,3,4.6667,0.8765
B009O0U2SW,2,5.0,0.8979
B009O7DGEW,1,5.0,0.93
B009PFJUF2,1,5.0,0.5859
B009PIEW3O,1,5.0,0.9665
B009QEBGIQ,5,4.8,0.5582
B009QNJRSS,1,5.0,0.5859
B009RB4GO4,49,3.1429,0.5331
B009RSR8HO,2,5.0,0.7218
B009SF0TN6,1,5.0,0.9393
B009SMKESO,1,4.0,0.7845
